date,dyear/time,date time,site,visibility,conditions,notes,Report_Year,Report_Time_Local_String,Full_Local_Timestamp_String,DateTime_Local_Naive,DateTime_WAT,DateTime_UTC,Date_UTC,Time_UTC
May 11,"2025, 9 a.m.",11-May-25   9 a.m.,North Mole Fremantle (NMF),6,Fair,4-6m,2025,9 AM,May 11 2025 9 AM,2025-05-11 09:00:00,2025-05-11 09:00:00+08:00,2025-05-11 01:00:00+00:00,2025-05-11,01:00:00
April 21,"2025, 2 p.m.",21-Apr-25   2 p.m.,Rottnest South (RTS),7,Fair,Stragglers barge,2025,2 PM,April 21 2025 2 PM,2025-04-21 14:00:00,2025-04-21 14:00:00+08:00,2025-04-21 06:00:00+00:00,2025-04-21,06:00:00
April 21,"2025, noon",21-Apr-25   12 p.m.,K XI Submarine wreck (KXI),10,Fair,-,2025,12 PM,April 21 2025 12 PM,2025-04-21 12:00:00,2025-04-21 12:00:00+08:00,2025-04-21 04:00:00+00:00,2025-04-21,04:00:00
April 21,"2025, 9 a.m.",21-Apr-25   9 a.m.,Ammo Jetty (AMJ),1,Fair,"Terrible vis, turn around 🤣",2025,9 AM,April 21 2025 9 AM,2025-04-21 09:00:00,2025-04-21 09:00:00+08:00,2025-04-21 01:00:00+00:00,2025-04-21,01:00:00
April 18,"2025, 10 a.m.",18-Apr-25   10 a.m.,K XI Submarine wreck (KXI),10,Fair,-,2025,10 AM,April 18 2025 10 AM,2025-04-18 10:00:00,2025-04-18 10:00:00+08:00,2025-04-18 02:00:00+00:00,2025-04-18,02:00:00
April 18,"2025, 10 a.m.",18-Apr-25   10 a.m.,Port Beach (PRT),2,Windy,Very milky,2025,10 AM,April 18 2025 10 AM,2025-04-18 10:00:00,2025-04-18 10:00:00+08:00,2025-04-18 02:00:00+00:00,2025-04-18,02:00:00
April 6,"2025, 8 a.m.",6-Apr-25   8 a.m.,Ammo Jetty (AMJ),6,Fair,Milky but good vis,2025,8 AM,April 6 2025 8 AM,2025-04-06 08:00:00,2025-04-06 08:00:00+08:00,2025-04-06 00:00:00+00:00,2025-04-06,00:00:00
April 5,"2025, 4 p.m.",5-Apr-25   4 p.m.,South Cottesloe Reef (SCR),3,Fair,Better further out,2025,4 PM,April 5 2025 4 PM,2025-04-05 16:00:00,2025-04-05 16:00:00+08:00,2025-04-05 08:00:00+00:00,2025-04-05,08:00:00
April 5,"2025, 4 p.m.",5-Apr-25   4 p.m.,South Cottesloe Reef (SCR),4,Fair,Could see Patrick swimming around,2025,4 PM,April 5 2025 4 PM,2025-04-05 16:00:00,2025-04-05 16:00:00+08:00,2025-04-05 08:00:00+00:00,2025-04-05,08:00:00
March 31,"2025, 10 a.m.",31-Mar-25   10 a.m.,Ammo Jetty (AMJ),2,Glassy,"Pretty good for this site! Lots to see, worth the trip",2025,10 AM,March 31 2025 10 AM,2025-03-31 10:00:00,2025-03-31 10:00:00+08:00,2025-03-31 02:00:00+00:00,2025-03-31,02:00:00
March 29,"2025, 11 a.m.",29-Mar-25   11 a.m.,South Cottesloe Reef (SCR),3,Fair,"Fair conditions, visibility not great.",2025,11 AM,March 29 2025 11 AM,2025-03-29 11:00:00,2025-03-29 11:00:00+08:00,2025-03-29 03:00:00+00:00,2025-03-29,03:00:00
March 28,"2025, 8 a.m.",28-Mar-25   8 a.m.,South Cottesloe Reef (SCR),10,Fair,Excellent conditions on the outside reef,2025,8 AM,March 28 2025 8 AM,2025-03-28 08:00:00,2025-03-28 08:00:00+08:00,2025-03-28 00:00:00+00:00,2025-03-28,00:00:00
March 27,"2025, 9 a.m.",27-Mar-25   9 a.m.,Woodman Point (WOO),2,Fair,North side. Really good until about half way along wall then really silty,2025,9 AM,March 27 2025 9 AM,2025-03-27 09:00:00,2025-03-27 09:00:00+08:00,2025-03-27 01:00:00+00:00,2025-03-27,01:00:00
March 26,"2025, 11 a.m.",26-Mar-25   11 a.m.,Hillarys (HIL),2,Fair,Along Hillarys wall north side Whitfords Beach. Very average vis.,2025,11 AM,March 26 2025 11 AM,2025-03-26 11:00:00,2025-03-26 11:00:00+08:00,2025-03-26 03:00:00+00:00,2025-03-26,03:00:00
March 18,"2025, noon",18-Mar-25   12 p.m.,Rockingham Dive Trail (RKM),3,Fair,Bit murky but still enjoyable,2025,12 PM,March 18 2025 12 PM,2025-03-18 12:00:00,2025-03-18 12:00:00+08:00,2025-03-18 04:00:00+00:00,2025-03-18,04:00:00
March 17,"2025, 2 p.m.",17-Mar-25   2 p.m.,Point Peron (PPR),8,Fair,-,2025,2 PM,March 17 2025 2 PM,2025-03-17 14:00:00,2025-03-17 14:00:00+08:00,2025-03-17 06:00:00+00:00,2025-03-17,06:00:00
March 16,"2025, 5 p.m.",16-Mar-25   5 p.m.,Ammo Jetty (AMJ),1,Fair,-,2025,5 PM,March 16 2025 5 PM,2025-03-16 17:00:00,2025-03-16 17:00:00+08:00,2025-03-16 09:00:00+00:00,2025-03-16,09:00:00
March 16,"2025, 11 a.m.",16-Mar-25   11 a.m.,Rockingham Dive Trail (RKM),5,Windy,Vis ok until the bottom was disturbed. Better in close.,2025,11 AM,March 16 2025 11 AM,2025-03-16 11:00:00,2025-03-16 11:00:00+08:00,2025-03-16 03:00:00+00:00,2025-03-16,03:00:00
March 16,"2025, 10 a.m.",16-Mar-25   10 a.m.,Blackwall Reach (BWR),1,Fair,-,2025,10 AM,March 16 2025 10 AM,2025-03-16 10:00:00,2025-03-16 10:00:00+08:00,2025-03-16 02:00:00+00:00,2025-03-16,02:00:00
March 13,"2025, 8 p.m.",13-Mar-25   8 p.m.,Rottnest North (RNN),12,Fair,Cowrie Reef night dive. Some silt,2025,8 PM,March 13 2025 8 PM,2025-03-13 20:00:00,2025-03-13 20:00:00+08:00,2025-03-13 12:00:00+00:00,2025-03-13,12:00:00
March 13,"2025, 8 a.m.",13-Mar-25   8 a.m.,Robbs Jetty (ROB),2,Fair,-,2025,8 AM,March 13 2025 8 AM,2025-03-13 08:00:00,2025-03-13 08:00:00+08:00,2025-03-13 00:00:00+00:00,2025-03-13,00:00:00
March 9,"2025, 10 a.m.",9-Mar-25   10 a.m.,Ammo Jetty (AMJ),4,Fair,Better until the bottom got stirred up,2025,10 AM,March 9 2025 10 AM,2025-03-09 10:00:00,2025-03-09 10:00:00+08:00,2025-03-09 02:00:00+00:00,2025-03-09,02:00:00
March 9,"2025, 9 a.m.",9-Mar-25   9 a.m.,Kwinana Grain Terminal (KGT),3,Fair,Murky with lots of freshwater mixing making things look out of focus,2025,9 AM,March 9 2025 9 AM,2025-03-09 09:00:00,2025-03-09 09:00:00+08:00,2025-03-09 01:00:00+00:00,2025-03-09,01:00:00
March 6,"2025, 4 p.m.",6-Mar-25   4 p.m.,Coogee Maritime Trail (CMT),8,Glassy,"A little murk in the water, lots kicked up by divers. 4m in close, 8m further out.",2025,4 PM,March 6 2025 4 PM,2025-03-06 16:00:00,2025-03-06 16:00:00+08:00,2025-03-06 08:00:00+00:00,2025-03-06,08:00:00
March 6,"2025, 9 a.m.",6-Mar-25   9 a.m.,Woodman Point (WOO),2,Windy,Pea and ham soup! Strong easterlies,2025,9 AM,March 6 2025 9 AM,2025-03-06 09:00:00,2025-03-06 09:00:00+08:00,2025-03-06 01:00:00+00:00,2025-03-06,01:00:00
March 3,"2025, 1 p.m.",3-Mar-25   1 p.m.,Rockingham Dive Trail (RKM),2,Glassy,Green water. Lots of fish. Octopus.,2025,1 PM,March 3 2025 1 PM,2025-03-03 13:00:00,2025-03-03 13:00:00+08:00,2025-03-03 05:00:00+00:00,2025-03-03,05:00:00
March 3,"2025, 9 a.m.",3-Mar-25   9 a.m.,K XI Submarine wreck (KXI),15,Fair,UWA Underwater Club dive,2025,9 AM,March 3 2025 9 AM,2025-03-03 09:00:00,2025-03-03 09:00:00+08:00,2025-03-03 01:00:00+00:00,2025-03-03,01:00:00
March 3,"2025, 8 a.m.",3-Mar-25   8 a.m.,Woodman Point (WOO),4,Fair,Typical SOR snot,2025,8 AM,March 3 2025 8 AM,2025-03-03 08:00:00,2025-03-03 08:00:00+08:00,2025-03-03 00:00:00+00:00,2025-03-03,00:00:00
March 2,"2025, 11 a.m.",2-Mar-25   11 a.m.,Kwinana Grain Terminal (KGT),5,Glassy,"Lots to see. Eagle rays, octopus, nudi's",2025,11 AM,March 2 2025 11 AM,2025-03-02 11:00:00,2025-03-02 11:00:00+08:00,2025-03-02 03:00:00+00:00,2025-03-02,03:00:00
March 2,"2025, 9 a.m.",2-Mar-25   9 a.m.,South Cottesloe Reef (SCR),7,Fair,Bit surgey but decent conditions overall,2025,9 AM,March 2 2025 9 AM,2025-03-02 09:00:00,2025-03-02 09:00:00+08:00,2025-03-02 01:00:00+00:00,2025-03-02,01:00:00
Feb. 28,"2025, 9 a.m.",28-Feb-25   9 a.m.,Woodman Point (WOO),5,Fair,"South side of groin. Calm from 830-1030am, nice and sunny.",2025,9 AM,Feb 28 2025 9 AM,2025-02-28 09:00:00,2025-02-28 09:00:00+08:00,2025-02-28 01:00:00+00:00,2025-02-28,01:00:00
Feb. 27,"2025, 9 a.m.",27-Feb-25   9 a.m.,Woodman Point (WOO),4,Fair,"South side of groin. Choppy at 8am, calm at 9am, rough by 10:30am. Overcast.",2025,9 AM,Feb 27 2025 9 AM,2025-02-27 09:00:00,2025-02-27 09:00:00+08:00,2025-02-27 01:00:00+00:00,2025-02-27,01:00:00
Feb. 26,"2025, 10 a.m.",26-Feb-25   10 a.m.,Woodman Point (WOO),5,Fair,"South side of groin. Vis much better than expected, mild surge, minimal debris.",2025,10 AM,Feb 26 2025 10 AM,2025-02-26 10:00:00,2025-02-26 10:00:00+08:00,2025-02-26 02:00:00+00:00,2025-02-26,02:00:00
Feb. 24,"2025, 9 p.m.",24-Feb-25   9 p.m.,Rottnest North (RNN),12,Fair,Near North Point 10-12 but cloudy.,2025,9 PM,Feb 24 2025 9 PM,2025-02-24 21:00:00,2025-02-24 21:00:00+08:00,2025-02-24 13:00:00+00:00,2025-02-24,13:00:00
Feb. 24,"2025, 10 a.m.",24-Feb-25   10 a.m.,K XI Submarine wreck (KXI),25,Fair,-,2025,10 AM,Feb 24 2025 10 AM,2025-02-24 10:00:00,2025-02-24 10:00:00+08:00,2025-02-24 02:00:00+00:00,2025-02-24,02:00:00
Feb. 20,"2025, 7 p.m.",20-Feb-25   7 p.m.,Woodman Point (WOO),3,Fair,Not too bad. Bit murky to start but cleaned up around the point.,2025,7 PM,Feb 20 2025 7 PM,2025-02-20 19:00:00,2025-02-20 19:00:00+08:00,2025-02-20 11:00:00+00:00,2025-02-20,11:00:00
Feb. 15,"2025, 10 a.m.",15-Feb-25   10 a.m.,Coogee Maritime Trail (CMT),7,Glassy,-,2025,10 AM,Feb 15 2025 10 AM,2025-02-15 10:00:00,2025-02-15 10:00:00+08:00,2025-02-15 02:00:00+00:00,2025-02-15,02:00:00
Feb. 13,"2025, 10 a.m.",13-Feb-25   10 a.m.,Coogee Maritime Trail (CMT),8,Glassy,-,2025,10 AM,Feb 13 2025 10 AM,2025-02-13 10:00:00,2025-02-13 10:00:00+08:00,2025-02-13 02:00:00+00:00,2025-02-13,02:00:00
Feb. 9,"2025, 11 a.m.",9-Feb-25   11 a.m.,Marmion Reef (MAR),3,Glassy,"Long slow swell, reaching deep and throwing divers around. Horrible viz at Marmion reef.",2025,11 AM,Feb 9 2025 11 AM,2025-02-09 11:00:00,2025-02-09 11:00:00+08:00,2025-02-09 03:00:00+00:00,2025-02-09,03:00:00
Feb. 9,"2025, 10 a.m.",9-Feb-25   10 a.m.,Rottnest South (RTS),20,Fair,Crystal Palace,2025,10 AM,Feb 9 2025 10 AM,2025-02-09 10:00:00,2025-02-09 10:00:00+08:00,2025-02-09 02:00:00+00:00,2025-02-09,02:00:00
Feb. 9,"2025, 9 a.m.",9-Feb-25   9 a.m.,Rockingham Dive Trail (RKM),6,Fair,-,2025,9 AM,Feb 9 2025 9 AM,2025-02-09 09:00:00,2025-02-09 09:00:00+08:00,2025-02-09 01:00:00+00:00,2025-02-09,01:00:00
Feb. 9,"2025, 8 a.m.",9-Feb-25   8 a.m.,Kwinana Grain Terminal (KGT),2,Fair,-,2025,8 AM,Feb 9 2025 8 AM,2025-02-09 08:00:00,2025-02-09 08:00:00+08:00,2025-02-09 00:00:00+00:00,2025-02-09,00:00:00
Feb. 2,"2025, 9 a.m.",2-Feb-25   9 a.m.,Ammo Jetty (AMJ),3,Fair,Vis 2-3m. Cloudy and pretty grim. Good dive though.,2025,9 AM,Feb 2 2025 9 AM,2025-02-02 09:00:00,2025-02-02 09:00:00+08:00,2025-02-02 01:00:00+00:00,2025-02-02,01:00:00
Feb. 2,"2025, 9 a.m.",2-Feb-25   9 a.m.,Coogee Maritime Trail (CMT),4,Glassy,Flat and calm but quite green and silty still.,2025,9 AM,Feb 2 2025 9 AM,2025-02-02 09:00:00,2025-02-02 09:00:00+08:00,2025-02-02 01:00:00+00:00,2025-02-02,01:00:00
Jan. 31,"2025, 8 a.m.",31-Jan-25   8 a.m.,South Fremantle (FRE),4,Fair,Bathers Bay better around pylons to the south,2025,8 AM,Jan 31 2025 8 AM,2025-01-31 08:00:00,2025-01-31 08:00:00+08:00,2025-01-31 00:00:00+00:00,2025-01-31,00:00:00
Jan. 30,"2025, 11 a.m.",30-Jan-25   11 a.m.,Point Peron (PPR),5,Fair,Vis better in shore,2025,11 AM,Jan 30 2025 11 AM,2025-01-30 11:00:00,2025-01-30 11:00:00+08:00,2025-01-30 03:00:00+00:00,2025-01-30,03:00:00
Jan. 29,"2025, 4 p.m.",29-Jan-25   4 p.m.,Rockingham Dive Trail (RKM),5,Fair,palm beach jetty,2025,4 PM,Jan 29 2025 4 PM,2025-01-29 16:00:00,2025-01-29 16:00:00+08:00,2025-01-29 08:00:00+00:00,2025-01-29,08:00:00
Jan. 27,"2025, 9 a.m.",27-Jan-25   9 a.m.,Woodman Point (WOO),5,Windy,Snotty and green. Vis seemed a bit better in the shallows on the south side of the groyne.,2025,9 AM,Jan 27 2025 9 AM,2025-01-27 09:00:00,2025-01-27 09:00:00+08:00,2025-01-27 01:00:00+00:00,2025-01-27,01:00:00
Jan. 27,"2025, 9 a.m.",27-Jan-25   9 a.m.,Point Peron (PPR),6,Fair,-,2025,9 AM,Jan 27 2025 9 AM,2025-01-27 09:00:00,2025-01-27 09:00:00+08:00,2025-01-27 01:00:00+00:00,2025-01-27,01:00:00
Jan. 18,"2025, 9 a.m.",18-Jan-25   9 a.m.,Ex-HMAS Swan Wreck (SWA),15,Fair,-,2025,9 AM,Jan 18 2025 9 AM,2025-01-18 09:00:00,2025-01-18 09:00:00+08:00,2025-01-18 01:00:00+00:00,2025-01-18,01:00:00
Jan. 15,"2025, 7 a.m.",15-Jan-25   7 a.m.,Ammo Jetty (AMJ),4,Fair,-,2025,7 AM,Jan 15 2025 7 AM,2025-01-15 07:00:00,2025-01-15 07:00:00+08:00,2025-01-14 23:00:00+00:00,2025-01-14,23:00:00
Jan. 12,"2025, 11 a.m.",12-Jan-25   11 a.m.,Rottnest South (RTS),20,Fair,Crystal palace. Good vis strong swell,2025,11 AM,Jan 12 2025 11 AM,2025-01-12 11:00:00,2025-01-12 11:00:00+08:00,2025-01-12 03:00:00+00:00,2025-01-12,03:00:00
Jan. 12,"2025, 9 a.m.",12-Jan-25   9 a.m.,Rottnest North (RNN),12,Fair,Roe reef. Bit green. Big schools of anchovies. Swelly,2025,9 AM,Jan 12 2025 9 AM,2025-01-12 09:00:00,2025-01-12 09:00:00+08:00,2025-01-12 01:00:00+00:00,2025-01-12,01:00:00
Jan. 12,"2025, 8 a.m.",12-Jan-25   8 a.m.,Woodman Point (WOO),7,Fair,-,2025,8 AM,Jan 12 2025 8 AM,2025-01-12 08:00:00,2025-01-12 08:00:00+08:00,2025-01-12 00:00:00+00:00,2025-01-12,00:00:00
Jan. 8,"2025, 7 p.m.",8-Jan-25   7 p.m.,Port Beach (PRT),4,Fair,"4-6m, clearer deeper.",2025,7 PM,Jan 8 2025 7 PM,2025-01-08 19:00:00,2025-01-08 19:00:00+08:00,2025-01-08 11:00:00+00:00,2025-01-08,11:00:00
Jan. 7,"2025, 5 p.m.",7-Jan-25   5 p.m.,Rollison Road Artificial Reef (ROL),5,Windy,"Very choppy, and quite a bit of surge pushing sand around.",2025,5 PM,Jan 7 2025 5 PM,2025-01-07 17:00:00,2025-01-07 17:00:00+08:00,2025-01-07 09:00:00+00:00,2025-01-07,09:00:00
Jan. 6,"2025, noon",6-Jan-25   12 p.m.,Centaur Reef (CEN),10,Rough,4/1/2025 hyc club dive 2 south centaur,2025,12 PM,Jan 6 2025 12 PM,2025-01-06 12:00:00,2025-01-06 12:00:00+08:00,2025-01-06 04:00:00+00:00,2025-01-06,04:00:00
Jan. 6,"2025, 9 a.m.",6-Jan-25   9 a.m.,Centaur Reef (CEN),12,Fair,4/1/2025 hyc club dive,2025,9 AM,Jan 6 2025 9 AM,2025-01-06 09:00:00,2025-01-06 09:00:00+08:00,2025-01-06 01:00:00+00:00,2025-01-06,01:00:00
Jan. 5,"2025, 8 a.m.",5-Jan-25   8 a.m.,Rockingham Dive Trail (RKM),5,Glassy,AOW course. Vis ok until we hit the bottom. Light current cleared silt quite quickly,2025,8 AM,Jan 5 2025 8 AM,2025-01-05 08:00:00,2025-01-05 08:00:00+08:00,2025-01-05 00:00:00+00:00,2025-01-05,00:00:00
Jan. 1,"2025, 11 a.m.",1-Jan-25   11 a.m.,Robbs Jetty (ROB),5,Fair,"Fair to poor viz at 5m, milky",2025,11 AM,Jan 1 2025 11 AM,2025-01-01 11:00:00,2025-01-01 11:00:00+08:00,2025-01-01 03:00:00+00:00,2025-01-01,03:00:00
Jan. 1,"2025, 8 a.m.",1-Jan-25   8 a.m.,Bulk Jetty (BUL),5,Fair,Plenty of Snapper,2025,8 AM,Jan 1 2025 8 AM,2025-01-01 08:00:00,2025-01-01 08:00:00+08:00,2025-01-01 00:00:00+00:00,2025-01-01,00:00:00
Dec. 31,"2024, 10 a.m.",31-Dec-24   10 a.m.,Ammo Jetty (AMJ),4,Fair,Vis 2-5m with some improvement at the end. Lots of seahorses and occy,2024,10 AM,Dec 31 2024 10 AM,2024-12-31 10:00:00,2024-12-31 10:00:00+08:00,2024-12-31 02:00:00+00:00,2024-12-31,02:00:00
Dec. 29,"2024, 10 a.m.",29-Dec-24   10 a.m.,Mettam’s Pool (MET),5,Fair,"Very busy, got more silty as the morning progressed, and further south on the outside reef.",2024,10 AM,Dec 29 2024 10 AM,2024-12-29 10:00:00,2024-12-29 10:00:00+08:00,2024-12-29 02:00:00+00:00,2024-12-29,02:00:00
Dec. 23,"2024, 7 p.m.",23-Dec-24   7 p.m.,Port Beach (PRT),3,Fair,2-3m vis. Silty. 22deg,2024,7 PM,Dec 23 2024 7 PM,2024-12-23 19:00:00,2024-12-23 19:00:00+08:00,2024-12-23 11:00:00+00:00,2024-12-23,11:00:00
Dec. 22,"2024, 9 a.m.",22-Dec-24   9 a.m.,The Coombe & Mosman Bay (CMB),3,Windy,-,2024,9 AM,Dec 22 2024 9 AM,2024-12-22 09:00:00,2024-12-22 09:00:00+08:00,2024-12-22 01:00:00+00:00,2024-12-22,01:00:00
Dec. 22,"2024, 9 a.m.",22-Dec-24   9 a.m.,Ammo Jetty (AMJ),1,Fair,Pea soup. Not great vis but could tell lots of fish around if you could see them!,2024,9 AM,Dec 22 2024 9 AM,2024-12-22 09:00:00,2024-12-22 09:00:00+08:00,2024-12-22 01:00:00+00:00,2024-12-22,01:00:00
Dec. 21,"2024, 8 a.m.",21-Dec-24   8 a.m.,Camilla Wreck (CAM),6,Fair,Snorkelling WA Facebook group,2024,8 AM,Dec 21 2024 8 AM,2024-12-21 08:00:00,2024-12-21 08:00:00+08:00,2024-12-21 00:00:00+00:00,2024-12-21,00:00:00
Dec. 21,"2024, 8 a.m.",21-Dec-24   8 a.m.,Kwinana Grain Terminal (KGT),3,Fair,Salmon were running,2024,8 AM,Dec 21 2024 8 AM,2024-12-21 08:00:00,2024-12-21 08:00:00+08:00,2024-12-21 00:00:00+00:00,2024-12-21,00:00:00
Dec. 21,"2024, 7 a.m.",21-Dec-24   7 a.m.,South Cottesloe Reef (SCR),2,Fair,"vis 1-2m,",2024,7 AM,Dec 21 2024 7 AM,2024-12-21 07:00:00,2024-12-21 07:00:00+08:00,2024-12-20 23:00:00+00:00,2024-12-20,23:00:00
Dec. 14,"2024, 1 p.m.",14-Dec-24   1 p.m.,Rottnest North (RNN),8,Fair,Fayes Bay,2024,1 PM,Dec 14 2024 1 PM,2024-12-14 13:00:00,2024-12-14 13:00:00+08:00,2024-12-14 05:00:00+00:00,2024-12-14,05:00:00
Dec. 14,"2024, 11 a.m.",14-Dec-24   11 a.m.,Rockingham Dive Trail (RKM),3,Fair,"OW Course, so vis was terrible. 0.5 to about 3m, on close wrecks. Decent current, especially PM",2024,11 AM,Dec 14 2024 11 AM,2024-12-14 11:00:00,2024-12-14 11:00:00+08:00,2024-12-14 03:00:00+00:00,2024-12-14,03:00:00
Dec. 13,"2024, 9 a.m.",13-Dec-24   9 a.m.,Mettam’s Pool (MET),6,Fair,"Vis quite good on the outside of the reef, churned up more on the inside",2024,9 AM,Dec 13 2024 9 AM,2024-12-13 09:00:00,2024-12-13 09:00:00+08:00,2024-12-13 01:00:00+00:00,2024-12-13,01:00:00
Dec. 12,"2024, 2 p.m.",12-Dec-24   2 p.m.,Rockingham Dive Trail (RKM),4,Fair,"Vis varied from 1m to 4m, only did close wrecks.",2024,2 PM,Dec 12 2024 2 PM,2024-12-12 14:00:00,2024-12-12 14:00:00+08:00,2024-12-12 06:00:00+00:00,2024-12-12,06:00:00
Dec. 12,"2024, 8 a.m.",12-Dec-24   8 a.m.,Mettam’s Pool (MET),4,Fair,-,2024,8 AM,Dec 12 2024 8 AM,2024-12-12 08:00:00,2024-12-12 08:00:00+08:00,2024-12-12 00:00:00+00:00,2024-12-12,00:00:00
Dec. 8,"2024, 9 a.m.",8-Dec-24   9 a.m.,Rottnest North (RNN),15,Fair,Opera House,2024,9 AM,Dec 8 2024 9 AM,2024-12-08 09:00:00,2024-12-08 09:00:00+08:00,2024-12-08 01:00:00+00:00,2024-12-08,01:00:00
Dec. 8,"2024, 8 a.m.",8-Dec-24   8 a.m.,Bulk Jetty (BUL),4,Fair,Viz improved at end of jetty,2024,8 AM,Dec 8 2024 8 AM,2024-12-08 08:00:00,2024-12-08 08:00:00+08:00,2024-12-08 00:00:00+00:00,2024-12-08,00:00:00
Dec. 4,"2024, 7 p.m.",4-Dec-24   7 p.m.,Ammo Jetty (AMJ),3,Fair,Patchy vis between 1 and 5m. Port Jackson Central tonight,2024,7 PM,Dec 4 2024 7 PM,2024-12-04 19:00:00,2024-12-04 19:00:00+08:00,2024-12-04 11:00:00+00:00,2024-12-04,11:00:00
Dec. 1,"2024, 8 a.m.",1-Dec-24   8 a.m.,Robbs Jetty (ROB),8,Fair,Low viz @ 3 meters depth,2024,8 AM,Dec 1 2024 8 AM,2024-12-01 08:00:00,2024-12-01 08:00:00+08:00,2024-12-01 00:00:00+00:00,2024-12-01,00:00:00
Nov. 23,"2024, 8 a.m.",23-Nov-24   8 a.m.,Ex-HMAS Swan Wreck (SWA),15,Fair,Tech divers,2024,8 AM,Nov 23 2024 8 AM,2024-11-23 08:00:00,2024-11-23 08:00:00+08:00,2024-11-23 00:00:00+00:00,2024-11-23,00:00:00
Nov. 21,"2024, 9 a.m.",21-Nov-24   9 a.m.,Blackwall Reach (BWR),8,Fair,Best I've ever seen it. Near bottom on incoming tide,2024,9 AM,Nov 21 2024 9 AM,2024-11-21 09:00:00,2024-11-21 09:00:00+08:00,2024-11-21 01:00:00+00:00,2024-11-21,01:00:00
Nov. 17,"2024, 8 a.m.",17-Nov-24   8 a.m.,Rockingham Dive Trail (RKM),2,Glassy,Palm Beach Jetty. Murky even without silt.,2024,8 AM,Nov 17 2024 8 AM,2024-11-17 08:00:00,2024-11-17 08:00:00+08:00,2024-11-17 00:00:00+00:00,2024-11-17,00:00:00
Nov. 17,"2024, 7 a.m.",17-Nov-24   7 a.m.,Rockingham Dive Trail (RKM),4,Fair,Worse at the deep wreck,2024,7 AM,Nov 17 2024 7 AM,2024-11-17 07:00:00,2024-11-17 07:00:00+08:00,2024-11-16 23:00:00+00:00,2024-11-16,23:00:00
Nov. 16,"2024, 8 a.m.",16-Nov-24   8 a.m.,Blackwall Reach (BWR),4,Fair,Strong current,2024,8 AM,Nov 16 2024 8 AM,2024-11-16 08:00:00,2024-11-16 08:00:00+08:00,2024-11-16 00:00:00+00:00,2024-11-16,00:00:00
Nov. 13,"2024, 10 a.m.",13-Nov-24   10 a.m.,Rottnest North (RNN),25,Fair,City of York wreck,2024,10 AM,Nov 13 2024 10 AM,2024-11-13 10:00:00,2024-11-13 10:00:00+08:00,2024-11-13 02:00:00+00:00,2024-11-13,02:00:00
Nov. 10,"2024, 8 a.m.",10-Nov-24   8 a.m.,Rockingham Dive Trail (RKM),5,Fair,Observed by tech divers,2024,8 AM,Nov 10 2024 8 AM,2024-11-10 08:00:00,2024-11-10 08:00:00+08:00,2024-11-10 00:00:00+00:00,2024-11-10,00:00:00
Oct. 31,"2024, noon",31-Oct-24   12 p.m.,Rockingham Dive Trail (RKM),5,Fair,-,2024,12 PM,Oct 31 2024 12 PM,2024-10-31 12:00:00,2024-10-31 12:00:00+08:00,2024-10-31 04:00:00+00:00,2024-10-31,04:00:00
Oct. 31,"2024, 8 a.m.",31-Oct-24   8 a.m.,South Fremantle (FRE),5,Fair,"Bathers beach, worse towards south end",2024,8 AM,Oct 31 2024 8 AM,2024-10-31 08:00:00,2024-10-31 08:00:00+08:00,2024-10-31 00:00:00+00:00,2024-10-31,00:00:00
Oct. 29,"2024, 9 a.m.",29-Oct-24   9 a.m.,Coogee Maritime Trail (CMT),10,Fair,"Big cobbler under the wreck, could see the bottom from the end of the rock wall",2024,9 AM,Oct 29 2024 9 AM,2024-10-29 09:00:00,2024-10-29 09:00:00+08:00,2024-10-29 01:00:00+00:00,2024-10-29,01:00:00
Oct. 27,"2024, 11 a.m.",27-Oct-24   11 a.m.,Rockingham Dive Trail (RKM),4,Fair,-,2024,11 AM,Oct 27 2024 11 AM,2024-10-27 11:00:00,2024-10-27 11:00:00+08:00,2024-10-27 03:00:00+00:00,2024-10-27,03:00:00
Oct. 26,"2024, 11 a.m.",26-Oct-24   11 a.m.,The Coombe & Mosman Bay (CMB),1,Fair,"Coombe Deep, a bit better in Mosman Bay",2024,11 AM,Oct 26 2024 11 AM,2024-10-26 11:00:00,2024-10-26 11:00:00+08:00,2024-10-26 03:00:00+00:00,2024-10-26,03:00:00
Oct. 25,"2024, 9 a.m.",25-Oct-24   9 a.m.,South Fremantle (FRE),5,Windy,Bather's beach,2024,9 AM,Oct 25 2024 9 AM,2024-10-25 09:00:00,2024-10-25 09:00:00+08:00,2024-10-25 01:00:00+00:00,2024-10-25,01:00:00
Oct. 18,"2024, 10 a.m.",18-Oct-24   10 a.m.,The Coombe & Mosman Bay (CMB),4,Fair,Worse deeper,2024,10 AM,Oct 18 2024 10 AM,2024-10-18 10:00:00,2024-10-18 10:00:00+08:00,2024-10-18 02:00:00+00:00,2024-10-18,02:00:00
Oct. 13,"2024, 11 a.m.",13-Oct-24   11 a.m.,Busselton Jetty (BSJ),25,Glassy,Exceptional Dive. Amazing Vis,2024,11 AM,Oct 13 2024 11 AM,2024-10-13 11:00:00,2024-10-13 11:00:00+08:00,2024-10-13 03:00:00+00:00,2024-10-13,03:00:00
Oct. 13,"2024, 10 a.m.",13-Oct-24   10 a.m.,Rottnest North (RNN),15,Fair,Swirl Reef,2024,10 AM,Oct 13 2024 10 AM,2024-10-13 10:00:00,2024-10-13 10:00:00+08:00,2024-10-13 02:00:00+00:00,2024-10-13,02:00:00
Oct. 12,"2024, 7 p.m.",12-Oct-24   7 p.m.,Busselton Jetty (BSJ),20,Glassy,Night dive great conditions.,2024,7 PM,Oct 12 2024 7 PM,2024-10-12 19:00:00,2024-10-12 19:00:00+08:00,2024-10-12 11:00:00+00:00,2024-10-12,11:00:00
Oct. 12,"2024, 11 a.m.",12-Oct-24   11 a.m.,Canal Rocks (CAN),15,Fair,1.1m swell. Vis better near boat ramp than in the channel,2024,11 AM,Oct 12 2024 11 AM,2024-10-12 11:00:00,2024-10-12 11:00:00+08:00,2024-10-12 03:00:00+00:00,2024-10-12,03:00:00
Oct. 8,"2024, 7 a.m.",8-Oct-24   7 a.m.,South Cottesloe Reef (SCR),1,Fair,"Fair conditions, very seaweedy, not great vis.",2024,7 AM,Oct 8 2024 7 AM,2024-10-08 07:00:00,2024-10-08 07:00:00+08:00,2024-10-07 23:00:00+00:00,2024-10-07,23:00:00
Oct. 6,"2024, 11 a.m.",6-Oct-24   11 a.m.,Kwinana Grain Terminal (KGT),5,Fair,"Variable vis, but murky. Surface great. Saw baby Pt Jackson.",2024,11 AM,Oct 6 2024 11 AM,2024-10-06 11:00:00,2024-10-06 11:00:00+08:00,2024-10-06 03:00:00+00:00,2024-10-06,03:00:00
Sept. 26,"2024, 11 a.m.",26-Sep-24   11 a.m.,Point Peron (PPR),15,Glassy,Clear and Glassy. Not much sea life on southern side,2024,11 AM,Sep 26 2024 11 AM,2024-09-26 11:00:00,2024-09-26 11:00:00+08:00,2024-09-26 03:00:00+00:00,2024-09-26,03:00:00
Sept. 23,"2024, 9 a.m.",23-Sep-24   9 a.m.,Kwinana Grain Terminal (KGT),7,Glassy,Vis was variable across the dive but almost always had the surface visible from the bottom,2024,9 AM,Sep 23 2024 9 AM,2024-09-23 09:00:00,2024-09-23 09:00:00+08:00,2024-09-23 01:00:00+00:00,2024-09-23,01:00:00
Sept. 18,"2024, 7 p.m.",18-Sep-24   7 p.m.,Sue's Groyne (SGR),10,Glassy,Great conditions. Cobbler central tonight.  At least 10m vis.,2024,7 PM,Sep 18 2024 7 PM,2024-09-18 19:00:00,2024-09-18 19:00:00+08:00,2024-09-18 11:00:00+00:00,2024-09-18,11:00:00
Sept. 18,"2024, 7 p.m.",18-Sep-24   7 p.m.,Port Beach (PRT),6,Fair,4-6m. Bit of swell. 19deg,2024,7 PM,Sep 18 2024 7 PM,2024-09-18 19:00:00,2024-09-18 19:00:00+08:00,2024-09-18 11:00:00+00:00,2024-09-18,11:00:00
July 16,"2024, 11 a.m.",16-Jul-24   11 a.m.,Rockingham Dive Trail (RKM),3,Fair,-,2024,11 AM,July 16 2024 11 AM,2024-07-16 11:00:00,2024-07-16 11:00:00+08:00,2024-07-16 03:00:00+00:00,2024-07-16,03:00:00
June 23,"2024, 10 a.m.",23-Jun-24   10 a.m.,Woodman Point (WOO),4,Fair,4m+ South side. 2m North side.,2024,10 AM,June 23 2024 10 AM,2024-06-23 10:00:00,2024-06-23 10:00:00+08:00,2024-06-23 02:00:00+00:00,2024-06-23,02:00:00
June 22,"2024, 7 p.m.",22-Jun-24   7 p.m.,Freshwater Bay (FWB),4,Glassy,17 deg.,2024,7 PM,June 22 2024 7 PM,2024-06-22 19:00:00,2024-06-22 19:00:00+08:00,2024-06-22 11:00:00+00:00,2024-06-22,11:00:00
May 26,"2024, 8 a.m.",26-May-24   8 a.m.,Warnbro Sound (WAR),10,Fair,"Dove artificial reef. 2 Occy's, Seahorses. Murky over sand, clear over weed.",2024,8 AM,May 26 2024 8 AM,2024-05-26 08:00:00,2024-05-26 08:00:00+08:00,2024-05-26 00:00:00+00:00,2024-05-26,00:00:00
May 18,"2024, 9 a.m.",18-May-24   9 a.m.,Centaur Reef (CEN),15,Fair,Centaur wreck,2024,9 AM,May 18 2024 9 AM,2024-05-18 09:00:00,2024-05-18 09:00:00+08:00,2024-05-18 01:00:00+00:00,2024-05-18,01:00:00
May 12,"2024, 8 a.m.",12-May-24   8 a.m.,Port Beach (PRT),2,Glassy,0-2m in close around Sandtracks. 2-4m further out.,2024,8 AM,May 12 2024 8 AM,2024-05-12 08:00:00,2024-05-12 08:00:00+08:00,2024-05-12 00:00:00+00:00,2024-05-12,00:00:00
May 11,"2024, 10 a.m.",11-May-24   10 a.m.,Ex-HMAS Swan Wreck (SWA),8,Fair,Murky. Only one mooring point.,2024,10 AM,May 11 2024 10 AM,2024-05-11 10:00:00,2024-05-11 10:00:00+08:00,2024-05-11 02:00:00+00:00,2024-05-11,02:00:00
May 5,"2024, 10 a.m.",5-May-24   10 a.m.,Bicton Baths (BIC),7,Fair,ALC40 wreck with MAAWA,2024,10 AM,May 5 2024 10 AM,2024-05-05 10:00:00,2024-05-05 10:00:00+08:00,2024-05-05 02:00:00+00:00,2024-05-05,02:00:00
May 4,"2024, 7 p.m.",4-May-24   7 p.m.,Coogee Maritime Trail (CMT),1,Windy,Omeo,2024,7 PM,May 4 2024 7 PM,2024-05-04 19:00:00,2024-05-04 19:00:00+08:00,2024-05-04 11:00:00+00:00,2024-05-04,11:00:00
May 3,"2024, 9 a.m.",3-May-24   9 a.m.,Watermans/North Beach (WAT),4,Fair,small waves,2024,9 AM,May 3 2024 9 AM,2024-05-03 09:00:00,2024-05-03 09:00:00+08:00,2024-05-03 01:00:00+00:00,2024-05-03,01:00:00
May 1,"2024, 4 p.m.",1-May-24   4 p.m.,Mettam’s Pool (MET),4,Fair,Bennion with small waves,2024,4 PM,May 1 2024 4 PM,2024-05-01 16:00:00,2024-05-01 16:00:00+08:00,2024-05-01 08:00:00+00:00,2024-05-01,08:00:00
April 24,"2024, 8 a.m.",24-Apr-24   8 a.m.,Rockingham Dive Trail (RKM),4,Fair,4m across most depths.,2024,8 AM,April 24 2024 8 AM,2024-04-24 08:00:00,2024-04-24 08:00:00+08:00,2024-04-24 00:00:00+00:00,2024-04-24,00:00:00
April 22,"2024, 7 p.m.",22-Apr-24   7 p.m.,Port Beach (PRT),4,Windy,"2-6m, cloudy. little bit of swell around.",2024,7 PM,April 22 2024 7 PM,2024-04-22 19:00:00,2024-04-22 19:00:00+08:00,2024-04-22 11:00:00+00:00,2024-04-22,11:00:00
April 20,"2024, 9 a.m.",20-Apr-24   9 a.m.,Watermans/North Beach (WAT),10,Glassy,"8-12+m, slightly cloudy, low swell.",2024,9 AM,April 20 2024 9 AM,2024-04-20 09:00:00,2024-04-20 09:00:00+08:00,2024-04-20 01:00:00+00:00,2024-04-20,01:00:00
April 20,"2024, 9 a.m.",20-Apr-24   9 a.m.,Woodman Point (WOO),10,Glassy,-,2024,9 AM,April 20 2024 9 AM,2024-04-20 09:00:00,2024-04-20 09:00:00+08:00,2024-04-20 01:00:00+00:00,2024-04-20,01:00:00
April 19,"2024, 11 a.m.",19-Apr-24   11 a.m.,Mettam’s Pool (MET),3,Fair,small waves with surfers out,2024,11 AM,April 19 2024 11 AM,2024-04-19 11:00:00,2024-04-19 11:00:00+08:00,2024-04-19 03:00:00+00:00,2024-04-19,03:00:00
April 18,"2024, 8 p.m.",18-Apr-24   8 p.m.,Port Beach (PRT),6,Glassy,Slight cloudiness to the water. 20deg,2024,8 PM,April 18 2024 8 PM,2024-04-18 20:00:00,2024-04-18 20:00:00+08:00,2024-04-18 12:00:00+00:00,2024-04-18,12:00:00
April 17,"2024, 9 a.m.",17-Apr-24   9 a.m.,Watermans/North Beach (WAT),3,Fair,MAAC cloudy vis with thigh high set waves,2024,9 AM,April 17 2024 9 AM,2024-04-17 09:00:00,2024-04-17 09:00:00+08:00,2024-04-17 01:00:00+00:00,2024-04-17,01:00:00
April 13,"2024, 10 a.m.",13-Apr-24   10 a.m.,Mettam’s Pool (MET),8,Fair,Out the back ranged from 4m to 10+,2024,10 AM,April 13 2024 10 AM,2024-04-13 10:00:00,2024-04-13 10:00:00+08:00,2024-04-13 02:00:00+00:00,2024-04-13,02:00:00
April 13,"2024, 8 a.m.",13-Apr-24   8 a.m.,Coogee Maritime Trail (CMT),15,Glassy,Amazing vis,2024,8 AM,April 13 2024 8 AM,2024-04-13 08:00:00,2024-04-13 08:00:00+08:00,2024-04-13 00:00:00+00:00,2024-04-13,00:00:00
April 7,"2024, 8 p.m.",7-Apr-24   8 p.m.,South Cottesloe Reef (SCR),10,Glassy,10-15m. 21degree,2024,8 PM,April 7 2024 8 PM,2024-04-07 20:00:00,2024-04-07 20:00:00+08:00,2024-04-07 12:00:00+00:00,2024-04-07,12:00:00
April 7,"2024, 11 a.m.",7-Apr-24   11 a.m.,Garden Island (North) (GDN),15,Fair,And Orizaba wreck-7 PJsharks+Wobby. Great viz,2024,11 AM,April 7 2024 11 AM,2024-04-07 11:00:00,2024-04-07 11:00:00+08:00,2024-04-07 03:00:00+00:00,2024-04-07,03:00:00
April 7,"2024, 9 a.m.",7-Apr-24   9 a.m.,Ammo Jetty (AMJ),10,Glassy,-,2024,9 AM,April 7 2024 9 AM,2024-04-07 09:00:00,2024-04-07 09:00:00+08:00,2024-04-07 01:00:00+00:00,2024-04-07,01:00:00
April 7,"2024, 9 a.m.",7-Apr-24   9 a.m.,Coogee Maritime Trail (CMT),8,Fair,🫡,2024,9 AM,April 7 2024 9 AM,2024-04-07 09:00:00,2024-04-07 09:00:00+08:00,2024-04-07 01:00:00+00:00,2024-04-07,01:00:00
April 7,"2024, 8 a.m.",7-Apr-24   8 a.m.,Camilla Wreck (CAM),12,Fair,Impressive vis! MAAWA site inspection,2024,8 AM,April 7 2024 8 AM,2024-04-07 08:00:00,2024-04-07 08:00:00+08:00,2024-04-07 00:00:00+00:00,2024-04-07,00:00:00
April 6,"2024, 8 p.m.",6-Apr-24   8 p.m.,Port Beach (PRT),10,Fair,"5-15m vis, dirty patches in places, but lovely in others.",2024,8 PM,April 6 2024 8 PM,2024-04-06 20:00:00,2024-04-06 20:00:00+08:00,2024-04-06 12:00:00+00:00,2024-04-06,12:00:00
April 6,"2024, 7 a.m.",6-Apr-24   7 a.m.,Mettam’s Pool (MET),10,Fair,-,2024,7 AM,April 6 2024 7 AM,2024-04-06 07:00:00,2024-04-06 07:00:00+08:00,2024-04-05 23:00:00+00:00,2024-04-05,23:00:00
April 1,"2024, 11 a.m.",1-Apr-24   11 a.m.,Rottnest North (RNN),15,Windy,Roe Reef,2024,11 AM,April 1 2024 11 AM,2024-04-01 11:00:00,2024-04-01 11:00:00+08:00,2024-04-01 03:00:00+00:00,2024-04-01,03:00:00
April 1,"2024, 9 a.m.",1-Apr-24   9 a.m.,Watermans/North Beach (WAT),2,Glassy,"Little swell, fresh easterly -no waves, snotty viz everywhere",2024,9 AM,April 1 2024 9 AM,2024-04-01 09:00:00,2024-04-01 09:00:00+08:00,2024-04-01 01:00:00+00:00,2024-04-01,01:00:00
March 30,"2024, 8 a.m.",30-Mar-24   8 a.m.,Busselton Jetty (BSJ),10,Fair,Calm but with Algae blocking vis,2024,8 AM,March 30 2024 8 AM,2024-03-30 08:00:00,2024-03-30 08:00:00+08:00,2024-03-30 00:00:00+00:00,2024-03-30,00:00:00
March 27,"2024, 7 p.m.",27-Mar-24   7 p.m.,Rockingham Dive Trail (RKM),5,Glassy,"5m when silt not stirred up. Scorpionfish, leatherjackets, boxfish.",2024,7 PM,March 27 2024 7 PM,2024-03-27 19:00:00,2024-03-27 19:00:00+08:00,2024-03-27 11:00:00+00:00,2024-03-27,11:00:00
March 27,"2024, 9 a.m.",27-Mar-24   9 a.m.,Mettam’s Pool (MET),5,Glassy,"Out the back, a little cloudy out the back",2024,9 AM,March 27 2024 9 AM,2024-03-27 09:00:00,2024-03-27 09:00:00+08:00,2024-03-27 01:00:00+00:00,2024-03-27,01:00:00
March 25,"2024, 5 p.m.",25-Mar-24   5 p.m.,Mettam’s Pool (MET),10,Glassy,5m out the back,2024,5 PM,March 25 2024 5 PM,2024-03-25 17:00:00,2024-03-25 17:00:00+08:00,2024-03-25 09:00:00+00:00,2024-03-25,09:00:00
March 24,"2024, 11 a.m.",24-Mar-24   11 a.m.,Rottnest South (RTS),25,Fair,Little salmon bay and Parker point,2024,11 AM,March 24 2024 11 AM,2024-03-24 11:00:00,2024-03-24 11:00:00+08:00,2024-03-24 03:00:00+00:00,2024-03-24,03:00:00
March 23,"2024, 2 p.m.",23-Mar-24   2 p.m.,Rottnest East (RNE),8,Fair,Uribes wreck - some swell sets rolling through,2024,2 PM,March 23 2024 2 PM,2024-03-23 14:00:00,2024-03-23 14:00:00+08:00,2024-03-23 06:00:00+00:00,2024-03-23,06:00:00
March 23,"2024, 9 a.m.",23-Mar-24   9 a.m.,Rottnest North (RNN),10,Fair,City of York bay shallow. 21C,2024,9 AM,March 23 2024 9 AM,2024-03-23 09:00:00,2024-03-23 09:00:00+08:00,2024-03-23 01:00:00+00:00,2024-03-23,01:00:00
March 21,"2024, 6 a.m.",21-Mar-24   6 a.m.,Mettam’s Pool (MET),4,Glassy,"Little to do debris on the sand banks, very clear, more debris on the reef where the waves crash",2024,6 AM,March 21 2024 6 AM,2024-03-21 06:00:00,2024-03-21 06:00:00+08:00,2024-03-20 22:00:00+00:00,2024-03-20,22:00:00
March 20,"2024, 7 p.m.",20-Mar-24   7 p.m.,Ammo Jetty (AMJ),15,Glassy,"Amazing Dive. Pt Jackson, Seahorses, Nudi's, Boxfish, Baler Shell. Vis for miles",2024,7 PM,March 20 2024 7 PM,2024-03-20 19:00:00,2024-03-20 19:00:00+08:00,2024-03-20 11:00:00+00:00,2024-03-20,11:00:00
March 20,"2024, 2 p.m.",20-Mar-24   2 p.m.,Mettam’s Pool (MET),3,Fair,Out the back,2024,2 PM,March 20 2024 2 PM,2024-03-20 14:00:00,2024-03-20 14:00:00+08:00,2024-03-20 06:00:00+00:00,2024-03-20,06:00:00
March 19,"2024, 8 p.m.",19-Mar-24   8 p.m.,South Cottesloe Reef (SCR),10,Glassy,"Best over sponge gardens and outer sand, 23c.",2024,8 PM,March 19 2024 8 PM,2024-03-19 20:00:00,2024-03-19 20:00:00+08:00,2024-03-19 12:00:00+00:00,2024-03-19,12:00:00
March 16,"2024, 10 a.m.",16-Mar-24   10 a.m.,Mettam’s Pool (MET),2,Fair,Flat but cloudy vis,2024,10 AM,March 16 2024 10 AM,2024-03-16 10:00:00,2024-03-16 10:00:00+08:00,2024-03-16 02:00:00+00:00,2024-03-16,02:00:00
March 16,"2024, 10 a.m.",16-Mar-24   10 a.m.,South Cottesloe Reef (SCR),12,Glassy,"Awesome viz, all the way from the sand up into the reef.",2024,10 AM,March 16 2024 10 AM,2024-03-16 10:00:00,2024-03-16 10:00:00+08:00,2024-03-16 02:00:00+00:00,2024-03-16,02:00:00
March 16,"2024, 9 a.m.",16-Mar-24   9 a.m.,Two Rocks (TWR),15,Fair,-,2024,9 AM,March 16 2024 9 AM,2024-03-16 09:00:00,2024-03-16 09:00:00+08:00,2024-03-16 01:00:00+00:00,2024-03-16,01:00:00
March 15,"2024, 9 p.m.",15-Mar-24   9 p.m.,South Fremantle (FRE),6,Fair,"South Mole, lots of plankton in the water but otherwise pretty good vis.",2024,9 PM,March 15 2024 9 PM,2024-03-15 21:00:00,2024-03-15 21:00:00+08:00,2024-03-15 13:00:00+00:00,2024-03-15,13:00:00
March 15,"2024, 1 p.m.",15-Mar-24   1 p.m.,Mettam’s Pool (MET),2,Fair,Milky AF,2024,1 PM,March 15 2024 1 PM,2024-03-15 13:00:00,2024-03-15 13:00:00+08:00,2024-03-15 05:00:00+00:00,2024-03-15,05:00:00
March 15,"2024, 7 a.m.",15-Mar-24   7 a.m.,Mettam’s Pool (MET),2,Fair,Very cloudy vis,2024,7 AM,March 15 2024 7 AM,2024-03-15 07:00:00,2024-03-15 07:00:00+08:00,2024-03-14 23:00:00+00:00,2024-03-14,23:00:00
March 14,"2024, 8 p.m.",14-Mar-24   8 p.m.,South Cottesloe Reef (SCR),5,Glassy,"Northern end of Dutch Inn beach, viz even better way out over sand",2024,8 PM,March 14 2024 8 PM,2024-03-14 20:00:00,2024-03-14 20:00:00+08:00,2024-03-14 12:00:00+00:00,2024-03-14,12:00:00
March 14,"2024, 6 a.m.",14-Mar-24   6 a.m.,Mettam’s Pool (MET),3,Fair,Flat but milky as,2024,6 AM,March 14 2024 6 AM,2024-03-14 06:00:00,2024-03-14 06:00:00+08:00,2024-03-13 22:00:00+00:00,2024-03-13,22:00:00
March 13,"2024, 6 a.m.",13-Mar-24   6 a.m.,South Cottesloe Reef (SCR),2,Fair,Super flat but super milky,2024,6 AM,March 13 2024 6 AM,2024-03-13 06:00:00,2024-03-13 06:00:00+08:00,2024-03-12 22:00:00+00:00,2024-03-12,22:00:00
March 10,"2024, 8 a.m.",10-Mar-24   8 a.m.,Coogee Maritime Trail (CMT),3,Fair,-,2024,8 AM,March 10 2024 8 AM,2024-03-10 08:00:00,2024-03-10 08:00:00+08:00,2024-03-10 00:00:00+00:00,2024-03-10,00:00:00
March 8,"2024, 10 a.m.",8-Mar-24   10 a.m.,Coogee Maritime Trail (CMT),5,Glassy,Milky,2024,10 AM,March 8 2024 10 AM,2024-03-08 10:00:00,2024-03-08 10:00:00+08:00,2024-03-08 02:00:00+00:00,2024-03-08,02:00:00
March 8,"2024, 9 a.m.",8-Mar-24   9 a.m.,Camilla Wreck (CAM),4,Fair,Milky,2024,9 AM,March 8 2024 9 AM,2024-03-08 09:00:00,2024-03-08 09:00:00+08:00,2024-03-08 01:00:00+00:00,2024-03-08,01:00:00
March 4,"2024, 6 a.m.",4-Mar-24   6 a.m.,South Cottesloe Reef (SCR),1,Fair,"Lots of debri in the water , wind starting to pick up",2024,6 AM,March 4 2024 6 AM,2024-03-04 06:00:00,2024-03-04 06:00:00+08:00,2024-03-03 22:00:00+00:00,2024-03-03,22:00:00
March 1,"2024, 7 p.m.",1-Mar-24   7 p.m.,North Mole Fremantle (NMF),2,Windy,"24c, heavy sediment, intermittent surge, pygmies, pipe, sole, tubemouth",2024,7 PM,March 1 2024 7 PM,2024-03-01 19:00:00,2024-03-01 19:00:00+08:00,2024-03-01 11:00:00+00:00,2024-03-01,11:00:00
Feb. 28,"2024, 6 p.m.",28-Feb-24   6 p.m.,North Mole Fremantle (NMF),5,Windy,"24c, better viz over sand, a bit surgy at wreck. Lots of pygmy and pipefish",2024,6 PM,Feb 28 2024 6 PM,2024-02-28 18:00:00,2024-02-28 18:00:00+08:00,2024-02-28 10:00:00+00:00,2024-02-28,10:00:00
Feb. 17,"2024, 8 p.m.",17-Feb-24   8 p.m.,North Mole Fremantle (NMF),10,Glassy,"23C, excellent conditions",2024,8 PM,Feb 17 2024 8 PM,2024-02-17 20:00:00,2024-02-17 20:00:00+08:00,2024-02-17 12:00:00+00:00,2024-02-17,12:00:00
Feb. 14,"2024, 6 p.m.",14-Feb-24   6 p.m.,South Cottesloe Reef (SCR),3,Fair,Coagulated kind of organic suspension,2024,6 PM,Feb 14 2024 6 PM,2024-02-14 18:00:00,2024-02-14 18:00:00+08:00,2024-02-14 10:00:00+00:00,2024-02-14,10:00:00
Feb. 14,"2024, 8 a.m.",14-Feb-24   8 a.m.,Rockingham Dive Trail (RKM),4,Fair,"2-6m 2-3m at depth, better in shallow",2024,8 AM,Feb 14 2024 8 AM,2024-02-14 08:00:00,2024-02-14 08:00:00+08:00,2024-02-14 00:00:00+00:00,2024-02-14,00:00:00
Feb. 11,"2024, 10 a.m.",11-Feb-24   10 a.m.,Rockingham Dive Trail (RKM),8,Fair,"Good across all depths, jellyfish have left.",2024,10 AM,Feb 11 2024 10 AM,2024-02-11 10:00:00,2024-02-11 10:00:00+08:00,2024-02-11 02:00:00+00:00,2024-02-11,02:00:00
Feb. 10,"2024, 9 a.m.",10-Feb-24   9 a.m.,Canal Rocks (CAN),25,Fair,Sat 10/2/24 Sugarloaf too.,2024,9 AM,Feb 10 2024 9 AM,2024-02-10 09:00:00,2024-02-10 09:00:00+08:00,2024-02-10 01:00:00+00:00,2024-02-10,01:00:00
Feb. 7,"2024, 8 p.m.",7-Feb-24   8 p.m.,Port Beach (PRT),3,Fair,"Snot filled, but pretty free of Jellyfish. 2-4m",2024,8 PM,Feb 7 2024 8 PM,2024-02-07 20:00:00,2024-02-07 20:00:00+08:00,2024-02-07 12:00:00+00:00,2024-02-07,12:00:00
Feb. 4,"2024, 9 a.m.",4-Feb-24   9 a.m.,Woodman Point (WOO),4,Fair,3-4m vis across both sides.,2024,9 AM,Feb 4 2024 9 AM,2024-02-04 09:00:00,2024-02-04 09:00:00+08:00,2024-02-04 01:00:00+00:00,2024-02-04,01:00:00
Feb. 1,"2024, 8 p.m.",1-Feb-24   8 p.m.,Port Beach (PRT),3,Fair,"2-3m, worse in close.",2024,8 PM,Feb 1 2024 8 PM,2024-02-01 20:00:00,2024-02-01 20:00:00+08:00,2024-02-01 12:00:00+00:00,2024-02-01,12:00:00
Jan. 27,"2024, 1 p.m.",27-Jan-24   1 p.m.,Rottnest North (RNN),8,Fair,Murky and cold at city of York beach. Not as good as elsewhere on the island today,2024,1 PM,Jan 27 2024 1 PM,2024-01-27 13:00:00,2024-01-27 13:00:00+08:00,2024-01-27 05:00:00+00:00,2024-01-27,05:00:00
Jan. 27,"2024, 10 a.m.",27-Jan-24   10 a.m.,Rottnest South (RTS),16,Glassy,Little Salmon and Norma bay. Really nice above and below the surface,2024,10 AM,Jan 27 2024 10 AM,2024-01-27 10:00:00,2024-01-27 10:00:00+08:00,2024-01-27 02:00:00+00:00,2024-01-27,02:00:00
Jan. 26,"2024, 10 a.m.",26-Jan-24   10 a.m.,Busselton Jetty (BSJ),20,Fair,-,2024,10 AM,Jan 26 2024 10 AM,2024-01-26 10:00:00,2024-01-26 10:00:00+08:00,2024-01-26 02:00:00+00:00,2024-01-26,02:00:00
Jan. 22,"2024, 8 p.m.",22-Jan-24   8 p.m.,South Cottesloe Reef (SCR),3,Windy,"3-4m, Vis will only get worse this week because of wind and swell.",2024,8 PM,Jan 22 2024 8 PM,2024-01-22 20:00:00,2024-01-22 20:00:00+08:00,2024-01-22 12:00:00+00:00,2024-01-22,12:00:00
Jan. 21,"2024, 10 a.m.",21-Jan-24   10 a.m.,Carnac Island (CRN),6,Windy,Stragglers Rock. Fair bit of surge.,2024,10 AM,Jan 21 2024 10 AM,2024-01-21 10:00:00,2024-01-21 10:00:00+08:00,2024-01-21 02:00:00+00:00,2024-01-21,02:00:00
Jan. 20,"2024, 8 a.m.",20-Jan-24   8 a.m.,Kwinana Grain Terminal (KGT),5,Fair,Great conditions top side. Vis murky but visibility reasonable for KGT. Slight green further out.,2024,8 AM,Jan 20 2024 8 AM,2024-01-20 08:00:00,2024-01-20 08:00:00+08:00,2024-01-20 00:00:00+00:00,2024-01-20,00:00:00
Jan. 19,"2024, 10 a.m.",19-Jan-24   10 a.m.,Rottnest South (RTS),20,Fair,"Little Salmon Bay. Slight surface chop with SSW wind, but great vis",2024,10 AM,Jan 19 2024 10 AM,2024-01-19 10:00:00,2024-01-19 10:00:00+08:00,2024-01-19 02:00:00+00:00,2024-01-19,02:00:00
Jan. 17,"2024, 10 a.m.",17-Jan-24   10 a.m.,Mettam’s Pool (MET),2,Fair,-,2024,10 AM,Jan 17 2024 10 AM,2024-01-17 10:00:00,2024-01-17 10:00:00+08:00,2024-01-17 02:00:00+00:00,2024-01-17,02:00:00
Jan. 15,"2024, 8 p.m.",15-Jan-24   8 p.m.,Port Beach (PRT),4,Fair,2-4m very milky. 2m in close better further off shore.,2024,8 PM,Jan 15 2024 8 PM,2024-01-15 20:00:00,2024-01-15 20:00:00+08:00,2024-01-15 12:00:00+00:00,2024-01-15,12:00:00
Jan. 14,"2024, 11 a.m.",14-Jan-24   11 a.m.,Ammo Jetty (AMJ),2,Fair,Milky. 23C,2024,11 AM,Jan 14 2024 11 AM,2024-01-14 11:00:00,2024-01-14 11:00:00+08:00,2024-01-14 03:00:00+00:00,2024-01-14,03:00:00
Jan. 13,"2024, 9 a.m.",13-Jan-24   9 a.m.,South Cottesloe Reef (SCR),2,Fair,Green and lots of particulate in the water,2024,9 AM,Jan 13 2024 9 AM,2024-01-13 09:00:00,2024-01-13 09:00:00+08:00,2024-01-13 01:00:00+00:00,2024-01-13,01:00:00
Jan. 13,"2024, 8 a.m.",13-Jan-24   8 a.m.,Sue's Groyne (SGR),2,Glassy,1m vis in close. Max 2m further out. Saw lots of blowies and little else.,2024,8 AM,Jan 13 2024 8 AM,2024-01-13 08:00:00,2024-01-13 08:00:00+08:00,2024-01-13 00:00:00+00:00,2024-01-13,00:00:00
Jan. 13,"2024, 8 a.m.",13-Jan-24   8 a.m.,Robbs Jetty (ROB),2,Fair,"Occys, rays and crays!",2024,8 AM,Jan 13 2024 8 AM,2024-01-13 08:00:00,2024-01-13 08:00:00+08:00,2024-01-13 00:00:00+00:00,2024-01-13,00:00:00
Jan. 13,"2024, 7 a.m.",13-Jan-24   7 a.m.,Penguin Island (PEN),3,Fair,Reef on NW of island.,2024,7 AM,Jan 13 2024 7 AM,2024-01-13 07:00:00,2024-01-13 07:00:00+08:00,2024-01-12 23:00:00+00:00,2024-01-12,23:00:00
Jan. 12,"2024, 8 p.m.",12-Jan-24   8 p.m.,South Cottesloe Reef (SCR),3,Fair,"Viz better at depth, over sand +5m. Numerous stingers about.",2024,8 PM,Jan 12 2024 8 PM,2024-01-12 20:00:00,2024-01-12 20:00:00+08:00,2024-01-12 12:00:00+00:00,2024-01-12,12:00:00
Jan. 10,"2024, 8 p.m.",10-Jan-24   8 p.m.,Woodman Point (WOO),2,Rough,"Vey murky, windy and string current.",2024,8 PM,Jan 10 2024 8 PM,2024-01-10 20:00:00,2024-01-10 20:00:00+08:00,2024-01-10 12:00:00+00:00,2024-01-10,12:00:00
Jan. 7,"2024, 11 a.m.",7-Jan-24   11 a.m.,D9 Wreck (D9W),2,Fair,-,2024,11 AM,Jan 7 2024 11 AM,2024-01-07 11:00:00,2024-01-07 11:00:00+08:00,2024-01-07 03:00:00+00:00,2024-01-07,03:00:00
Jan. 6,"2024, 10 a.m.",6-Jan-24   10 a.m.,Point Peron (PPR),10,Glassy,Shag Islands (Shoalwater Is MP).,2024,10 AM,Jan 6 2024 10 AM,2024-01-06 10:00:00,2024-01-06 10:00:00+08:00,2024-01-06 02:00:00+00:00,2024-01-06,02:00:00
Jan. 5,"2024, 10 a.m.",5-Jan-24   10 a.m.,South Cottesloe Reef (SCR),10,Glassy,"Great conditions, lots of fish about. Watch out for stingers especially further out",2024,10 AM,Jan 5 2024 10 AM,2024-01-05 10:00:00,2024-01-05 10:00:00+08:00,2024-01-05 02:00:00+00:00,2024-01-05,02:00:00
Jan. 4,"2024, 11 a.m.",4-Jan-24   11 a.m.,North Mole Fremantle (NMF),15,Fair,-,2024,11 AM,Jan 4 2024 11 AM,2024-01-04 11:00:00,2024-01-04 11:00:00+08:00,2024-01-04 03:00:00+00:00,2024-01-04,03:00:00
Jan. 3,"2024, 8 p.m.",3-Jan-24   8 p.m.,South Cottesloe Reef (SCR),20,Glassy,Awesome,2024,8 PM,Jan 3 2024 8 PM,2024-01-03 20:00:00,2024-01-03 20:00:00+08:00,2024-01-03 12:00:00+00:00,2024-01-03,12:00:00
Jan. 3,"2024, 7 p.m.",3-Jan-24   7 p.m.,Port Beach (PRT),20,Glassy,"Easterly Wind, amazing night dive. Vis forever, despite a bit of surge.",2024,7 PM,Jan 3 2024 7 PM,2024-01-03 19:00:00,2024-01-03 19:00:00+08:00,2024-01-03 11:00:00+00:00,2024-01-03,11:00:00
Jan. 3,"2024, 11 a.m.",3-Jan-24   11 a.m.,Point Peron (PPR),15,Fair,Western side cloudy over and and clear in weeds,2024,11 AM,Jan 3 2024 11 AM,2024-01-03 11:00:00,2024-01-03 11:00:00+08:00,2024-01-03 03:00:00+00:00,2024-01-03,03:00:00
Jan. 1,"2024, 11 a.m.",1-Jan-24   11 a.m.,Point Peron (PPR),8,Glassy,John Beach,2024,11 AM,Jan 1 2024 11 AM,2024-01-01 11:00:00,2024-01-01 11:00:00+08:00,2024-01-01 03:00:00+00:00,2024-01-01,03:00:00
Jan. 1,"2024, 11 a.m.",1-Jan-24   11 a.m.,South Cottesloe Reef (SCR),15,Fair,"Upto15m. Cloudy in places, also amounts of snot.",2024,11 AM,Jan 1 2024 11 AM,2024-01-01 11:00:00,2024-01-01 11:00:00+08:00,2024-01-01 03:00:00+00:00,2024-01-01,03:00:00
Dec. 31,"2023, 11 a.m.",31-Dec-23   11 a.m.,Kwinana Grain Terminal (KGT),6,Fair,Busy dive site with lots of divers,2023,11 AM,Dec 31 2023 11 AM,2023-12-31 11:00:00,2023-12-31 11:00:00+08:00,2023-12-31 03:00:00+00:00,2023-12-31,03:00:00
Dec. 31,"2023, 8 a.m.",31-Dec-23   8 a.m.,Busselton Jetty (BSJ),15,Fair,"10-15m, slight cloudiness to the water.",2023,8 AM,Dec 31 2023 8 AM,2023-12-31 08:00:00,2023-12-31 08:00:00+08:00,2023-12-31 00:00:00+00:00,2023-12-31,00:00:00
Dec. 30,"2023, 1 p.m.",30-Dec-23   1 p.m.,Blackwall Reach (BWR),4,Fair,-,2023,1 PM,Dec 30 2023 1 PM,2023-12-30 13:00:00,2023-12-30 13:00:00+08:00,2023-12-30 05:00:00+00:00,2023-12-30,05:00:00
Dec. 30,"2023, 11 a.m.",30-Dec-23   11 a.m.,Point Peron (PPR),15,Windy,Shag Islands (Shoalwater Is MP). V. strong E'ly wind.,2023,11 AM,Dec 30 2023 11 AM,2023-12-30 11:00:00,2023-12-30 11:00:00+08:00,2023-12-30 03:00:00+00:00,2023-12-30,03:00:00
Dec. 30,"2023, 8 a.m.",30-Dec-23   8 a.m.,Mettam’s Pool (MET),7,Fair,Decent vis further out. 5m or so closer in.,2023,8 AM,Dec 30 2023 8 AM,2023-12-30 08:00:00,2023-12-30 08:00:00+08:00,2023-12-30 00:00:00+00:00,2023-12-30,00:00:00
Dec. 29,"2023, 11 a.m.",29-Dec-23   11 a.m.,Point Peron (PPR),15,Fair,Snorkelled the western side. Cloudy over sand. Clear over weed. Big surge.,2023,11 AM,Dec 29 2023 11 AM,2023-12-29 11:00:00,2023-12-29 11:00:00+08:00,2023-12-29 03:00:00+00:00,2023-12-29,03:00:00
Dec. 29,"2023, 9 a.m.",29-Dec-23   9 a.m.,Point Peron (PPR),4,Fair,Green and surgey. Mettams was apparently amazing this morning so go figure.,2023,9 AM,Dec 29 2023 9 AM,2023-12-29 09:00:00,2023-12-29 09:00:00+08:00,2023-12-29 01:00:00+00:00,2023-12-29,01:00:00
Dec. 27,"2023, 4 p.m.",27-Dec-23   4 p.m.,Watermans/North Beach (WAT),4,Fair,2-6m conditions getting worse.,2023,4 PM,Dec 27 2023 4 PM,2023-12-27 16:00:00,2023-12-27 16:00:00+08:00,2023-12-27 08:00:00+00:00,2023-12-27,08:00:00
Dec. 27,"2023, 10 a.m.",27-Dec-23   10 a.m.,Rottnest North (RNN),20,Fair,Roe Reef and Mira Flores,2023,10 AM,Dec 27 2023 10 AM,2023-12-27 10:00:00,2023-12-27 10:00:00+08:00,2023-12-27 02:00:00+00:00,2023-12-27,02:00:00
Dec. 27,"2023, 9 a.m.",27-Dec-23   9 a.m.,Mettam’s Pool (MET),5,Fair,"Surgey day, water a little milky rather than green. Heaps of fish",2023,9 AM,Dec 27 2023 9 AM,2023-12-27 09:00:00,2023-12-27 09:00:00+08:00,2023-12-27 01:00:00+00:00,2023-12-27,01:00:00
Dec. 26,"2023, 9 a.m.",26-Dec-23   9 a.m.,Rockingham Dive Trail (RKM),8,Fair,Palm Beach Jetty,2023,9 AM,Dec 26 2023 9 AM,2023-12-26 09:00:00,2023-12-26 09:00:00+08:00,2023-12-26 01:00:00+00:00,2023-12-26,01:00:00
Dec. 22,"2023, 9 a.m.",22-Dec-23   9 a.m.,Point Peron (PPR),8,Glassy,Shag Islands (Shoalwater Is MP),2023,9 AM,Dec 22 2023 9 AM,2023-12-22 09:00:00,2023-12-22 09:00:00+08:00,2023-12-22 01:00:00+00:00,2023-12-22,01:00:00
Dec. 18,"2023, 7 p.m.",18-Dec-23   7 p.m.,Port Beach (PRT),2,Fair,"Surge, kelp/seaweed in the water. 1.4m swell",2023,7 PM,Dec 18 2023 7 PM,2023-12-18 19:00:00,2023-12-18 19:00:00+08:00,2023-12-18 11:00:00+00:00,2023-12-18,11:00:00
Dec. 17,"2023, 10 a.m.",17-Dec-23   10 a.m.,Point Peron (PPR),4,Windy,"Wind starting to pick up. Murky, and decent surge. Saw Eagle Ray.",2023,10 AM,Dec 17 2023 10 AM,2023-12-17 10:00:00,2023-12-17 10:00:00+08:00,2023-12-17 02:00:00+00:00,2023-12-17,02:00:00
Dec. 16,"2023, 9 a.m.",16-Dec-23   9 a.m.,South Cottesloe Reef (SCR),10,Fair,"Great conditions, lots of fish about. Around 10m vis at end of groyne, 6ish meters closer to shore.",2023,9 AM,Dec 16 2023 9 AM,2023-12-16 09:00:00,2023-12-16 09:00:00+08:00,2023-12-16 01:00:00+00:00,2023-12-16,01:00:00
Dec. 13,"2023, 9 a.m.",13-Dec-23   9 a.m.,Point Peron (PPR),5,Fair,Southerly stayed overnight. Green.,2023,9 AM,Dec 13 2023 9 AM,2023-12-13 09:00:00,2023-12-13 09:00:00+08:00,2023-12-13 01:00:00+00:00,2023-12-13,01:00:00
Dec. 13,"2023, 7 a.m.",13-Dec-23   7 a.m.,Mettam’s Pool (MET),2,Fair,-,2023,7 AM,Dec 13 2023 7 AM,2023-12-13 07:00:00,2023-12-13 07:00:00+08:00,2023-12-12 23:00:00+00:00,2023-12-12,23:00:00
Dec. 12,"2023, 7 a.m.",12-Dec-23   7 a.m.,South Cottesloe Reef (SCR),10,Fair,-,2023,7 AM,Dec 12 2023 7 AM,2023-12-12 07:00:00,2023-12-12 07:00:00+08:00,2023-12-11 23:00:00+00:00,2023-12-11,23:00:00
Dec. 10,"2023, 10 a.m.",10-Dec-23   10 a.m.,Ammo Jetty (AMJ),5,Fair,Blue but milky,2023,10 AM,Dec 10 2023 10 AM,2023-12-10 10:00:00,2023-12-10 10:00:00+08:00,2023-12-10 02:00:00+00:00,2023-12-10,02:00:00
Dec. 10,"2023, 8 a.m.",10-Dec-23   8 a.m.,Woodman Point (WOO),5,Fair,"Bit green, slightly better in the shallows on the E side of groyne",2023,8 AM,Dec 10 2023 8 AM,2023-12-10 08:00:00,2023-12-10 08:00:00+08:00,2023-12-10 00:00:00+00:00,2023-12-10,00:00:00
Dec. 6,"2023, 7 p.m.",6-Dec-23   7 p.m.,Sue's Groyne (SGR),6,Fair,"Sue's Groyne, Night Dive, Great vis, great sea life.",2023,7 PM,Dec 6 2023 7 PM,2023-12-06 19:00:00,2023-12-06 19:00:00+08:00,2023-12-06 11:00:00+00:00,2023-12-06,11:00:00
Dec. 6,"2023, 11 a.m.",6-Dec-23   11 a.m.,Coogee Maritime Trail (CMT),5,Windy,Blue but milky,2023,11 AM,Dec 6 2023 11 AM,2023-12-06 11:00:00,2023-12-06 11:00:00+08:00,2023-12-06 03:00:00+00:00,2023-12-06,03:00:00
Dec. 6,"2023, 9 a.m.",6-Dec-23   9 a.m.,Point Peron (PPR),4,Fair,Blue but milky. No hammerheads,2023,9 AM,Dec 6 2023 9 AM,2023-12-06 09:00:00,2023-12-06 09:00:00+08:00,2023-12-06 01:00:00+00:00,2023-12-06,01:00:00
Dec. 2,"2023, 11 a.m.",2-Dec-23   11 a.m.,The Coombe & Mosman Bay (CMB),6,Fair,Green but good vis,2023,11 AM,Dec 2 2023 11 AM,2023-12-02 11:00:00,2023-12-02 11:00:00+08:00,2023-12-02 03:00:00+00:00,2023-12-02,03:00:00
Dec. 2,"2023, 8 a.m.",2-Dec-23   8 a.m.,Bulk Jetty (BUL),7,Fair,"Light southerly wind. Calm conditions above and below. 1-2m at the start, gets better outwards",2023,8 AM,Dec 2 2023 8 AM,2023-12-02 08:00:00,2023-12-02 08:00:00+08:00,2023-12-02 00:00:00+00:00,2023-12-02,00:00:00
Nov. 29,"2023, 7 p.m.",29-Nov-23   7 p.m.,Kwinana Grain Terminal (KGT),10,Fair,Great vis. Strong current,2023,7 PM,Nov 29 2023 7 PM,2023-11-29 19:00:00,2023-11-29 19:00:00+08:00,2023-11-29 11:00:00+00:00,2023-11-29,11:00:00
Nov. 29,"2023, 11 a.m.",29-Nov-23   11 a.m.,Rottnest North (RNN),20,Fair,-,2023,11 AM,Nov 29 2023 11 AM,2023-11-29 11:00:00,2023-11-29 11:00:00+08:00,2023-11-29 03:00:00+00:00,2023-11-29,03:00:00
Nov. 26,"2023, 9 a.m.",26-Nov-23   9 a.m.,Mettam’s Pool (MET),5,Fair,-,2023,9 AM,Nov 26 2023 9 AM,2023-11-26 09:00:00,2023-11-26 09:00:00+08:00,2023-11-26 01:00:00+00:00,2023-11-26,01:00:00
Nov. 25,"2023, 11 a.m.",25-Nov-23   11 a.m.,The Coombe & Mosman Bay (CMB),6,Fair,"Green but not silty, 22C",2023,11 AM,Nov 25 2023 11 AM,2023-11-25 11:00:00,2023-11-25 11:00:00+08:00,2023-11-25 03:00:00+00:00,2023-11-25,03:00:00
Nov. 18,"2023, 10 a.m.",18-Nov-23   10 a.m.,Point Peron (PPR),8,Fair,-,2023,10 AM,Nov 18 2023 10 AM,2023-11-18 10:00:00,2023-11-18 10:00:00+08:00,2023-11-18 02:00:00+00:00,2023-11-18,02:00:00
Nov. 18,"2023, 9 a.m.",18-Nov-23   9 a.m.,South Cottesloe Reef (SCR),8,Fair,Great conditions across the whole reef. Very little fish activity,2023,9 AM,Nov 18 2023 9 AM,2023-11-18 09:00:00,2023-11-18 09:00:00+08:00,2023-11-18 01:00:00+00:00,2023-11-18,01:00:00
Nov. 17,"2023, 9 a.m.",17-Nov-23   9 a.m.,Woodman Point (WOO),12,Fair,"Calm, Sea grass collection.  Great Vis near Kitesurfing",2023,9 AM,Nov 17 2023 9 AM,2023-11-17 09:00:00,2023-11-17 09:00:00+08:00,2023-11-17 01:00:00+00:00,2023-11-17,01:00:00
Nov. 17,"2023, 8 a.m.",17-Nov-23   8 a.m.,Coogee Maritime Trail (CMT),3,Fair,-,2023,8 AM,Nov 17 2023 8 AM,2023-11-17 08:00:00,2023-11-17 08:00:00+08:00,2023-11-17 00:00:00+00:00,2023-11-17,00:00:00
Nov. 15,"2023, 7 p.m.",15-Nov-23   7 p.m.,Bulk Jetty (BUL),10,Windy,"Easterly Wind. Night Dive. Good vis after about 50m from shore. Heaps of crabs, nudi, cuttlefish",2023,7 PM,Nov 15 2023 7 PM,2023-11-15 19:00:00,2023-11-15 19:00:00+08:00,2023-11-15 11:00:00+00:00,2023-11-15,11:00:00
Nov. 12,"2023, 1 p.m.",12-Nov-23   1 p.m.,Hillarys (HIL),1,Fair,"BOAB reef. Very murky, no chop, winds E. 'Green out' visibility",2023,1 PM,Nov 12 2023 1 PM,2023-11-12 13:00:00,2023-11-12 13:00:00+08:00,2023-11-12 05:00:00+00:00,2023-11-12,05:00:00
Nov. 12,"2023, 8 a.m.",12-Nov-23   8 a.m.,North Mole Fremantle (NMF),8,Glassy,"3-4m north side, 8m out at the wreck",2023,8 AM,Nov 12 2023 8 AM,2023-11-12 08:00:00,2023-11-12 08:00:00+08:00,2023-11-12 00:00:00+00:00,2023-11-12,00:00:00
Nov. 11,"2023, noon",11-Nov-23   12 p.m.,Rottnest North (RNN),15,Fair,City of York wreck,2023,12 PM,Nov 11 2023 12 PM,2023-11-11 12:00:00,2023-11-11 12:00:00+08:00,2023-11-11 04:00:00+00:00,2023-11-11,04:00:00
Nov. 11,"2023, 10 a.m.",11-Nov-23   10 a.m.,Rottnest North (RNN),10,Fair,"Roe reef, surge",2023,10 AM,Nov 11 2023 10 AM,2023-11-11 10:00:00,2023-11-11 10:00:00+08:00,2023-11-11 02:00:00+00:00,2023-11-11,02:00:00
Nov. 5,"2023, 8 a.m.",5-Nov-23   8 a.m.,Mettam’s Pool (MET),3,Fair,A lot of debris in the water,2023,8 AM,Nov 5 2023 8 AM,2023-11-05 08:00:00,2023-11-05 08:00:00+08:00,2023-11-05 00:00:00+00:00,2023-11-05,00:00:00
Nov. 4,"2023, 10 a.m.",4-Nov-23   10 a.m.,Rottnest North (RNN),20,Fair,-,2023,10 AM,Nov 4 2023 10 AM,2023-11-04 10:00:00,2023-11-04 10:00:00+08:00,2023-11-04 02:00:00+00:00,2023-11-04,02:00:00
Nov. 4,"2023, 9 a.m.",4-Nov-23   9 a.m.,South Cottesloe Reef (SCR),12,Glassy,-,2023,9 AM,Nov 4 2023 9 AM,2023-11-04 09:00:00,2023-11-04 09:00:00+08:00,2023-11-04 01:00:00+00:00,2023-11-04,01:00:00
Nov. 1,"2023, 2 p.m.",1-Nov-23   2 p.m.,Bulk Jetty (BUL),2,Fair,Milky green. Poor vis.  Lotsa nudis and blue swimmers.,2023,2 PM,Nov 1 2023 2 PM,2023-11-01 14:00:00,2023-11-01 14:00:00+08:00,2023-11-01 06:00:00+00:00,2023-11-01,06:00:00
Oct. 22,"2023, 9 a.m.",22-Oct-23   9 a.m.,Rottnest North (RNN),15,Fair,Swirl Reef and Thompson bay,2023,9 AM,Oct 22 2023 9 AM,2023-10-22 09:00:00,2023-10-22 09:00:00+08:00,2023-10-22 01:00:00+00:00,2023-10-22,01:00:00
Oct. 22,"2023, 9 a.m.",22-Oct-23   9 a.m.,Coogee Maritime Trail (CMT),3,Fair,-,2023,9 AM,Oct 22 2023 9 AM,2023-10-22 09:00:00,2023-10-22 09:00:00+08:00,2023-10-22 01:00:00+00:00,2023-10-22,01:00:00
Oct. 18,"2023, 8 p.m.",18-Oct-23   8 p.m.,Watermans/North Beach (WAT),5,Rough,"20C, big surge at MAAC, but better vis than expected. Pt Jackson Shark and Ray spotted.",2023,8 PM,Oct 18 2023 8 PM,2023-10-18 20:00:00,2023-10-18 20:00:00+08:00,2023-10-18 12:00:00+00:00,2023-10-18,12:00:00
Oct. 8,"2023, 9 a.m.",8-Oct-23   9 a.m.,Coogee Maritime Trail (CMT),3,Fair,"A bit of surge, but okay not he surface. Green and murky below",2023,9 AM,Oct 8 2023 9 AM,2023-10-08 09:00:00,2023-10-08 09:00:00+08:00,2023-10-08 01:00:00+00:00,2023-10-08,01:00:00
Oct. 8,"2023, 9 a.m.",8-Oct-23   9 a.m.,Watermans/North Beach (WAT),3,Fair,"Same as day before, vis slightly better",2023,9 AM,Oct 8 2023 9 AM,2023-10-08 09:00:00,2023-10-08 09:00:00+08:00,2023-10-08 01:00:00+00:00,2023-10-08,01:00:00
Oct. 7,"2023, 8 a.m.",7-Oct-23   8 a.m.,Watermans/North Beach (WAT),2,Fair,"19C, surge, tons of particulates in the water, little milky as well",2023,8 AM,Oct 7 2023 8 AM,2023-10-07 08:00:00,2023-10-07 08:00:00+08:00,2023-10-07 00:00:00+00:00,2023-10-07,00:00:00
Oct. 6,"2023, 8 p.m.",6-Oct-23   8 p.m.,Port Beach (PRT),2,Fair,"18C Strong surge, lots of particulates in the water and milky",2023,8 PM,Oct 6 2023 8 PM,2023-10-06 20:00:00,2023-10-06 20:00:00+08:00,2023-10-06 12:00:00+00:00,2023-10-06,12:00:00
Oct. 4,"2023, 7 p.m.",4-Oct-23   7 p.m.,Kwinana Grain Terminal (KGT),3,Fair,"Night Dive, Decent current, Squid, Bobtail, Prawns, Crabs, Nudis. Ship being loaded.",2023,7 PM,Oct 4 2023 7 PM,2023-10-04 19:00:00,2023-10-04 19:00:00+08:00,2023-10-04 11:00:00+00:00,2023-10-04,11:00:00
Oct. 3,"2023, 8 a.m.",3-Oct-23   8 a.m.,D9 Wreck (D9W),2,Fair,-,2023,8 AM,Oct 3 2023 8 AM,2023-10-03 08:00:00,2023-10-03 08:00:00+08:00,2023-10-03 00:00:00+00:00,2023-10-03,00:00:00
Sept. 30,"2023, 7 p.m.",30-Sep-23   7 p.m.,Woodman Point (WOO),8,Fair,"19C, small amount of surge on the north side of the groyne",2023,7 PM,Sep 30 2023 7 PM,2023-09-30 19:00:00,2023-09-30 19:00:00+08:00,2023-09-30 11:00:00+00:00,2023-09-30,11:00:00
Sept. 26,"2023, 10 a.m.",26-Sep-23   10 a.m.,Rottnest North (RNN),15,Glassy,Snorkelled the Basin. Reasonable Surge.,2023,10 AM,Sep 26 2023 10 AM,2023-09-26 10:00:00,2023-09-26 10:00:00+08:00,2023-09-26 02:00:00+00:00,2023-09-26,02:00:00
Sept. 24,"2023, 11 a.m.",24-Sep-23   11 a.m.,Little Beach (LIT),8,Fair,"Jervoise Bay Cove. A few murky spots. Not much sea life, a couple of purple nudi's. Strong Swell.",2023,11 AM,Sep 24 2023 11 AM,2023-09-24 11:00:00,2023-09-24 11:00:00+08:00,2023-09-24 03:00:00+00:00,2023-09-24,03:00:00
Sept. 24,"2023, 9 a.m.",24-Sep-23   9 a.m.,North Mole Fremantle (NMF),5,Fair,swell down but water still murky.,2023,9 AM,Sep 24 2023 9 AM,2023-09-24 09:00:00,2023-09-24 09:00:00+08:00,2023-09-24 01:00:00+00:00,2023-09-24,01:00:00
Sept. 16,"2023, 7 p.m.",16-Sep-23   7 p.m.,Blackwall Reach (BWR),2,Glassy,"1-1.5m and 17C on the barge, 2-3m at 5m around the cliffs",2023,7 PM,Sep 16 2023 7 PM,2023-09-16 19:00:00,2023-09-16 19:00:00+08:00,2023-09-16 11:00:00+00:00,2023-09-16,11:00:00
Sept. 9,"2023, 9 a.m.",9-Sep-23   9 a.m.,Watermans/North Beach (WAT),3,Fair,"17C, vis better in some areas, plenty of caviar dragons about.",2023,9 AM,Sep 9 2023 9 AM,2023-09-09 09:00:00,2023-09-09 09:00:00+08:00,2023-09-09 01:00:00+00:00,2023-09-09,01:00:00
Sept. 7,"2023, 4 p.m.",7-Sep-23   4 p.m.,Ammo Jetty (AMJ),3,Fair,"17C, velvetfish, cuttlefish eggs, blue rings, nudibranch with three rhinophores...",2023,4 PM,Sep 7 2023 4 PM,2023-09-07 16:00:00,2023-09-07 16:00:00+08:00,2023-09-07 08:00:00+00:00,2023-09-07,08:00:00
Aug. 28,"2023, 11 a.m.",28-Aug-23   11 a.m.,Ammo Jetty (AMJ),4,Fair,-,2023,11 AM,Aug 28 2023 11 AM,2023-08-28 11:00:00,2023-08-28 11:00:00+08:00,2023-08-28 03:00:00+00:00,2023-08-28,03:00:00
Aug. 28,"2023, 8 a.m.",28-Aug-23   8 a.m.,Bicton Baths (BIC),6,Fair,Strong current on surface,2023,8 AM,Aug 28 2023 8 AM,2023-08-28 08:00:00,2023-08-28 08:00:00+08:00,2023-08-28 00:00:00+00:00,2023-08-28,00:00:00
Aug. 27,"2023, 11 a.m.",27-Aug-23   11 a.m.,South Fremantle (FRE),15,Fair,"South Mole, 18C, Murky near shore, clear out deeper off the wall.",2023,11 AM,Aug 27 2023 11 AM,2023-08-27 11:00:00,2023-08-27 11:00:00+08:00,2023-08-27 03:00:00+00:00,2023-08-27,03:00:00
Aug. 20,"2023, 10 a.m.",20-Aug-23   10 a.m.,Watermans/North Beach (WAT),10,Glassy,"17C, moderate surge but excellent vis in some areas 5-15m. Max depth 7m.",2023,10 AM,Aug 20 2023 10 AM,2023-08-20 10:00:00,2023-08-20 10:00:00+08:00,2023-08-20 02:00:00+00:00,2023-08-20,02:00:00
Aug. 14,"2023, 11 a.m.",14-Aug-23   11 a.m.,Kwinana Grain Terminal (KGT),4,Fair,15.6C. Not many fish about but lots of warty sea cucumbers,2023,11 AM,Aug 14 2023 11 AM,2023-08-14 11:00:00,2023-08-14 11:00:00+08:00,2023-08-14 03:00:00+00:00,2023-08-14,03:00:00
Aug. 12,"2023, 11 p.m.",12-Aug-23   11 p.m.,Woodman Point (WOO),4,Fair,"Moderate surge on the bottom, only dove north side.",2023,11 PM,Aug 12 2023 11 PM,2023-08-12 23:00:00,2023-08-12 23:00:00+08:00,2023-08-12 15:00:00+00:00,2023-08-12,15:00:00
July 29,"2023, 7 p.m.",29-Jul-23   7 p.m.,Bulk Jetty (BUL),4,Fair,"15C, 3-4m. Mild surge.",2023,7 PM,July 29 2023 7 PM,2023-07-29 19:00:00,2023-07-29 19:00:00+08:00,2023-07-29 11:00:00+00:00,2023-07-29,11:00:00
July 20,"2023, 7 p.m.",20-Jul-23   7 p.m.,Bulk Jetty (BUL),3,Fair,"Strong current and surge. Milky 1m vis in close, better once we got out, but still not great.",2023,7 PM,July 20 2023 7 PM,2023-07-20 19:00:00,2023-07-20 19:00:00+08:00,2023-07-20 11:00:00+00:00,2023-07-20,11:00:00
July 15,"2023, 1 p.m.",15-Jul-23   1 p.m.,Mettam’s Pool (MET),3,Fair,Surf's up!,2023,1 PM,July 15 2023 1 PM,2023-07-15 13:00:00,2023-07-15 13:00:00+08:00,2023-07-15 05:00:00+00:00,2023-07-15,05:00:00
July 2,"2023, 10 a.m.",2-Jul-23   10 a.m.,Ammo Jetty (AMJ),4,Windy,"1m surface waves. 14C Some clear spots, some murky spots. Most wildlife off the end of the jetty.",2023,10 AM,July 2 2023 10 AM,2023-07-02 10:00:00,2023-07-02 10:00:00+08:00,2023-07-02 02:00:00+00:00,2023-07-02,02:00:00
July 1,"2023, 7 p.m.",1-Jul-23   7 p.m.,Ammo Jetty (AMJ),4,Glassy,"14C, 4-5m vis in the shallows, drops off further out. Lots of activity, >15 nudi species in 1hr.",2023,7 PM,July 1 2023 7 PM,2023-07-01 19:00:00,2023-07-01 19:00:00+08:00,2023-07-01 11:00:00+00:00,2023-07-01,11:00:00
July 1,"2023, 9 a.m.",1-Jul-23   9 a.m.,Ammo Jetty (AMJ),4,Fair,13 deg.... 3-4m vis,2023,9 AM,July 1 2023 9 AM,2023-07-01 09:00:00,2023-07-01 09:00:00+08:00,2023-07-01 01:00:00+00:00,2023-07-01,01:00:00
June 29,"2023, 7 p.m.",29-Jun-23   7 p.m.,South Fremantle (FRE),3,Glassy,"15C, milky visibility. Slight surge. Plenty of slugs to look at and calm conditions.",2023,7 PM,June 29 2023 7 PM,2023-06-29 19:00:00,2023-06-29 19:00:00+08:00,2023-06-29 11:00:00+00:00,2023-06-29,11:00:00
June 29,"2023, 10 a.m.",29-Jun-23   10 a.m.,South Cottesloe Reef (SCR),4,Fair,"15C, slight surge but otherwise excellent conditions. Disappointing that the vis hasn't cleared.",2023,10 AM,June 29 2023 10 AM,2023-06-29 10:00:00,2023-06-29 10:00:00+08:00,2023-06-29 02:00:00+00:00,2023-06-29,02:00:00
June 25,"2023, 6 p.m.",25-Jun-23   6 p.m.,The Coombe & Mosman Bay (CMB),3,Glassy,Tannin (1m vis) and 14C in top 2m. Vis opens to 3m beyond thermo/halocline. Less life than last time,2023,6 PM,June 25 2023 6 PM,2023-06-25 18:00:00,2023-06-25 18:00:00+08:00,2023-06-25 10:00:00+00:00,2023-06-25,10:00:00
June 21,"2023, 7 p.m.",21-Jun-23   7 p.m.,Kwinana Grain Terminal (KGT),3,Glassy,"16C. Current flowing from the south, shark fishermen burleying up the water on the beach...",2023,7 PM,June 21 2023 7 PM,2023-06-21 19:00:00,2023-06-21 19:00:00+08:00,2023-06-21 11:00:00+00:00,2023-06-21,11:00:00
June 14,"2023, 7 p.m.",14-Jun-23   7 p.m.,Sue's Groyne (SGR),5,Fair,"Sue's Groyne, Night Dive. Vis varied. Lot's of silt very easily disturbed.",2023,7 PM,June 14 2023 7 PM,2023-06-14 19:00:00,2023-06-14 19:00:00+08:00,2023-06-14 11:00:00+00:00,2023-06-14,11:00:00
June 2,"2023, 7 p.m.",2-Jun-23   7 p.m.,South Fremantle (FRE),10,Fair,"19C, slight surge, great conditions. Heaps of tiny (<5mm) bobtail squids",2023,7 PM,June 2 2023 7 PM,2023-06-02 19:00:00,2023-06-02 19:00:00+08:00,2023-06-02 11:00:00+00:00,2023-06-02,11:00:00
May 27,"2023, 10 a.m.",27-May-23   10 a.m.,Point Peron (PPR),10,Glassy,"Weedies, nudis and everything in between. 17-18C. Minimal surge. Caves are well worth the swim.",2023,10 AM,May 27 2023 10 AM,2023-05-27 10:00:00,2023-05-27 10:00:00+08:00,2023-05-27 02:00:00+00:00,2023-05-27,02:00:00
May 19,"2023, 8 p.m.",19-May-23   8 p.m.,South Cottesloe Reef (SCR),8,Glassy,Same as last time - where is all the winter weather???,2023,8 PM,May 19 2023 8 PM,2023-05-19 20:00:00,2023-05-19 20:00:00+08:00,2023-05-19 12:00:00+00:00,2023-05-19,12:00:00
May 16,"2023, 7 a.m.",16-May-23   7 a.m.,Rockingham Dive Trail (RKM),6,Glassy,"6-8m, 17c",2023,7 AM,May 16 2023 7 AM,2023-05-16 07:00:00,2023-05-16 07:00:00+08:00,2023-05-15 23:00:00+00:00,2023-05-15,23:00:00
May 15,"2023, noon",15-May-23   12 p.m.,Sue's Groyne (SGR),5,Fair,"Sue's Groyne (power station side), lots of particulate. Saw 3 nudibranchs and 4 large samsonfish",2023,12 PM,May 15 2023 12 PM,2023-05-15 12:00:00,2023-05-15 12:00:00+08:00,2023-05-15 04:00:00+00:00,2023-05-15,04:00:00
May 13,"2023, 8 p.m.",13-May-23   8 p.m.,The Coombe & Mosman Bay (CMB),4,Glassy,"Some tannin. 16C. Vis 2-3m past 10m depth. Buering, Goniodoris, Polycera, Okenia",2023,8 PM,May 13 2023 8 PM,2023-05-13 20:00:00,2023-05-13 20:00:00+08:00,2023-05-13 12:00:00+00:00,2023-05-13,12:00:00
May 10,"2023, 7 p.m.",10-May-23   7 p.m.,Blackwall Reach (BWR),6,Fair,"18C, Strong current. Vis better near cliffs.",2023,7 PM,May 10 2023 7 PM,2023-05-10 19:00:00,2023-05-10 19:00:00+08:00,2023-05-10 11:00:00+00:00,2023-05-10,11:00:00
May 9,"2023, 7 a.m.",9-May-23   7 a.m.,Mettam’s Pool (MET),4,Windy,-,2023,7 AM,May 9 2023 7 AM,2023-05-09 07:00:00,2023-05-09 07:00:00+08:00,2023-05-08 23:00:00+00:00,2023-05-08,23:00:00
May 8,"2023, 11 a.m.",8-May-23   11 a.m.,Ammo Jetty (AMJ),3,Fair,Murky,2023,11 AM,May 8 2023 11 AM,2023-05-08 11:00:00,2023-05-08 11:00:00+08:00,2023-05-08 03:00:00+00:00,2023-05-08,03:00:00
May 6,"2023, 8 p.m.",6-May-23   8 p.m.,Watermans/North Beach (WAT),12,Fair,"18C, low tide so quite surgey. Great clarity but not much going on other than super macro subjects.",2023,8 PM,May 6 2023 8 PM,2023-05-06 20:00:00,2023-05-06 20:00:00+08:00,2023-05-06 12:00:00+00:00,2023-05-06,12:00:00
May 5,"2023, 9 p.m.",5-May-23   9 p.m.,South Cottesloe Reef (SCR),10,Glassy,"19C, vis improves further from shore (crystal out the back). Autumn bliss.",2023,9 PM,May 5 2023 9 PM,2023-05-05 21:00:00,2023-05-05 21:00:00+08:00,2023-05-05 13:00:00+00:00,2023-05-05,13:00:00
May 5,"2023, 11 a.m.",5-May-23   11 a.m.,Rockingham Dive Trail (RKM),2,Windy,Snotty and 18c 🥶,2023,11 AM,May 5 2023 11 AM,2023-05-05 11:00:00,2023-05-05 11:00:00+08:00,2023-05-05 03:00:00+00:00,2023-05-05,03:00:00
May 3,"2023, 9 p.m.",3-May-23   9 p.m.,Port Beach (PRT),15,Glassy,"Milky close to shore, but clear by about 50m out. Glorious conditions. 18C Water.",2023,9 PM,May 3 2023 9 PM,2023-05-03 21:00:00,2023-05-03 21:00:00+08:00,2023-05-03 13:00:00+00:00,2023-05-03,13:00:00
May 3,"2023, 6 a.m.",3-May-23   6 a.m.,South Cottesloe Reef (SCR),7,Fair,Flat,2023,6 AM,May 3 2023 6 AM,2023-05-03 06:00:00,2023-05-03 06:00:00+08:00,2023-05-02 22:00:00+00:00,2023-05-02,22:00:00
May 1,"2023, 8 a.m.",1-May-23   8 a.m.,Port Beach (PRT),4,Fair,"5-7m, cloudy",2023,8 AM,May 1 2023 8 AM,2023-05-01 08:00:00,2023-05-01 08:00:00+08:00,2023-05-01 00:00:00+00:00,2023-05-01,00:00:00
April 30,"2023, noon",30-Apr-23   12 p.m.,South Cottesloe Reef (SCR),8,Windy,Bit windy,2023,12 PM,April 30 2023 12 PM,2023-04-30 12:00:00,2023-04-30 12:00:00+08:00,2023-04-30 04:00:00+00:00,2023-04-30,04:00:00
April 30,"2023, 9 a.m.",30-Apr-23   9 a.m.,Staggie Reef (STA),10,Fair,Gemini wreck,2023,9 AM,April 30 2023 9 AM,2023-04-30 09:00:00,2023-04-30 09:00:00+08:00,2023-04-30 01:00:00+00:00,2023-04-30,01:00:00
April 30,"2023, 8 a.m.",30-Apr-23   8 a.m.,Hillarys (HIL),3,Fair,Illuka Beach. Lots of weed on shore. Better vis further out. 19C,2023,8 AM,April 30 2023 8 AM,2023-04-30 08:00:00,2023-04-30 08:00:00+08:00,2023-04-30 00:00:00+00:00,2023-04-30,00:00:00
April 29,"2023, 10 a.m.",29-Apr-23   10 a.m.,Rottnest North (RNN),10,Fair,Roe/Swirl Reef 7-12m. A little surge at Roe Reef,2023,10 AM,April 29 2023 10 AM,2023-04-29 10:00:00,2023-04-29 10:00:00+08:00,2023-04-29 02:00:00+00:00,2023-04-29,02:00:00
April 29,"2023, 8 a.m.",29-Apr-23   8 a.m.,Woodman Point (WOO),6,Fair,4-6m. 18-19 degrees. Better vis on South Side,2023,8 AM,April 29 2023 8 AM,2023-04-29 08:00:00,2023-04-29 08:00:00+08:00,2023-04-29 00:00:00+00:00,2023-04-29,00:00:00
April 25,"2023, 9 a.m.",25-Apr-23   9 a.m.,Bulk Jetty (BUL),6,Fair,-,2023,9 AM,April 25 2023 9 AM,2023-04-25 09:00:00,2023-04-25 09:00:00+08:00,2023-04-25 01:00:00+00:00,2023-04-25,01:00:00
April 24,"2023, 10 a.m.",24-Apr-23   10 a.m.,Woodman Point (WOO),8,Fair,"Better vis on south side, poor north. Lots of seahorses!",2023,10 AM,April 24 2023 10 AM,2023-04-24 10:00:00,2023-04-24 10:00:00+08:00,2023-04-24 02:00:00+00:00,2023-04-24,02:00:00
April 23,"2023, 9 a.m.",23-Apr-23   9 a.m.,Ammo Jetty (AMJ),6,Fair,"Cloudy, bit of surge",2023,9 AM,April 23 2023 9 AM,2023-04-23 09:00:00,2023-04-23 09:00:00+08:00,2023-04-23 01:00:00+00:00,2023-04-23,01:00:00
April 23,"2023, 8 a.m.",23-Apr-23   8 a.m.,Bulk Jetty (BUL),7,Fair,"5-8m vis, patches of bad vis halfway. N wind 11knots, 1.3m wave.",2023,8 AM,April 23 2023 8 AM,2023-04-23 08:00:00,2023-04-23 08:00:00+08:00,2023-04-23 00:00:00+00:00,2023-04-23,00:00:00
April 22,"2023, 8 p.m.",22-Apr-23   8 p.m.,Ammo Jetty (AMJ),3,Fair,"1.5m vis past 5m depth. Above that, 5m vis. Surgey. 20C.",2023,8 PM,April 22 2023 8 PM,2023-04-22 20:00:00,2023-04-22 20:00:00+08:00,2023-04-22 12:00:00+00:00,2023-04-22,12:00:00
April 22,"2023, 10 a.m.",22-Apr-23   10 a.m.,Rockingham Dive Trail (RKM),3,Fair,Better at 12m and deeper,2023,10 AM,April 22 2023 10 AM,2023-04-22 10:00:00,2023-04-22 10:00:00+08:00,2023-04-22 02:00:00+00:00,2023-04-22,02:00:00
April 18,"2023, 7 a.m.",18-Apr-23   7 a.m.,Rockingham Dive Trail (RKM),6,Fair,@6m across most depths,2023,7 AM,April 18 2023 7 AM,2023-04-18 07:00:00,2023-04-18 07:00:00+08:00,2023-04-17 23:00:00+00:00,2023-04-17,23:00:00
April 17,"2023, 7 p.m.",17-Apr-23   7 p.m.,Port Beach (PRT),4,Fair,Murky 3-4m,2023,7 PM,April 17 2023 7 PM,2023-04-17 19:00:00,2023-04-17 19:00:00+08:00,2023-04-17 11:00:00+00:00,2023-04-17,11:00:00
April 17,"2023, 9 a.m.",17-Apr-23   9 a.m.,Rockingham Dive Trail (RKM),10,Fair,"8-10m, both shallow and deep. 21c",2023,9 AM,April 17 2023 9 AM,2023-04-17 09:00:00,2023-04-17 09:00:00+08:00,2023-04-17 01:00:00+00:00,2023-04-17,01:00:00
April 15,"2023, 7 a.m.",15-Apr-23   7 a.m.,Coogee Maritime Trail (CMT),1,Glassy,-,2023,7 AM,April 15 2023 7 AM,2023-04-15 07:00:00,2023-04-15 07:00:00+08:00,2023-04-14 23:00:00+00:00,2023-04-14,23:00:00
April 13,"2023, 7 p.m.",13-Apr-23   7 p.m.,Sue's Groyne (SGR),2,Rough,"Sue's Groyne. Not much sea life, murky.",2023,7 PM,April 13 2023 7 PM,2023-04-13 19:00:00,2023-04-13 19:00:00+08:00,2023-04-13 11:00:00+00:00,2023-04-13,11:00:00
April 12,"2023, 7 p.m.",12-Apr-23   7 p.m.,Blackwall Reach (BWR),3,Fair,Its the River 2-4m. 22degrees.,2023,7 PM,April 12 2023 7 PM,2023-04-12 19:00:00,2023-04-12 19:00:00+08:00,2023-04-12 11:00:00+00:00,2023-04-12,11:00:00
April 12,"2023, 8 a.m.",12-Apr-23   8 a.m.,Woodman Point (WOO),8,Fair,"6-10m South Side, 4-6m North Side. Weed on the beach for entry.",2023,8 AM,April 12 2023 8 AM,2023-04-12 08:00:00,2023-04-12 08:00:00+08:00,2023-04-12 00:00:00+00:00,2023-04-12,00:00:00
April 10,"2023, 10 a.m.",10-Apr-23   10 a.m.,Port Beach (PRT),6,Rough,-,2023,10 AM,April 10 2023 10 AM,2023-04-10 10:00:00,2023-04-10 10:00:00+08:00,2023-04-10 02:00:00+00:00,2023-04-10,02:00:00
April 10,"2023, 8 a.m.",10-Apr-23   8 a.m.,Rottnest South (RTS),12,Rough,Little Salmon Bay. rough swell on the surface but great below,2023,8 AM,April 10 2023 8 AM,2023-04-10 08:00:00,2023-04-10 08:00:00+08:00,2023-04-10 00:00:00+00:00,2023-04-10,00:00:00
April 8,"2023, 2 p.m.",8-Apr-23   2 p.m.,South Cottesloe Reef (SCR),8,Fair,"2-4m in close, 6-10m further off shore. Slightly milky at all depths.",2023,2 PM,April 8 2023 2 PM,2023-04-08 14:00:00,2023-04-08 14:00:00+08:00,2023-04-08 06:00:00+00:00,2023-04-08,06:00:00
April 8,"2023, 11 a.m.",8-Apr-23   11 a.m.,Staggie Reef (STA),15,Fair,Dudley’s Bridge,2023,11 AM,April 8 2023 11 AM,2023-04-08 11:00:00,2023-04-08 11:00:00+08:00,2023-04-08 03:00:00+00:00,2023-04-08,03:00:00
April 7,"2023, 10 a.m.",7-Apr-23   10 a.m.,Coogee Maritime Trail (CMT),8,Fair,-,2023,10 AM,April 7 2023 10 AM,2023-04-07 10:00:00,2023-04-07 10:00:00+08:00,2023-04-07 02:00:00+00:00,2023-04-07,02:00:00
April 5,"2023, 7 a.m.",5-Apr-23   7 a.m.,North Mole Fremantle (NMF),10,Fair,"6-10m. River side 6m, North side 10m+",2023,7 AM,April 5 2023 7 AM,2023-04-05 07:00:00,2023-04-05 07:00:00+08:00,2023-04-04 23:00:00+00:00,2023-04-04,23:00:00
April 3,"2023, 11 a.m.",3-Apr-23   11 a.m.,Woodman Point (WOO),6,Fair,Visibility got worse towards the end of the dive. Lots of fish and a large ray!,2023,11 AM,April 3 2023 11 AM,2023-04-03 11:00:00,2023-04-03 11:00:00+08:00,2023-04-03 03:00:00+00:00,2023-04-03,03:00:00
April 3,"2023, 6 a.m.",3-Apr-23   6 a.m.,South Cottesloe Reef (SCR),6,Fair,Flat,2023,6 AM,April 3 2023 6 AM,2023-04-03 06:00:00,2023-04-03 06:00:00+08:00,2023-04-02 22:00:00+00:00,2023-04-02,22:00:00
April 2,"2023, 10 a.m.",2-Apr-23   10 a.m.,Ammo Jetty (AMJ),8,Glassy,Great conditions!,2023,10 AM,April 2 2023 10 AM,2023-04-02 10:00:00,2023-04-02 10:00:00+08:00,2023-04-02 02:00:00+00:00,2023-04-02,02:00:00
April 2,"2023, 8 a.m.",2-Apr-23   8 a.m.,Hillarys (HIL),7,Fair,Boy in a boat reef,2023,8 AM,April 2 2023 8 AM,2023-04-02 08:00:00,2023-04-02 08:00:00+08:00,2023-04-02 00:00:00+00:00,2023-04-02,00:00:00
April 1,"2023, 8 a.m.",1-Apr-23   8 a.m.,Watermans/North Beach (WAT),10,Fair,8-14m,2023,8 AM,April 1 2023 8 AM,2023-04-01 08:00:00,2023-04-01 08:00:00+08:00,2023-04-01 00:00:00+00:00,2023-04-01,00:00:00
March 30,"2023, 7 a.m.",30-Mar-23   7 a.m.,Bicton Baths (BIC),6,Fair,Only a bit of current at surface,2023,7 AM,March 30 2023 7 AM,2023-03-30 07:00:00,2023-03-30 07:00:00+08:00,2023-03-29 23:00:00+00:00,2023-03-29,23:00:00
March 29,"2023, 6 a.m.",29-Mar-23   6 a.m.,Mettam’s Pool (MET),10,Fair,-,2023,6 AM,March 29 2023 6 AM,2023-03-29 06:00:00,2023-03-29 06:00:00+08:00,2023-03-28 22:00:00+00:00,2023-03-28,22:00:00
March 27,"2023, 6 a.m.",27-Mar-23   6 a.m.,South Cottesloe Reef (SCR),8,Fair,-,2023,6 AM,March 27 2023 6 AM,2023-03-27 06:00:00,2023-03-27 06:00:00+08:00,2023-03-26 22:00:00+00:00,2023-03-26,22:00:00
March 26,"2023, 10 a.m.",26-Mar-23   10 a.m.,North Mole Fremantle (NMF),20,Fair,Fantastic viz enroute and at the barge,2023,10 AM,March 26 2023 10 AM,2023-03-26 10:00:00,2023-03-26 10:00:00+08:00,2023-03-26 02:00:00+00:00,2023-03-26,02:00:00
March 25,"2023, 6 p.m.",25-Mar-23   6 p.m.,Mettam’s Pool (MET),8,Fair,-,2023,6 PM,March 25 2023 6 PM,2023-03-25 18:00:00,2023-03-25 18:00:00+08:00,2023-03-25 10:00:00+00:00,2023-03-25,10:00:00
March 22,"2023, 10 a.m.",22-Mar-23   10 a.m.,Kwinana Grain Terminal (KGT),3,Fair,"Lots of particles floating in the water, quite a few jellyfish about",2023,10 AM,March 22 2023 10 AM,2023-03-22 10:00:00,2023-03-22 10:00:00+08:00,2023-03-22 02:00:00+00:00,2023-03-22,02:00:00
March 21,"2023, 6 a.m.",21-Mar-23   6 a.m.,South Cottesloe Reef (SCR),10,Fair,Flat,2023,6 AM,March 21 2023 6 AM,2023-03-21 06:00:00,2023-03-21 06:00:00+08:00,2023-03-20 22:00:00+00:00,2023-03-20,22:00:00
March 18,"2023, noon",18-Mar-23   12 p.m.,Rottnest North (RNN),10,Fair,Littler armstrong Bay- saw a seal,2023,12 PM,March 18 2023 12 PM,2023-03-18 12:00:00,2023-03-18 12:00:00+08:00,2023-03-18 04:00:00+00:00,2023-03-18,04:00:00
March 16,"2023, midnight",16-Mar-23   12 a.m.,Kwinana Grain Terminal (KGT),10,Glassy,Reasonable Vis for night dive 15/3,2023,12 AM,March 16 2023 12 AM,2023-03-16 00:00:00,2023-03-16 00:00:00+08:00,2023-03-15 16:00:00+00:00,2023-03-15,16:00:00
March 14,"2023, 6 a.m.",14-Mar-23   6 a.m.,South Cottesloe Reef (SCR),2,Fair,"Very bad, big swell",2023,6 AM,March 14 2023 6 AM,2023-03-14 06:00:00,2023-03-14 06:00:00+08:00,2023-03-13 22:00:00+00:00,2023-03-13,22:00:00
March 13,"2023, 7 a.m.",13-Mar-23   7 a.m.,Point Peron (PPR),9,Fair,Weedy Dragons!,2023,7 AM,March 13 2023 7 AM,2023-03-13 07:00:00,2023-03-13 07:00:00+08:00,2023-03-12 23:00:00+00:00,2023-03-12,23:00:00
March 12,"2023, 9 a.m.",12-Mar-23   9 a.m.,Bulk Jetty (BUL),5,Fair,Lots of rays!,2023,9 AM,March 12 2023 9 AM,2023-03-12 09:00:00,2023-03-12 09:00:00+08:00,2023-03-12 01:00:00+00:00,2023-03-12,01:00:00
March 11,"2023, 9 a.m.",11-Mar-23   9 a.m.,Point Peron (PPR),6,Fair,-,2023,9 AM,March 11 2023 9 AM,2023-03-11 09:00:00,2023-03-11 09:00:00+08:00,2023-03-11 01:00:00+00:00,2023-03-11,01:00:00
March 11,"2023, 7 a.m.",11-Mar-23   7 a.m.,South Cottesloe Reef (SCR),8,Fair,Flat,2023,7 AM,March 11 2023 7 AM,2023-03-11 07:00:00,2023-03-11 07:00:00+08:00,2023-03-10 23:00:00+00:00,2023-03-10,23:00:00
March 10,"2023, 7 a.m.",10-Mar-23   7 a.m.,South Cottesloe Reef (SCR),4,Fair,Murky,2023,7 AM,March 10 2023 7 AM,2023-03-10 07:00:00,2023-03-10 07:00:00+08:00,2023-03-09 23:00:00+00:00,2023-03-09,23:00:00
March 8,"2023, 10 a.m.",8-Mar-23   10 a.m.,Ammo Jetty (AMJ),3,Fair,-,2023,10 AM,March 8 2023 10 AM,2023-03-08 10:00:00,2023-03-08 10:00:00+08:00,2023-03-08 02:00:00+00:00,2023-03-08,02:00:00
March 6,"2023, 11 a.m.",6-Mar-23   11 a.m.,Mettam’s Pool (MET),10,Fair,"Snorkelled from Hammersley Pool to Mettams Pool. Sandbanks lower vis than reefs, otherwise ideal.",2023,11 AM,March 6 2023 11 AM,2023-03-06 11:00:00,2023-03-06 11:00:00+08:00,2023-03-06 03:00:00+00:00,2023-03-06,03:00:00
March 6,"2023, 6 a.m.",6-Mar-23   6 a.m.,Point Peron (PPR),16,Glassy,-,2023,6 AM,March 6 2023 6 AM,2023-03-06 06:00:00,2023-03-06 06:00:00+08:00,2023-03-05 22:00:00+00:00,2023-03-05,22:00:00
March 5,"2023, 9 a.m.",5-Mar-23   9 a.m.,Rottnest South (RTS),20,Fair,Parker Point snorkel trail,2023,9 AM,March 5 2023 9 AM,2023-03-05 09:00:00,2023-03-05 09:00:00+08:00,2023-03-05 01:00:00+00:00,2023-03-05,01:00:00
March 4,"2023, noon",4-Mar-23   12 p.m.,Rottnest East (RNE),20,Fair,Macedon Wreck,2023,12 PM,March 4 2023 12 PM,2023-03-04 12:00:00,2023-03-04 12:00:00+08:00,2023-03-04 04:00:00+00:00,2023-03-04,04:00:00
March 2,"2023, 8 p.m.",2-Mar-23   8 p.m.,South Cottesloe Reef (SCR),10,Fair,23c light surge,2023,8 PM,March 2 2023 8 PM,2023-03-02 20:00:00,2023-03-02 20:00:00+08:00,2023-03-02 12:00:00+00:00,2023-03-02,12:00:00
March 2,"2023, 7 p.m.",2-Mar-23   7 p.m.,Coogee Maritime Trail (CMT),10,Glassy,"Night Dive on 26 Feb on Omeo. Amazing conditions, not much sea life.",2023,7 PM,March 2 2023 7 PM,2023-03-02 19:00:00,2023-03-02 19:00:00+08:00,2023-03-02 11:00:00+00:00,2023-03-02,11:00:00
March 2,"2023, 7 a.m.",2-Mar-23   7 a.m.,South Cottesloe Reef (SCR),15,Fair,Perfect,2023,7 AM,March 2 2023 7 AM,2023-03-02 07:00:00,2023-03-02 07:00:00+08:00,2023-03-01 23:00:00+00:00,2023-03-01,23:00:00
March 1,"2023, 7 p.m.",1-Mar-23   7 p.m.,Port Beach (PRT),12,Glassy,Best so far this year.,2023,7 PM,March 1 2023 7 PM,2023-03-01 19:00:00,2023-03-01 19:00:00+08:00,2023-03-01 11:00:00+00:00,2023-03-01,11:00:00
Feb. 28,"2023, 5 p.m.",28-Feb-23   5 p.m.,Rottnest South (RTS),20,Fair,Very good vis - crystal caves dive site,2023,5 PM,Feb 28 2023 5 PM,2023-02-28 17:00:00,2023-02-28 17:00:00+08:00,2023-02-28 09:00:00+00:00,2023-02-28,09:00:00
Feb. 27,"2023, 7 p.m.",27-Feb-23   7 p.m.,Port Beach (PRT),8,Glassy,Less vis Sandtracks end (4-6m),2023,7 PM,Feb 27 2023 7 PM,2023-02-27 19:00:00,2023-02-27 19:00:00+08:00,2023-02-27 11:00:00+00:00,2023-02-27,11:00:00
Feb. 27,"2023, 7 a.m.",27-Feb-23   7 a.m.,South Cottesloe Reef (SCR),8,Glassy,Flat and clear!,2023,7 AM,Feb 27 2023 7 AM,2023-02-27 07:00:00,2023-02-27 07:00:00+08:00,2023-02-26 23:00:00+00:00,2023-02-26,23:00:00
Feb. 26,"2023, 1 p.m.",26-Feb-23   1 p.m.,Rottnest North (RNN),12,Fair,-,2023,1 PM,Feb 26 2023 1 PM,2023-02-26 13:00:00,2023-02-26 13:00:00+08:00,2023-02-26 05:00:00+00:00,2023-02-26,05:00:00
Feb. 26,"2023, 10 a.m.",26-Feb-23   10 a.m.,Woodman Point (WOO),10,Fair,"A bit murky on the entry side. Clearer outside. Seahorses and crabs, but not much else",2023,10 AM,Feb 26 2023 10 AM,2023-02-26 10:00:00,2023-02-26 10:00:00+08:00,2023-02-26 02:00:00+00:00,2023-02-26,02:00:00
Feb. 26,"2023, 7 a.m.",26-Feb-23   7 a.m.,Coogee Maritime Trail (CMT),6,Fair,-,2023,7 AM,Feb 26 2023 7 AM,2023-02-26 07:00:00,2023-02-26 07:00:00+08:00,2023-02-25 23:00:00+00:00,2023-02-25,23:00:00
Feb. 25,"2023, 3 p.m.",25-Feb-23   3 p.m.,Rottnest East (RNE),10,Fair,Bit milky for the whole Rotto swim,2023,3 PM,Feb 25 2023 3 PM,2023-02-25 15:00:00,2023-02-25 15:00:00+08:00,2023-02-25 07:00:00+00:00,2023-02-25,07:00:00
Feb. 25,"2023, 9 a.m.",25-Feb-23   9 a.m.,Robbs Jetty (ROB),8,Fair,Sea slugs galore.,2023,9 AM,Feb 25 2023 9 AM,2023-02-25 09:00:00,2023-02-25 09:00:00+08:00,2023-02-25 01:00:00+00:00,2023-02-25,01:00:00
Feb. 25,"2023, 8 a.m.",25-Feb-23   8 a.m.,South Cottesloe Reef (SCR),5,Fair,Pretty cloudy for the start of the Rotto swim,2023,8 AM,Feb 25 2023 8 AM,2023-02-25 08:00:00,2023-02-25 08:00:00+08:00,2023-02-25 00:00:00+00:00,2023-02-25,00:00:00
Feb. 21,"2023, 8 a.m.",21-Feb-23   8 a.m.,Point Peron (PPR),8,Glassy,"Off Shoalwater Beach, Coventry St.",2023,8 AM,Feb 21 2023 8 AM,2023-02-21 08:00:00,2023-02-21 08:00:00+08:00,2023-02-21 00:00:00+00:00,2023-02-21,00:00:00
Feb. 19,"2023, 10 a.m.",19-Feb-23   10 a.m.,Woodman Point (WOO),5,Fair,Great dive. Sea horses!,2023,10 AM,Feb 19 2023 10 AM,2023-02-19 10:00:00,2023-02-19 10:00:00+08:00,2023-02-19 02:00:00+00:00,2023-02-19,02:00:00
Feb. 18,"2023, 10 a.m.",18-Feb-23   10 a.m.,Rottnest North (RNN),8,Fair,Little Armstrong Bay. A bit milky and green,2023,10 AM,Feb 18 2023 10 AM,2023-02-18 10:00:00,2023-02-18 10:00:00+08:00,2023-02-18 02:00:00+00:00,2023-02-18,02:00:00
Feb. 18,"2023, 9 a.m.",18-Feb-23   9 a.m.,Hillarys (HIL),5,Fair,"Boy in a Boat Reef. Lots to see, great snorkel. Highlights: Finger Zoanthid, Whitebarred Boxfish",2023,9 AM,Feb 18 2023 9 AM,2023-02-18 09:00:00,2023-02-18 09:00:00+08:00,2023-02-18 01:00:00+00:00,2023-02-18,01:00:00
Feb. 12,"2023, 10 a.m.",12-Feb-23   10 a.m.,Rottnest South (RTS),4,Fair,-,2023,10 AM,Feb 12 2023 10 AM,2023-02-12 10:00:00,2023-02-12 10:00:00+08:00,2023-02-12 02:00:00+00:00,2023-02-12,02:00:00
Feb. 12,"2023, 8 a.m.",12-Feb-23   8 a.m.,Point Peron (PPR),4,Fair,Fair bit of surge,2023,8 AM,Feb 12 2023 8 AM,2023-02-12 08:00:00,2023-02-12 08:00:00+08:00,2023-02-12 00:00:00+00:00,2023-02-12,00:00:00
Feb. 12,"2023, 8 a.m.",12-Feb-23   8 a.m.,Busselton Jetty (BSJ),15,Fair,"Mostly flat, bit of a swell at the end of the jetty",2023,8 AM,Feb 12 2023 8 AM,2023-02-12 08:00:00,2023-02-12 08:00:00+08:00,2023-02-12 00:00:00+00:00,2023-02-12,00:00:00
Feb. 8,"2023, 7 a.m.",8-Feb-23   7 a.m.,Mettam’s Pool (MET),5,Fair,Calm conditions but a break over the reef,2023,7 AM,Feb 8 2023 7 AM,2023-02-08 07:00:00,2023-02-08 07:00:00+08:00,2023-02-07 23:00:00+00:00,2023-02-07,23:00:00
Feb. 8,"2023, 6 a.m.",8-Feb-23   6 a.m.,South Cottesloe Reef (SCR),7,Fair,Flat,2023,6 AM,Feb 8 2023 6 AM,2023-02-08 06:00:00,2023-02-08 06:00:00+08:00,2023-02-07 22:00:00+00:00,2023-02-07,22:00:00
Feb. 6,"2023, 8 p.m.",6-Feb-23   8 p.m.,Port Beach (PRT),6,Fair,4-6m. Lots of Jellyfish,2023,8 PM,Feb 6 2023 8 PM,2023-02-06 20:00:00,2023-02-06 20:00:00+08:00,2023-02-06 12:00:00+00:00,2023-02-06,12:00:00
Feb. 6,"2023, 6 a.m.",6-Feb-23   6 a.m.,South Cottesloe Reef (SCR),3,Rough,Swelly!,2023,6 AM,Feb 6 2023 6 AM,2023-02-06 06:00:00,2023-02-06 06:00:00+08:00,2023-02-05 22:00:00+00:00,2023-02-05,22:00:00
Feb. 5,"2023, 10 a.m.",5-Feb-23   10 a.m.,Ammo Jetty (AMJ),8,Fair,6-10m,2023,10 AM,Feb 5 2023 10 AM,2023-02-05 10:00:00,2023-02-05 10:00:00+08:00,2023-02-05 02:00:00+00:00,2023-02-05,02:00:00
Feb. 4,"2023, 9 p.m.",4-Feb-23   9 p.m.,Watermans/North Beach (WAT),5,Fair,"MAAC, 23C  Very surgey despite low swell. Fair amount of weed in the water.",2023,9 PM,Feb 4 2023 9 PM,2023-02-04 21:00:00,2023-02-04 21:00:00+08:00,2023-02-04 13:00:00+00:00,2023-02-04,13:00:00
Feb. 4,"2023, 4 p.m.",4-Feb-23   4 p.m.,South Cottesloe Reef (SCR),10,Fair,"Slight surge, varied cat sharks, numbray",2023,4 PM,Feb 4 2023 4 PM,2023-02-04 16:00:00,2023-02-04 16:00:00+08:00,2023-02-04 08:00:00+00:00,2023-02-04,08:00:00
Feb. 4,"2023, 1 p.m.",4-Feb-23   1 p.m.,Rottnest South (RTS),15,Fair,Little salmon bay. Beautiful when the sun was out. A bit choppy above the water.,2023,1 PM,Feb 4 2023 1 PM,2023-02-04 13:00:00,2023-02-04 13:00:00+08:00,2023-02-04 05:00:00+00:00,2023-02-04,05:00:00
Feb. 4,"2023, 9 a.m.",4-Feb-23   9 a.m.,Rottnest North (RNN),15,Fair,Little Armstrong bay. Cloudy skies made via a bit poorer than it would have been if sunny,2023,9 AM,Feb 4 2023 9 AM,2023-02-04 09:00:00,2023-02-04 09:00:00+08:00,2023-02-04 01:00:00+00:00,2023-02-04,01:00:00
Feb. 4,"2023, 7 a.m.",4-Feb-23   7 a.m.,Point Peron (PPR),5,Windy,Better further out,2023,7 AM,Feb 4 2023 7 AM,2023-02-04 07:00:00,2023-02-04 07:00:00+08:00,2023-02-03 23:00:00+00:00,2023-02-03,23:00:00
Feb. 3,"2023, 10 a.m.",3-Feb-23   10 a.m.,Penguin Island (PEN),10,Fair,Shag Islands,2023,10 AM,Feb 3 2023 10 AM,2023-02-03 10:00:00,2023-02-03 10:00:00+08:00,2023-02-03 02:00:00+00:00,2023-02-03,02:00:00
Jan. 30,"2023, noon",30-Jan-23   12 p.m.,Rottnest North (RNN),20,Fair,Roe Reef,2023,12 PM,Jan 30 2023 12 PM,2023-01-30 12:00:00,2023-01-30 12:00:00+08:00,2023-01-30 04:00:00+00:00,2023-01-30,04:00:00
Jan. 29,"2023, 8 p.m.",29-Jan-23   8 p.m.,Canal Rocks (CAN),15,Fair,Shore dive. Weedies a plenty.,2023,8 PM,Jan 29 2023 8 PM,2023-01-29 20:00:00,2023-01-29 20:00:00+08:00,2023-01-29 12:00:00+00:00,2023-01-29,12:00:00
Jan. 29,"2023, 9 a.m.",29-Jan-23   9 a.m.,Watermans/North Beach (WAT),6,Fair,MAAC,2023,9 AM,Jan 29 2023 9 AM,2023-01-29 09:00:00,2023-01-29 09:00:00+08:00,2023-01-29 01:00:00+00:00,2023-01-29,01:00:00
Jan. 29,"2023, 9 a.m.",29-Jan-23   9 a.m.,Busselton Jetty (BSJ),20,Fair,Awesome dive.  No current. Very pleasant,2023,9 AM,Jan 29 2023 9 AM,2023-01-29 09:00:00,2023-01-29 09:00:00+08:00,2023-01-29 01:00:00+00:00,2023-01-29,01:00:00
Jan. 27,"2023, 1 p.m.",27-Jan-23   1 p.m.,Ex-HMAS Swan Wreck (SWA),20,Fair,-,2023,1 PM,Jan 27 2023 1 PM,2023-01-27 13:00:00,2023-01-27 13:00:00+08:00,2023-01-27 05:00:00+00:00,2023-01-27,05:00:00
Jan. 26,"2023, 10 a.m.",26-Jan-23   10 a.m.,Carnac Island (CRN),10,Fair,Stragglers Rock.  Fair bit of surge.,2023,10 AM,Jan 26 2023 10 AM,2023-01-26 10:00:00,2023-01-26 10:00:00+08:00,2023-01-26 02:00:00+00:00,2023-01-26,02:00:00
Jan. 26,"2023, 10 a.m.",26-Jan-23   10 a.m.,Canal Rocks (CAN),15,Fair,Coen disagrees and says it was less,2023,10 AM,Jan 26 2023 10 AM,2023-01-26 10:00:00,2023-01-26 10:00:00+08:00,2023-01-26 02:00:00+00:00,2023-01-26,02:00:00
Jan. 25,"2023, 8 p.m.",25-Jan-23   8 p.m.,South Fremantle (FRE),4,Windy,"4m off shore, or along South Mole. 0-1m in close.",2023,8 PM,Jan 25 2023 8 PM,2023-01-25 20:00:00,2023-01-25 20:00:00+08:00,2023-01-25 12:00:00+00:00,2023-01-25,12:00:00
Jan. 22,"2023, 8 a.m.",22-Jan-23   8 a.m.,Ammo Jetty (AMJ),7,Fair,-,2023,8 AM,Jan 22 2023 8 AM,2023-01-22 08:00:00,2023-01-22 08:00:00+08:00,2023-01-22 00:00:00+00:00,2023-01-22,00:00:00
Jan. 22,"2023, 8 a.m.",22-Jan-23   8 a.m.,Coogee Maritime Trail (CMT),10,Fair,"Lovely conditions, better than Friday",2023,8 AM,Jan 22 2023 8 AM,2023-01-22 08:00:00,2023-01-22 08:00:00+08:00,2023-01-22 00:00:00+00:00,2023-01-22,00:00:00
Jan. 22,"2023, 7 a.m.",22-Jan-23   7 a.m.,Sue's Groyne (SGR),8,Fair,Sue’s Groyne again.   Great range of corals and critters.,2023,7 AM,Jan 22 2023 7 AM,2023-01-22 07:00:00,2023-01-22 07:00:00+08:00,2023-01-21 23:00:00+00:00,2023-01-21,23:00:00
Jan. 21,"2023, 4 p.m.",21-Jan-23   4 p.m.,Ammo Jetty (AMJ),5,Fair,Vis dropped near the centre of the jetty but cleared further out.  Good range of things to look at.,2023,4 PM,Jan 21 2023 4 PM,2023-01-21 16:00:00,2023-01-21 16:00:00+08:00,2023-01-21 08:00:00+00:00,2023-01-21,08:00:00
Jan. 21,"2023, 9 a.m.",21-Jan-23   9 a.m.,Rottnest South (RTS),20,Fair,Little salmon bay,2023,9 AM,Jan 21 2023 9 AM,2023-01-21 09:00:00,2023-01-21 09:00:00+08:00,2023-01-21 01:00:00+00:00,2023-01-21,01:00:00
Jan. 21,"2023, 9 a.m.",21-Jan-23   9 a.m.,Mettam’s Pool (MET),8,Fair,"Hammersley Pool. Beautiful limestone reef arches. Western Pomfreds, Banded Sweeps, Scalyfins, Breams",2023,9 AM,Jan 21 2023 9 AM,2023-01-21 09:00:00,2023-01-21 09:00:00+08:00,2023-01-21 01:00:00+00:00,2023-01-21,01:00:00
Jan. 21,"2023, 9 a.m.",21-Jan-23   9 a.m.,Watermans/North Beach (WAT),8,Fair,MAAC.,2023,9 AM,Jan 21 2023 9 AM,2023-01-21 09:00:00,2023-01-21 09:00:00+08:00,2023-01-21 01:00:00+00:00,2023-01-21,01:00:00
Jan. 21,"2023, 9 a.m.",21-Jan-23   9 a.m.,Hillarys (HIL),8,Glassy,North wall.  Great morning.,2023,9 AM,Jan 21 2023 9 AM,2023-01-21 09:00:00,2023-01-21 09:00:00+08:00,2023-01-21 01:00:00+00:00,2023-01-21,01:00:00
Jan. 20,"2023, 8 a.m.",20-Jan-23   8 a.m.,Coogee Maritime Trail (CMT),6,Fair,"Good over omeo, still a bit green",2023,8 AM,Jan 20 2023 8 AM,2023-01-20 08:00:00,2023-01-20 08:00:00+08:00,2023-01-20 00:00:00+00:00,2023-01-20,00:00:00
Jan. 20,"2023, 7 a.m.",20-Jan-23   7 a.m.,Hillarys (HIL),6,Fair,Maac club. Bit of life out there today. A bit of particles in water reducing vis to 4 at points.,2023,7 AM,Jan 20 2023 7 AM,2023-01-20 07:00:00,2023-01-20 07:00:00+08:00,2023-01-19 23:00:00+00:00,2023-01-19,23:00:00
Jan. 20,"2023, 7 a.m.",20-Jan-23   7 a.m.,South Cottesloe Reef (SCR),12,Glassy,"Stunning, lots of fish",2023,7 AM,Jan 20 2023 7 AM,2023-01-20 07:00:00,2023-01-20 07:00:00+08:00,2023-01-19 23:00:00+00:00,2023-01-19,23:00:00
Jan. 19,"2023, 11 a.m.",19-Jan-23   11 a.m.,Point Peron (PPR),5,Fair,-,2023,11 AM,Jan 19 2023 11 AM,2023-01-19 11:00:00,2023-01-19 11:00:00+08:00,2023-01-19 03:00:00+00:00,2023-01-19,03:00:00
Jan. 18,"2023, 8 p.m.",18-Jan-23   8 p.m.,Rockingham Dive Trail (RKM),5,Fair,"Good night dive.  Lionfish,scorpion fish, boar fish and seahorses seen as well as the usual suspects",2023,8 PM,Jan 18 2023 8 PM,2023-01-18 20:00:00,2023-01-18 20:00:00+08:00,2023-01-18 12:00:00+00:00,2023-01-18,12:00:00
Jan. 17,"2023, 8 a.m.",17-Jan-23   8 a.m.,Ammo Jetty (AMJ),3,Fair,-,2023,8 AM,Jan 17 2023 8 AM,2023-01-17 08:00:00,2023-01-17 08:00:00+08:00,2023-01-17 00:00:00+00:00,2023-01-17,00:00:00
Jan. 16,"2023, 8 p.m.",16-Jan-23   8 p.m.,Sue's Groyne (SGR),6,Windy,"Was actually Sue’s Groyne, on the power station side. Not the wreck side.",2023,8 PM,Jan 16 2023 8 PM,2023-01-16 20:00:00,2023-01-16 20:00:00+08:00,2023-01-16 12:00:00+00:00,2023-01-16,12:00:00
Jan. 15,"2023, noon",15-Jan-23   12 p.m.,South Cottesloe Reef (SCR),8,Fair,"Very lively, northern reef",2023,12 PM,Jan 15 2023 12 PM,2023-01-15 12:00:00,2023-01-15 12:00:00+08:00,2023-01-15 04:00:00+00:00,2023-01-15,04:00:00
Jan. 15,"2023, 10 a.m.",15-Jan-23   10 a.m.,Penguin Island (PEN),8,Fair,Shag Islands,2023,10 AM,Jan 15 2023 10 AM,2023-01-15 10:00:00,2023-01-15 10:00:00+08:00,2023-01-15 02:00:00+00:00,2023-01-15,02:00:00
Jan. 15,"2023, 8 a.m.",15-Jan-23   8 a.m.,Ammo Jetty (AMJ),4,Fair,Bit murky,2023,8 AM,Jan 15 2023 8 AM,2023-01-15 08:00:00,2023-01-15 08:00:00+08:00,2023-01-15 00:00:00+00:00,2023-01-15,00:00:00
Jan. 15,"2023, 7 a.m.",15-Jan-23   7 a.m.,Rockingham Dive Trail (RKM),3,Glassy,"22c, no swell, snotty, stingers",2023,7 AM,Jan 15 2023 7 AM,2023-01-15 07:00:00,2023-01-15 07:00:00+08:00,2023-01-14 23:00:00+00:00,2023-01-14,23:00:00
Jan. 14,"2023, 2 p.m.",14-Jan-23   2 p.m.,Hillarys (HIL),6,Fair,4-6m. North Wall,2023,2 PM,Jan 14 2023 2 PM,2023-01-14 14:00:00,2023-01-14 14:00:00+08:00,2023-01-14 06:00:00+00:00,2023-01-14,06:00:00
Jan. 14,"2023, 9 a.m.",14-Jan-23   9 a.m.,Coogee Maritime Trail (CMT),5,Fair,5m when we got in. Silt from swimmers reduced it to about 3m. Great conditions.,2023,9 AM,Jan 14 2023 9 AM,2023-01-14 09:00:00,2023-01-14 09:00:00+08:00,2023-01-14 01:00:00+00:00,2023-01-14,01:00:00
Jan. 12,"2023, 9 p.m.",12-Jan-23   9 p.m.,Bicton Baths (BIC),2,Glassy,"Jerrat Drive, lots of nudis, not much on the ALC40, 24C",2023,9 PM,Jan 12 2023 9 PM,2023-01-12 21:00:00,2023-01-12 21:00:00+08:00,2023-01-12 13:00:00+00:00,2023-01-12,13:00:00
Jan. 12,"2023, 6 a.m.",12-Jan-23   6 a.m.,South Cottesloe Reef (SCR),3,Fair,Flat,2023,6 AM,Jan 12 2023 6 AM,2023-01-12 06:00:00,2023-01-12 06:00:00+08:00,2023-01-11 22:00:00+00:00,2023-01-11,22:00:00
Jan. 9,"2023, 6 a.m.",9-Jan-23   6 a.m.,South Cottesloe Reef (SCR),4,Fair,"4m-ish north reef, much worse closer to groyne. Flat",2023,6 AM,Jan 9 2023 6 AM,2023-01-09 06:00:00,2023-01-09 06:00:00+08:00,2023-01-08 22:00:00+00:00,2023-01-08,22:00:00
Jan. 7,"2023, 4 p.m.",7-Jan-23   4 p.m.,Bicton Baths (BIC),2,Fair,-,2023,4 PM,Jan 7 2023 4 PM,2023-01-07 16:00:00,2023-01-07 16:00:00+08:00,2023-01-07 08:00:00+00:00,2023-01-07,08:00:00
Jan. 6,"2023, 8 a.m.",6-Jan-23   8 a.m.,Coogee Maritime Trail (CMT),4,Fair,Not great. Not likely to improve over the next 3 days with the wind/swell forecast,2023,8 AM,Jan 6 2023 8 AM,2023-01-06 08:00:00,2023-01-06 08:00:00+08:00,2023-01-06 00:00:00+00:00,2023-01-06,00:00:00
Jan. 6,"2023, 8 a.m.",6-Jan-23   8 a.m.,Woodman Point (WOO),10,Fair,-,2023,8 AM,Jan 6 2023 8 AM,2023-01-06 08:00:00,2023-01-06 08:00:00+08:00,2023-01-06 00:00:00+00:00,2023-01-06,00:00:00
Jan. 6,"2023, 7 a.m.",6-Jan-23   7 a.m.,Mettam’s Pool (MET),5,Fair,"Calm, flat, ideal conditions. Highlights: Banded Sweeps, Southern Garfish, Western Pomfreds, Nudis",2023,7 AM,Jan 6 2023 7 AM,2023-01-06 07:00:00,2023-01-06 07:00:00+08:00,2023-01-05 23:00:00+00:00,2023-01-05,23:00:00
Jan. 5,"2023, 2 p.m.",5-Jan-23   2 p.m.,Watermans/North Beach (WAT),6,Fair,"MAAC Pretty good, not many particles in the water.",2023,2 PM,Jan 5 2023 2 PM,2023-01-05 14:00:00,2023-01-05 14:00:00+08:00,2023-01-05 06:00:00+00:00,2023-01-05,06:00:00
Jan. 5,"2023, 1 p.m.",5-Jan-23   1 p.m.,Penguin Island (PEN),15,Fair,"Off Shoalwater Beach, Coventry St.",2023,1 PM,Jan 5 2023 1 PM,2023-01-05 13:00:00,2023-01-05 13:00:00+08:00,2023-01-05 05:00:00+00:00,2023-01-05,05:00:00
Jan. 4,"2023, 8 a.m.",4-Jan-23   8 a.m.,North Mole Fremantle (NMF),8,Fair,2m @pegs 8m @wreck,2023,8 AM,Jan 4 2023 8 AM,2023-01-04 08:00:00,2023-01-04 08:00:00+08:00,2023-01-04 00:00:00+00:00,2023-01-04,00:00:00
Jan. 3,"2023, 8 p.m.",3-Jan-23   8 p.m.,Point Peron (PPR),3,Fair,-,2023,8 PM,Jan 3 2023 8 PM,2023-01-03 20:00:00,2023-01-03 20:00:00+08:00,2023-01-03 12:00:00+00:00,2023-01-03,12:00:00
Jan. 3,"2023, 10 a.m.",3-Jan-23   10 a.m.,Penguin Island (PEN),8,Fair,North end of Seal Island,2023,10 AM,Jan 3 2023 10 AM,2023-01-03 10:00:00,2023-01-03 10:00:00+08:00,2023-01-03 02:00:00+00:00,2023-01-03,02:00:00
Jan. 2,"2023, 10 p.m.",2-Jan-23   10 p.m.,Point Peron (PPR),6,Fair,-,2023,10 PM,Jan 2 2023 10 PM,2023-01-02 22:00:00,2023-01-02 22:00:00+08:00,2023-01-02 14:00:00+00:00,2023-01-02,14:00:00
Jan. 2,"2023, 8 p.m.",2-Jan-23   8 p.m.,Blackwall Reach (BWR),2,Fair,-,2023,8 PM,Jan 2 2023 8 PM,2023-01-02 20:00:00,2023-01-02 20:00:00+08:00,2023-01-02 12:00:00+00:00,2023-01-02,12:00:00
Jan. 2,"2023, noon",2-Jan-23   12 p.m.,Rottnest North (RNN),15,Windy,Inshore just off Geordie Bay cardinal mark,2023,12 PM,Jan 2 2023 12 PM,2023-01-02 12:00:00,2023-01-02 12:00:00+08:00,2023-01-02 04:00:00+00:00,2023-01-02,04:00:00
Jan. 2,"2023, noon",2-Jan-23   12 p.m.,Kwinana Grain Terminal (KGT),1,Glassy,Vis got worse as the day went on.,2023,12 PM,Jan 2 2023 12 PM,2023-01-02 12:00:00,2023-01-02 12:00:00+08:00,2023-01-02 04:00:00+00:00,2023-01-02,04:00:00
Jan. 2,"2023, 10 a.m.",2-Jan-23   10 a.m.,Rottnest North (RNN),20,Windy,Offshore cigar reef,2023,10 AM,Jan 2 2023 10 AM,2023-01-02 10:00:00,2023-01-02 10:00:00+08:00,2023-01-02 02:00:00+00:00,2023-01-02,02:00:00
Jan. 2,"2023, 10 a.m.",2-Jan-23   10 a.m.,Kwinana Grain Terminal (KGT),3,Glassy,Great above.   Not so good under.,2023,10 AM,Jan 2 2023 10 AM,2023-01-02 10:00:00,2023-01-02 10:00:00+08:00,2023-01-02 02:00:00+00:00,2023-01-02,02:00:00
Jan. 2,"2023, 9 a.m.",2-Jan-23   9 a.m.,Rottnest South (RTS),20,Windy,-,2023,9 AM,Jan 2 2023 9 AM,2023-01-02 09:00:00,2023-01-02 09:00:00+08:00,2023-01-02 01:00:00+00:00,2023-01-02,01:00:00
Jan. 2,"2023, 8 a.m.",2-Jan-23   8 a.m.,Penguin Island (PEN),8,Fair,SE corner of island,2023,8 AM,Jan 2 2023 8 AM,2023-01-02 08:00:00,2023-01-02 08:00:00+08:00,2023-01-02 00:00:00+00:00,2023-01-02,00:00:00
Jan. 1,"2023, 9 a.m.",1-Jan-23   9 a.m.,Bulk Jetty (BUL),2,Fair,"Vis was poor but we still had a great time, plenty of nudi’s, a seahorse and crabs",2023,9 AM,Jan 1 2023 9 AM,2023-01-01 09:00:00,2023-01-01 09:00:00+08:00,2023-01-01 01:00:00+00:00,2023-01-01,01:00:00
Jan. 1,"2023, 8 a.m.",1-Jan-23   8 a.m.,Penguin Island (PEN),9,Fair,Snorkled south East corner of island,2023,8 AM,Jan 1 2023 8 AM,2023-01-01 08:00:00,2023-01-01 08:00:00+08:00,2023-01-01 00:00:00+00:00,2023-01-01,00:00:00
Jan. 1,"2023, midnight",1-Jan-23   12 a.m.,Bulk Jetty (BUL),2,Fair,New Years Dive.  Poor vis but awesome in the water.   Happy New Year,2023,12 AM,Jan 1 2023 12 AM,2023-01-01 00:00:00,2023-01-01 00:00:00+08:00,2022-12-31 16:00:00+00:00,2022-12-31,16:00:00
Dec. 31,"2022, 9 p.m.",31-Dec-22   9 p.m.,Busselton Jetty (BSJ),20,Fair,"20C, awesome conditions",2022,9 PM,Dec 31 2022 9 PM,2022-12-31 21:00:00,2022-12-31 21:00:00+08:00,2022-12-31 13:00:00+00:00,2022-12-31,13:00:00
Dec. 31,"2022, 11 a.m.",31-Dec-22   11 a.m.,Rottnest North (RNN),15,Windy,Pinky’s Beach,2022,11 AM,Dec 31 2022 11 AM,2022-12-31 11:00:00,2022-12-31 11:00:00+08:00,2022-12-31 03:00:00+00:00,2022-12-31,03:00:00
Dec. 31,"2022, 9 a.m.",31-Dec-22   9 a.m.,Ex-HMAS Swan Wreck (SWA),20,Glassy,"20C, Point Picquet, Pikachu Nudis everywhere",2022,9 AM,Dec 31 2022 9 AM,2022-12-31 09:00:00,2022-12-31 09:00:00+08:00,2022-12-31 01:00:00+00:00,2022-12-31,01:00:00
Dec. 31,"2022, 6 a.m.",31-Dec-22   6 a.m.,Hillarys (HIL),3,Fair,North wall. Lots of sea grass particles on way in. Vis improves slightly closer to the harbour.,2022,6 AM,Dec 31 2022 6 AM,2022-12-31 06:00:00,2022-12-31 06:00:00+08:00,2022-12-30 22:00:00+00:00,2022-12-30,22:00:00
Dec. 31,"2022, midnight",31-Dec-22   12 a.m.,Bulk Jetty (BUL),2,Fair,Awful vis but plenty of critters out,2022,12 AM,Dec 31 2022 12 AM,2022-12-31 00:00:00,2022-12-31 00:00:00+08:00,2022-12-30 16:00:00+00:00,2022-12-30,16:00:00
Dec. 30,"2022, 8 p.m.",30-Dec-22   8 p.m.,North Mole Fremantle (NMF),8,Windy,"22 dec, lots of particulate may be from polychaetes spawning",2022,8 PM,Dec 30 2022 8 PM,2022-12-30 20:00:00,2022-12-30 20:00:00+08:00,2022-12-30 12:00:00+00:00,2022-12-30,12:00:00
Dec. 30,"2022, 10 a.m.",30-Dec-22   10 a.m.,Lena Wreck (LEN),14,Fair,"22 deg, light winds",2022,10 AM,Dec 30 2022 10 AM,2022-12-30 10:00:00,2022-12-30 10:00:00+08:00,2022-12-30 02:00:00+00:00,2022-12-30,02:00:00
Dec. 30,"2022, 9 a.m.",30-Dec-22   9 a.m.,Kwinana Grain Terminal (KGT),3,Glassy,Awesome morning out there. Plenty of crabs and nudis. Dolphin appeared as we came back to beach.,2022,9 AM,Dec 30 2022 9 AM,2022-12-30 09:00:00,2022-12-30 09:00:00+08:00,2022-12-30 01:00:00+00:00,2022-12-30,01:00:00
Dec. 30,"2022, 8 a.m.",30-Dec-22   8 a.m.,South Cottesloe Reef (SCR),4,Fair,Vis much better on northern parts of the reef.,2022,8 AM,Dec 30 2022 8 AM,2022-12-30 08:00:00,2022-12-30 08:00:00+08:00,2022-12-30 00:00:00+00:00,2022-12-30,00:00:00
Dec. 29,"2022, 10 a.m.",29-Dec-22   10 a.m.,Mettam’s Pool (MET),2,Fair,"Calm conditions but churned up, particularly out the back of the reef.",2022,10 AM,Dec 29 2022 10 AM,2022-12-29 10:00:00,2022-12-29 10:00:00+08:00,2022-12-29 02:00:00+00:00,2022-12-29,02:00:00
Dec. 29,"2022, 10 a.m.",29-Dec-22   10 a.m.,Coogee Maritime Trail (CMT),4,Glassy,-,2022,10 AM,Dec 29 2022 10 AM,2022-12-29 10:00:00,2022-12-29 10:00:00+08:00,2022-12-29 02:00:00+00:00,2022-12-29,02:00:00
Dec. 29,"2022, 7 a.m.",29-Dec-22   7 a.m.,South Cottesloe Reef (SCR),4,Fair,Flat,2022,7 AM,Dec 29 2022 7 AM,2022-12-29 07:00:00,2022-12-29 07:00:00+08:00,2022-12-28 23:00:00+00:00,2022-12-28,23:00:00
Dec. 28,"2022, 8 p.m.",28-Dec-22   8 p.m.,South Fremantle (FRE),5,Windy,"South Mole. 2m close to shore, about 5m further out. Cuttlefish, Squid, Crayfish. Stingers.",2022,8 PM,Dec 28 2022 8 PM,2022-12-28 20:00:00,2022-12-28 20:00:00+08:00,2022-12-28 12:00:00+00:00,2022-12-28,12:00:00
Dec. 28,"2022, 10 a.m.",28-Dec-22   10 a.m.,Bulk Jetty (BUL),3,Glassy,-,2022,10 AM,Dec 28 2022 10 AM,2022-12-28 10:00:00,2022-12-28 10:00:00+08:00,2022-12-28 02:00:00+00:00,2022-12-28,02:00:00
Dec. 27,"2022, noon",27-Dec-22   12 p.m.,Coogee Maritime Trail (CMT),2,Fair,Moderate SW winds,2022,12 PM,Dec 27 2022 12 PM,2022-12-27 12:00:00,2022-12-27 12:00:00+08:00,2022-12-27 04:00:00+00:00,2022-12-27,04:00:00
Dec. 27,"2022, 10 a.m.",27-Dec-22   10 a.m.,Rottnest North (RNN),12,Fair,Opera House,2022,10 AM,Dec 27 2022 10 AM,2022-12-27 10:00:00,2022-12-27 10:00:00+08:00,2022-12-27 02:00:00+00:00,2022-12-27,02:00:00
Dec. 27,"2022, 8 a.m.",27-Dec-22   8 a.m.,Watermans/North Beach (WAT),2,Fair,1-2m,2022,8 AM,Dec 27 2022 8 AM,2022-12-27 08:00:00,2022-12-27 08:00:00+08:00,2022-12-27 00:00:00+00:00,2022-12-27,00:00:00
Dec. 26,"2022, 7 p.m.",26-Dec-22   7 p.m.,Port Beach (PRT),4,Fair,2-4m,2022,7 PM,Dec 26 2022 7 PM,2022-12-26 19:00:00,2022-12-26 19:00:00+08:00,2022-12-26 11:00:00+00:00,2022-12-26,11:00:00
Dec. 25,"2022, 10 a.m.",25-Dec-22   10 a.m.,Lena Wreck (LEN),17,Fair,Great dive. 22 degrees.,2022,10 AM,Dec 25 2022 10 AM,2022-12-25 10:00:00,2022-12-25 10:00:00+08:00,2022-12-25 02:00:00+00:00,2022-12-25,02:00:00
Dec. 24,"2022, 8 a.m.",24-Dec-22   8 a.m.,Ammo Jetty (AMJ),2,Fair,"Cloudy, fine silt.",2022,8 AM,Dec 24 2022 8 AM,2022-12-24 08:00:00,2022-12-24 08:00:00+08:00,2022-12-24 00:00:00+00:00,2022-12-24,00:00:00
Dec. 24,"2022, 8 a.m.",24-Dec-22   8 a.m.,Woodman Point (WOO),4,Fair,4-6m,2022,8 AM,Dec 24 2022 8 AM,2022-12-24 08:00:00,2022-12-24 08:00:00+08:00,2022-12-24 00:00:00+00:00,2022-12-24,00:00:00
Dec. 23,"2022, 8 p.m.",23-Dec-22   8 p.m.,South Cottesloe Reef (SCR),2,Fair,lucky to get 2m for most of the dive.,2022,8 PM,Dec 23 2022 8 PM,2022-12-23 20:00:00,2022-12-23 20:00:00+08:00,2022-12-23 12:00:00+00:00,2022-12-23,12:00:00
Dec. 23,"2022, 11 a.m.",23-Dec-22   11 a.m.,Ammo Jetty (AMJ),1,Glassy,Murky. Very murky.,2022,11 AM,Dec 23 2022 11 AM,2022-12-23 11:00:00,2022-12-23 11:00:00+08:00,2022-12-23 03:00:00+00:00,2022-12-23,03:00:00
Dec. 23,"2022, 8 a.m.",23-Dec-22   8 a.m.,South Cottesloe Reef (SCR),4,Fair,"Poor vis close to groyne, dense schools of shimmering fry, baby snapper, morwong, anemones, occies!",2022,8 AM,Dec 23 2022 8 AM,2022-12-23 08:00:00,2022-12-23 08:00:00+08:00,2022-12-23 00:00:00+00:00,2022-12-23,00:00:00
Dec. 23,"2022, 8 a.m.",23-Dec-22   8 a.m.,Coogee Maritime Trail (CMT),2,Fair,Good wind and surf conditions for snorkelling but visibility was poor as far as the dive flag.,2022,8 AM,Dec 23 2022 8 AM,2022-12-23 08:00:00,2022-12-23 08:00:00+08:00,2022-12-23 00:00:00+00:00,2022-12-23,00:00:00
Dec. 22,"2022, noon",22-Dec-22   12 p.m.,Rottnest South (RTS),10,Fair,"Bit silty, but very flat.",2022,12 PM,Dec 22 2022 12 PM,2022-12-22 12:00:00,2022-12-22 12:00:00+08:00,2022-12-22 04:00:00+00:00,2022-12-22,04:00:00
Dec. 21,"2022, 8 p.m.",21-Dec-22   8 p.m.,North Mole Fremantle (NMF),6,Fair,"Topside conditions fairly flat, patchy areas of milky vis",2022,8 PM,Dec 21 2022 8 PM,2022-12-21 20:00:00,2022-12-21 20:00:00+08:00,2022-12-21 12:00:00+00:00,2022-12-21,12:00:00
Dec. 21,"2022, 1 p.m.",21-Dec-22   1 p.m.,Rottnest North (RNN),8,Fair,"Roe Reef, a flat surface, a little surge underneath.",2022,1 PM,Dec 21 2022 1 PM,2022-12-21 13:00:00,2022-12-21 13:00:00+08:00,2022-12-21 05:00:00+00:00,2022-12-21,05:00:00
Dec. 21,"2022, 11 a.m.",21-Dec-22   11 a.m.,Bulk Jetty (BUL),4,Glassy,"Lots of large crabs, a few seahorses, nudi's. Lots of algae and spawn in the water.",2022,11 AM,Dec 21 2022 11 AM,2022-12-21 11:00:00,2022-12-21 11:00:00+08:00,2022-12-21 03:00:00+00:00,2022-12-21,03:00:00
Dec. 21,"2022, 11 a.m.",21-Dec-22   11 a.m.,Rottnest North (RNN),5,Fair,"Opera House, 10m+ vis in first 20m of water. Dropped to 5m on the bottom & in cave.",2022,11 AM,Dec 21 2022 11 AM,2022-12-21 11:00:00,2022-12-21 11:00:00+08:00,2022-12-21 03:00:00+00:00,2022-12-21,03:00:00
Dec. 21,"2022, 10 a.m.",21-Dec-22   10 a.m.,Rottnest South (RTS),8,Fair,"Crystal palace, about 8m vis. about 1.3m swell",2022,10 AM,Dec 21 2022 10 AM,2022-12-21 10:00:00,2022-12-21 10:00:00+08:00,2022-12-21 02:00:00+00:00,2022-12-21,02:00:00
Dec. 20,"2022, 9 a.m.",20-Dec-22   9 a.m.,Bicton Baths (BIC),5,Fair,-,2022,9 AM,Dec 20 2022 9 AM,2022-12-20 09:00:00,2022-12-20 09:00:00+08:00,2022-12-20 01:00:00+00:00,2022-12-20,01:00:00
Dec. 20,"2022, 8 a.m.",20-Dec-22   8 a.m.,Lena Wreck (LEN),17,Glassy,"Amazing visability, 21°. Sea like a mirror.",2022,8 AM,Dec 20 2022 8 AM,2022-12-20 08:00:00,2022-12-20 08:00:00+08:00,2022-12-20 00:00:00+00:00,2022-12-20,00:00:00
Dec. 19,"2022, 6 a.m.",19-Dec-22   6 a.m.,South Cottesloe Reef (SCR),5,Fair,Milky and flat,2022,6 AM,Dec 19 2022 6 AM,2022-12-19 06:00:00,2022-12-19 06:00:00+08:00,2022-12-18 22:00:00+00:00,2022-12-18,22:00:00
Dec. 18,"2022, 9 p.m.",18-Dec-22   9 p.m.,Kwinana Grain Terminal (KGT),3,Fair,"22c, no surge, night occy, blue rings, plenty of crabs. Not many nudis",2022,9 PM,Dec 18 2022 9 PM,2022-12-18 21:00:00,2022-12-18 21:00:00+08:00,2022-12-18 13:00:00+00:00,2022-12-18,13:00:00
Dec. 18,"2022, 10 a.m.",18-Dec-22   10 a.m.,Robbs Jetty (ROB),10,Fair,Still excellent viz two days later.,2022,10 AM,Dec 18 2022 10 AM,2022-12-18 10:00:00,2022-12-18 10:00:00+08:00,2022-12-18 02:00:00+00:00,2022-12-18,02:00:00
Dec. 18,"2022, 10 a.m.",18-Dec-22   10 a.m.,Kwinana Grain Terminal (KGT),4,Fair,"NE breeze, calm",2022,10 AM,Dec 18 2022 10 AM,2022-12-18 10:00:00,2022-12-18 10:00:00+08:00,2022-12-18 02:00:00+00:00,2022-12-18,02:00:00
Dec. 18,"2022, 9 a.m.",18-Dec-22   9 a.m.,South Fremantle (FRE),10,Fair,South mole,2022,9 AM,Dec 18 2022 9 AM,2022-12-18 09:00:00,2022-12-18 09:00:00+08:00,2022-12-18 01:00:00+00:00,2022-12-18,01:00:00
Dec. 18,"2022, 8 a.m.",18-Dec-22   8 a.m.,Ammo Jetty (AMJ),5,Fair,"3-5m vis, murky but not much 'dust' in the water. Ok for macro",2022,8 AM,Dec 18 2022 8 AM,2022-12-18 08:00:00,2022-12-18 08:00:00+08:00,2022-12-18 00:00:00+00:00,2022-12-18,00:00:00
Dec. 17,"2022, 2 p.m.",17-Dec-22   2 p.m.,Garden Island (North) (GDN),15,Fair,15-20m,2022,2 PM,Dec 17 2022 2 PM,2022-12-17 14:00:00,2022-12-17 14:00:00+08:00,2022-12-17 06:00:00+00:00,2022-12-17,06:00:00
Dec. 17,"2022, 9 a.m.",17-Dec-22   9 a.m.,Rottnest West (RNW),15,Fair,"Dave’s caves, little bit of turbidity in the water but good conditions underwater",2022,9 AM,Dec 17 2022 9 AM,2022-12-17 09:00:00,2022-12-17 09:00:00+08:00,2022-12-17 01:00:00+00:00,2022-12-17,01:00:00
Dec. 17,"2022, 8 a.m.",17-Dec-22   8 a.m.,Ammo Jetty (AMJ),7,Fair,Snorkeled. Could just see the bottom at the end of the jetty.e,2022,8 AM,Dec 17 2022 8 AM,2022-12-17 08:00:00,2022-12-17 08:00:00+08:00,2022-12-17 00:00:00+00:00,2022-12-17,00:00:00
Dec. 16,"2022, 1 p.m.",16-Dec-22   1 p.m.,Robbs Jetty (ROB),10,Fair,Clear and calm. Excellent viz.,2022,1 PM,Dec 16 2022 1 PM,2022-12-16 13:00:00,2022-12-16 13:00:00+08:00,2022-12-16 05:00:00+00:00,2022-12-16,05:00:00
Dec. 16,"2022, 11 a.m.",16-Dec-22   11 a.m.,Rottnest South (RTS),20,Glassy,Little Salmon Bay snorkel. Great conditions,2022,11 AM,Dec 16 2022 11 AM,2022-12-16 11:00:00,2022-12-16 11:00:00+08:00,2022-12-16 03:00:00+00:00,2022-12-16,03:00:00
Dec. 14,"2022, 7 p.m.",14-Dec-22   7 p.m.,Kwinana Grain Terminal (KGT),4,Fair,Calm water. Some current.,2022,7 PM,Dec 14 2022 7 PM,2022-12-14 19:00:00,2022-12-14 19:00:00+08:00,2022-12-14 11:00:00+00:00,2022-12-14,11:00:00
Dec. 13,"2022, 7 p.m.",13-Dec-22   7 p.m.,Watermans/North Beach (WAT),7,Fair,hazy viz. Low swell low winds,2022,7 PM,Dec 13 2022 7 PM,2022-12-13 19:00:00,2022-12-13 19:00:00+08:00,2022-12-13 11:00:00+00:00,2022-12-13,11:00:00
Dec. 13,"2022, noon",13-Dec-22   12 p.m.,Mettam’s Pool (MET),4,Fair,Flat and calm waters but strong easterlies,2022,12 PM,Dec 13 2022 12 PM,2022-12-13 12:00:00,2022-12-13 12:00:00+08:00,2022-12-13 04:00:00+00:00,2022-12-13,04:00:00
Dec. 10,"2022, 8 a.m.",10-Dec-22   8 a.m.,Kwinana Grain Terminal (KGT),8,Glassy,"Calm, warm. Nudi, crabs, patches of murk.",2022,8 AM,Dec 10 2022 8 AM,2022-12-10 08:00:00,2022-12-10 08:00:00+08:00,2022-12-10 00:00:00+00:00,2022-12-10,00:00:00
Dec. 7,"2022, 7 p.m.",7-Dec-22   7 p.m.,Bicton Baths (BIC),8,Glassy,"Night dive. Ripping current in the channel, but pretty clear water",2022,7 PM,Dec 7 2022 7 PM,2022-12-07 19:00:00,2022-12-07 19:00:00+08:00,2022-12-07 11:00:00+00:00,2022-12-07,11:00:00
Dec. 7,"2022, 8 a.m.",7-Dec-22   8 a.m.,Bicton Baths (BIC),4,Windy,-,2022,8 AM,Dec 7 2022 8 AM,2022-12-07 08:00:00,2022-12-07 08:00:00+08:00,2022-12-07 00:00:00+00:00,2022-12-07,00:00:00
Dec. 2,"2022, 9 p.m.",2-Dec-22   9 p.m.,South Cottesloe Reef (SCR),2,Fair,"21c, lots of algae, surge",2022,9 PM,Dec 2 2022 9 PM,2022-12-02 21:00:00,2022-12-02 21:00:00+08:00,2022-12-02 13:00:00+00:00,2022-12-02,13:00:00
Nov. 22,"2022, 6 a.m.",22-Nov-22   6 a.m.,Mettam’s Pool (MET),5,Fair,Milky,2022,6 AM,Nov 22 2022 6 AM,2022-11-22 06:00:00,2022-11-22 06:00:00+08:00,2022-11-21 22:00:00+00:00,2022-11-21,22:00:00
Nov. 16,"2022, 7 p.m.",16-Nov-22   7 p.m.,Sue's Groyne (SGR),5,Fair,"Sues Groyne. Lots of Red Algae, and silt on bottom.",2022,7 PM,Nov 16 2022 7 PM,2022-11-16 19:00:00,2022-11-16 19:00:00+08:00,2022-11-16 11:00:00+00:00,2022-11-16,11:00:00
Nov. 14,"2022, 7 a.m.",14-Nov-22   7 a.m.,South Cottesloe Reef (SCR),8,Fair,-,2022,7 AM,Nov 14 2022 7 AM,2022-11-14 07:00:00,2022-11-14 07:00:00+08:00,2022-11-13 23:00:00+00:00,2022-11-13,23:00:00
Nov. 13,"2022, 7 a.m.",13-Nov-22   7 a.m.,The Coombe & Mosman Bay (CMB),3,Fair,-,2022,7 AM,Nov 13 2022 7 AM,2022-11-13 07:00:00,2022-11-13 07:00:00+08:00,2022-11-12 23:00:00+00:00,2022-11-12,23:00:00
Nov. 9,"2022, 7 a.m.",9-Nov-22   7 a.m.,Port Beach (PRT),4,Fair,-,2022,7 AM,Nov 9 2022 7 AM,2022-11-09 07:00:00,2022-11-09 07:00:00+08:00,2022-11-08 23:00:00+00:00,2022-11-08,23:00:00
Nov. 6,"2022, 9 a.m.",6-Nov-22   9 a.m.,North Mole Fremantle (NMF),6,Fair,-,2022,9 AM,Nov 6 2022 9 AM,2022-11-06 09:00:00,2022-11-06 09:00:00+08:00,2022-11-06 01:00:00+00:00,2022-11-06,01:00:00
Nov. 3,"2022, 7 a.m.",3-Nov-22   7 a.m.,South Cottesloe Reef (SCR),8,Fair,Reef to south of groyne,2022,7 AM,Nov 3 2022 7 AM,2022-11-03 07:00:00,2022-11-03 07:00:00+08:00,2022-11-02 23:00:00+00:00,2022-11-02,23:00:00
Oct. 31,"2022, 6 a.m.",31-Oct-22   6 a.m.,South Cottesloe Reef (SCR),3,Fair,-,2022,6 AM,Oct 31 2022 6 AM,2022-10-31 06:00:00,2022-10-31 06:00:00+08:00,2022-10-30 22:00:00+00:00,2022-10-30,22:00:00
Oct. 26,"2022, 7 a.m.",26-Oct-22   7 a.m.,South Cottesloe Reef (SCR),3,Fair,-,2022,7 AM,Oct 26 2022 7 AM,2022-10-26 07:00:00,2022-10-26 07:00:00+08:00,2022-10-25 23:00:00+00:00,2022-10-25,23:00:00
Oct. 23,"2022, 9 a.m.",23-Oct-22   9 a.m.,Kwinana Grain Terminal (KGT),5,Fair,"20c, calm",2022,9 AM,Oct 23 2022 9 AM,2022-10-23 09:00:00,2022-10-23 09:00:00+08:00,2022-10-23 01:00:00+00:00,2022-10-23,01:00:00
Oct. 22,"2022, 11 p.m.",22-Oct-22   11 p.m.,Rottnest North (RNN),20,Fair,Roe Reef and Swirl Reef,2022,11 PM,Oct 22 2022 11 PM,2022-10-22 23:00:00,2022-10-22 23:00:00+08:00,2022-10-22 15:00:00+00:00,2022-10-22,15:00:00
Oct. 19,"2022, 7 p.m.",19-Oct-22   7 p.m.,Little Beach (LIT),10,Windy,"Jervoise Bay Cove. 10m vis in shallow, down to about 3m further along groyne.",2022,7 PM,Oct 19 2022 7 PM,2022-10-19 19:00:00,2022-10-19 19:00:00+08:00,2022-10-19 11:00:00+00:00,2022-10-19,11:00:00
Oct. 16,"2022, 10 a.m.",16-Oct-22   10 a.m.,Kwinana Grain Terminal (KGT),8,Fair,Very little sea life,2022,10 AM,Oct 16 2022 10 AM,2022-10-16 10:00:00,2022-10-16 10:00:00+08:00,2022-10-16 02:00:00+00:00,2022-10-16,02:00:00
Oct. 12,"2022, 8 p.m.",12-Oct-22   8 p.m.,Kwinana Grain Terminal (KGT),8,Fair,"Night dive, decent vis. Squid, crabs, prawns. A bit of current.",2022,8 PM,Oct 12 2022 8 PM,2022-10-12 20:00:00,2022-10-12 20:00:00+08:00,2022-10-12 12:00:00+00:00,2022-10-12,12:00:00
Oct. 9,"2022, 9 a.m.",9-Oct-22   9 a.m.,Ammo Jetty (AMJ),5,Glassy,Vis was variable 3m - 8m. Murky at end of jetty.  Lots of junk in the water (chairs x 3). Nudis+++,2022,9 AM,Oct 9 2022 9 AM,2022-10-09 09:00:00,2022-10-09 09:00:00+08:00,2022-10-09 01:00:00+00:00,2022-10-09,01:00:00
Oct. 8,"2022, 6 a.m.",8-Oct-22   6 a.m.,Busselton Jetty (BSJ),12,Fair,"17.6C, occasional passing swell,",2022,6 AM,Oct 8 2022 6 AM,2022-10-08 06:00:00,2022-10-08 06:00:00+08:00,2022-10-07 22:00:00+00:00,2022-10-07,22:00:00
Oct. 2,"2022, 9 a.m.",2-Oct-22   9 a.m.,Coogee Maritime Trail (CMT),8,Fair,"Calm. Was 15m+ at 9am, but got a bit murky over an hour",2022,9 AM,Oct 2 2022 9 AM,2022-10-02 09:00:00,2022-10-02 09:00:00+08:00,2022-10-02 01:00:00+00:00,2022-10-02,01:00:00
Sept. 22,"2022, 1 p.m.",22-Sep-22   1 p.m.,Coogee Maritime Trail (CMT),2,Fair,"Lots of particles floating about, flat",2022,1 PM,Sep 22 2022 1 PM,2022-09-22 13:00:00,2022-09-22 13:00:00+08:00,2022-09-22 05:00:00+00:00,2022-09-22,05:00:00
Sept. 17,"2022, 9 a.m.",17-Sep-22   9 a.m.,Bulk Jetty (BUL),5,Fair,16c heaps of seahorses,2022,9 AM,Sep 17 2022 9 AM,2022-09-17 09:00:00,2022-09-17 09:00:00+08:00,2022-09-17 01:00:00+00:00,2022-09-17,01:00:00
Sept. 11,"2022, 6 p.m.",11-Sep-22   6 p.m.,Port Beach (PRT),4,Fair,Dirty green water,2022,6 PM,Sep 11 2022 6 PM,2022-09-11 18:00:00,2022-09-11 18:00:00+08:00,2022-09-11 10:00:00+00:00,2022-09-11,10:00:00
Sept. 11,"2022, 11 a.m.",11-Sep-22   11 a.m.,Rockingham Dive Trail (RKM),8,Glassy,"Sunny, calm, little bit of snot in the water",2022,11 AM,Sep 11 2022 11 AM,2022-09-11 11:00:00,2022-09-11 11:00:00+08:00,2022-09-11 03:00:00+00:00,2022-09-11,03:00:00
Sept. 11,"2022, 10 a.m.",11-Sep-22   10 a.m.,Rottnest North (RNN),12,Fair,Green but calm. Becomes murky 1km from island.,2022,10 AM,Sep 11 2022 10 AM,2022-09-11 10:00:00,2022-09-11 10:00:00+08:00,2022-09-11 02:00:00+00:00,2022-09-11,02:00:00
Sept. 4,"2022, 7 p.m.",4-Sep-22   7 p.m.,South Cottesloe Reef (SCR),15,Fair,"17C,<0.5m swell, rained later, still awesome",2022,7 PM,Sep 4 2022 7 PM,2022-09-04 19:00:00,2022-09-04 19:00:00+08:00,2022-09-04 11:00:00+00:00,2022-09-04,11:00:00
Aug. 30,"2022, 5 p.m.",30-Aug-22   5 p.m.,North Mole Fremantle (NMF),4,Fair,"Deceptively flat, very dirty water",2022,5 PM,Aug 30 2022 5 PM,2022-08-30 17:00:00,2022-08-30 17:00:00+08:00,2022-08-30 09:00:00+00:00,2022-08-30,09:00:00
Aug. 21,"2022, 11 a.m.",21-Aug-22   11 a.m.,Coogee Maritime Trail (CMT),5,Glassy,"Very murky beyond the dive flag, clearer closer to shore. The wreck was pretty clear.",2022,11 AM,Aug 21 2022 11 AM,2022-08-21 11:00:00,2022-08-21 11:00:00+08:00,2022-08-21 03:00:00+00:00,2022-08-21,03:00:00
Aug. 13,"2022, 9 a.m.",13-Aug-22   9 a.m.,Rockingham Dive Trail (RKM),15,Rough,"Green, very clear",2022,9 AM,Aug 13 2022 9 AM,2022-08-13 09:00:00,2022-08-13 09:00:00+08:00,2022-08-13 01:00:00+00:00,2022-08-13,01:00:00
July 22,"2022, 8 p.m.",22-Jul-22   8 p.m.,The Coombe & Mosman Bay (CMB),5,Fair,"Vis drops to 1m past 9m depth, 16c",2022,8 PM,July 22 2022 8 PM,2022-07-22 20:00:00,2022-07-22 20:00:00+08:00,2022-07-22 12:00:00+00:00,2022-07-22,12:00:00
July 21,"2022, 5 p.m.",21-Jul-22   5 p.m.,South Fremantle (FRE),1,Windy,"Bathers Beach. Green and murky, stingers",2022,5 PM,July 21 2022 5 PM,2022-07-21 17:00:00,2022-07-21 17:00:00+08:00,2022-07-21 09:00:00+00:00,2022-07-21,09:00:00
July 17,"2022, 10 a.m.",17-Jul-22   10 a.m.,Rottnest South (RTS),15,Fair,"Swelly, but clear underwater",2022,10 AM,July 17 2022 10 AM,2022-07-17 10:00:00,2022-07-17 10:00:00+08:00,2022-07-17 02:00:00+00:00,2022-07-17,02:00:00
July 16,"2022, 4 p.m.",16-Jul-22   4 p.m.,Mettam’s Pool (MET),10,Rough,"Perfect surf condtions, not ideal for snorkeling",2022,4 PM,July 16 2022 4 PM,2022-07-16 16:00:00,2022-07-16 16:00:00+08:00,2022-07-16 08:00:00+00:00,2022-07-16,08:00:00
July 16,"2022, 10 a.m.",16-Jul-22   10 a.m.,Rottnest East (RNE),20,Rough,"Kingston, 20-20.8C",2022,10 AM,July 16 2022 10 AM,2022-07-16 10:00:00,2022-07-16 10:00:00+08:00,2022-07-16 02:00:00+00:00,2022-07-16,02:00:00
July 14,"2022, 9 p.m.",14-Jul-22   9 p.m.,Woodman Point (WOO),10,Windy,"17C, 5m West-V.choppy,10m East-flat!",2022,9 PM,July 14 2022 9 PM,2022-07-14 21:00:00,2022-07-14 21:00:00+08:00,2022-07-14 13:00:00+00:00,2022-07-14,13:00:00
July 13,"2022, 7 p.m.",13-Jul-22   7 p.m.,Blackwall Reach (BWR),4,Fair,"A bit murky, cold on surface, warmer underneath. Strong current on bottom.",2022,7 PM,July 13 2022 7 PM,2022-07-13 19:00:00,2022-07-13 19:00:00+08:00,2022-07-13 11:00:00+00:00,2022-07-13,11:00:00
July 8,"2022, 7 p.m.",8-Jul-22   7 p.m.,Kwinana Grain Terminal (KGT),6,Fair,"Calm conditions, bit milky",2022,7 PM,July 8 2022 7 PM,2022-07-08 19:00:00,2022-07-08 19:00:00+08:00,2022-07-08 11:00:00+00:00,2022-07-08,11:00:00
July 6,"2022, 7 p.m.",6-Jul-22   7 p.m.,The Coombe & Mosman Bay (CMB),7,Fair,"Night dive, small amount of silt, but still good vis. A little cool though",2022,7 PM,July 6 2022 7 PM,2022-07-06 19:00:00,2022-07-06 19:00:00+08:00,2022-07-06 11:00:00+00:00,2022-07-06,11:00:00
July 3,"2022, 9 a.m.",3-Jul-22   9 a.m.,Bulk Jetty (BUL),13,Fair,15c mostly calm. Pineapple fish & lots of seahorses,2022,9 AM,July 3 2022 9 AM,2022-07-03 09:00:00,2022-07-03 09:00:00+08:00,2022-07-03 01:00:00+00:00,2022-07-03,01:00:00
July 3,"2022, 8 a.m.",3-Jul-22   8 a.m.,Point Peron (PPR),5,Rough,-,2022,8 AM,July 3 2022 8 AM,2022-07-03 08:00:00,2022-07-03 08:00:00+08:00,2022-07-03 00:00:00+00:00,2022-07-03,00:00:00
July 2,"2022, 10 a.m.",2-Jul-22   10 a.m.,Woodman Point (WOO),10,Fair,"Variable vis on either side of groyne (5m west, 10m east",2022,10 AM,July 2 2022 10 AM,2022-07-02 10:00:00,2022-07-02 10:00:00+08:00,2022-07-02 02:00:00+00:00,2022-07-02,02:00:00
June 29,"2022, 8 p.m.",29-Jun-22   8 p.m.,Port Beach (PRT),4,Fair,"2-4m close, 4-6m further out.",2022,8 PM,June 29 2022 8 PM,2022-06-29 20:00:00,2022-06-29 20:00:00+08:00,2022-06-29 12:00:00+00:00,2022-06-29,12:00:00
June 29,"2022, 7 p.m.",29-Jun-22   7 p.m.,North Mole Fremantle (NMF),15,Fair,"Cold, tide was low, Port Jackson Shark, Rays, Squid, Small Surge",2022,7 PM,June 29 2022 7 PM,2022-06-29 19:00:00,2022-06-29 19:00:00+08:00,2022-06-29 11:00:00+00:00,2022-06-29,11:00:00
June 27,"2022, 11 a.m.",27-Jun-22   11 a.m.,Port Beach (PRT),16,Windy,6-15m,2022,11 AM,June 27 2022 11 AM,2022-06-27 11:00:00,2022-06-27 11:00:00+08:00,2022-06-27 03:00:00+00:00,2022-06-27,03:00:00
June 26,"2022, 11 a.m.",26-Jun-22   11 a.m.,Rockingham Dive Trail (RKM),12,Windy,8-12m,2022,11 AM,June 26 2022 11 AM,2022-06-26 11:00:00,2022-06-26 11:00:00+08:00,2022-06-26 03:00:00+00:00,2022-06-26,03:00:00
June 26,"2022, 9 a.m.",26-Jun-22   9 a.m.,Kwinana Grain Terminal (KGT),8,Fair,Mild swell; lots of nudis and seahorses,2022,9 AM,June 26 2022 9 AM,2022-06-26 09:00:00,2022-06-26 09:00:00+08:00,2022-06-26 01:00:00+00:00,2022-06-26,01:00:00
June 25,"2022, 2 p.m.",25-Jun-22   2 p.m.,Watermans/North Beach (WAT),5,Rough,Fine past the breakers,2022,2 PM,June 25 2022 2 PM,2022-06-25 14:00:00,2022-06-25 14:00:00+08:00,2022-06-25 06:00:00+00:00,2022-06-25,06:00:00
June 24,"2022, 7 p.m.",24-Jun-22   7 p.m.,Woodman Point (WOO),5,Fair,"Mild surge, clearer water further from groyne",2022,7 PM,June 24 2022 7 PM,2022-06-24 19:00:00,2022-06-24 19:00:00+08:00,2022-06-24 11:00:00+00:00,2022-06-24,11:00:00
June 22,"2022, 7 p.m.",22-Jun-22   7 p.m.,The Coombe & Mosman Bay (CMB),10,Glassy,"Night dive, great vis except when buddy was kicking up silt.",2022,7 PM,June 22 2022 7 PM,2022-06-22 19:00:00,2022-06-22 19:00:00+08:00,2022-06-22 11:00:00+00:00,2022-06-22,11:00:00
June 21,"2022, 7 p.m.",21-Jun-22   7 p.m.,Kwinana Grain Terminal (KGT),8,Fair,"Mild surge, clear water, Blackwater critters",2022,7 PM,June 21 2022 7 PM,2022-06-21 19:00:00,2022-06-21 19:00:00+08:00,2022-06-21 11:00:00+00:00,2022-06-21,11:00:00
June 21,"2022, 6 a.m.",21-Jun-22   6 a.m.,Ammo Jetty (AMJ),1,Fair,-,2022,6 AM,June 21 2022 6 AM,2022-06-21 06:00:00,2022-06-21 06:00:00+08:00,2022-06-20 22:00:00+00:00,2022-06-20,22:00:00
June 13,"2022, 6 p.m.",13-Jun-22   6 p.m.,Coogee Maritime Trail (CMT),0,Windy,-,2022,6 PM,June 13 2022 6 PM,2022-06-13 18:00:00,2022-06-13 18:00:00+08:00,2022-06-13 10:00:00+00:00,2022-06-13,10:00:00
June 11,"2022, 7 p.m.",11-Jun-22   7 p.m.,South Fremantle (FRE),1,Fair,"South Mole, 17c, surge, pipehorse, seahorses, pipefish",2022,7 PM,June 11 2022 7 PM,2022-06-11 19:00:00,2022-06-11 19:00:00+08:00,2022-06-11 11:00:00+00:00,2022-06-11,11:00:00
June 8,"2022, 8 p.m.",8-Jun-22   8 p.m.,South Cottesloe Reef (SCR),20,Glassy,"VVgood! 18C, got windy, near shore viz crap.",2022,8 PM,June 8 2022 8 PM,2022-06-08 20:00:00,2022-06-08 20:00:00+08:00,2022-06-08 12:00:00+00:00,2022-06-08,12:00:00
June 5,"2022, 10 a.m.",5-Jun-22   10 a.m.,Port Beach (PRT),2,Rough,"2-4m if you are lucky, surge.",2022,10 AM,June 5 2022 10 AM,2022-06-05 10:00:00,2022-06-05 10:00:00+08:00,2022-06-05 02:00:00+00:00,2022-06-05,02:00:00
June 4,"2022, 5 p.m.",4-Jun-22   5 p.m.,South Cottesloe Reef (SCR),10,Fair,Beautiful!,2022,5 PM,June 4 2022 5 PM,2022-06-04 17:00:00,2022-06-04 17:00:00+08:00,2022-06-04 09:00:00+00:00,2022-06-04,09:00:00
June 3,"2022, 7 p.m.",3-Jun-22   7 p.m.,Port Beach (PRT),6,Fair,"6-8m, surge.",2022,7 PM,June 3 2022 7 PM,2022-06-03 19:00:00,2022-06-03 19:00:00+08:00,2022-06-03 11:00:00+00:00,2022-06-03,11:00:00
June 3,"2022, 1 p.m.",3-Jun-22   1 p.m.,Coogee Maritime Trail (CMT),0,Fair,sand pumping begun by council,2022,1 PM,June 3 2022 1 PM,2022-06-03 13:00:00,2022-06-03 13:00:00+08:00,2022-06-03 05:00:00+00:00,2022-06-03,05:00:00
May 30,"2022, 10 a.m.",30-May-22   10 a.m.,South Cottesloe Reef (SCR),4,Fair,Patchy visibility,2022,10 AM,May 30 2022 10 AM,2022-05-30 10:00:00,2022-05-30 10:00:00+08:00,2022-05-30 02:00:00+00:00,2022-05-30,02:00:00
May 28,"2022, 10 a.m.",28-May-22   10 a.m.,Woodman Point (WOO),4,Fair,Better on south side,2022,10 AM,May 28 2022 10 AM,2022-05-28 10:00:00,2022-05-28 10:00:00+08:00,2022-05-28 02:00:00+00:00,2022-05-28,02:00:00
May 28,"2022, 8 a.m.",28-May-22   8 a.m.,Ammo Jetty (AMJ),1,Fair,Very murky,2022,8 AM,May 28 2022 8 AM,2022-05-28 08:00:00,2022-05-28 08:00:00+08:00,2022-05-28 00:00:00+00:00,2022-05-28,00:00:00
May 25,"2022, 7 p.m.",25-May-22   7 p.m.,Hillarys (HIL),0,Fair,"Calm, 20C, Couldn't see a thing. We dived North Groyne",2022,7 PM,May 25 2022 7 PM,2022-05-25 19:00:00,2022-05-25 19:00:00+08:00,2022-05-25 11:00:00+00:00,2022-05-25,11:00:00
May 21,"2022, 10 a.m.",21-May-22   10 a.m.,Coogee Maritime Trail (CMT),15,Fair,Best I’ve seen it!,2022,10 AM,May 21 2022 10 AM,2022-05-21 10:00:00,2022-05-21 10:00:00+08:00,2022-05-21 02:00:00+00:00,2022-05-21,02:00:00
May 21,"2022, 9 a.m.",21-May-22   9 a.m.,Kwinana Grain Terminal (KGT),4,Glassy,Vis drops dramatically past 5m depth.Low swell E wind 3 days prior. 19°C.,2022,9 AM,May 21 2022 9 AM,2022-05-21 09:00:00,2022-05-21 09:00:00+08:00,2022-05-21 01:00:00+00:00,2022-05-21,01:00:00
May 18,"2022, 7 p.m.",18-May-22   7 p.m.,Port Beach (PRT),3,Rough,"3m, lots of surge, lots of weed",2022,7 PM,May 18 2022 7 PM,2022-05-18 19:00:00,2022-05-18 19:00:00+08:00,2022-05-18 11:00:00+00:00,2022-05-18,11:00:00
May 18,"2022, 7 p.m.",18-May-22   7 p.m.,South Fremantle (FRE),4,Fair,South Mole,2022,7 PM,May 18 2022 7 PM,2022-05-18 19:00:00,2022-05-18 19:00:00+08:00,2022-05-18 11:00:00+00:00,2022-05-18,11:00:00
May 15,"2022, noon",15-May-22   12 p.m.,Rottnest North (RNN),15,Fair,15-20m,2022,12 PM,May 15 2022 12 PM,2022-05-15 12:00:00,2022-05-15 12:00:00+08:00,2022-05-15 04:00:00+00:00,2022-05-15,04:00:00
May 15,"2022, 11 a.m.",15-May-22   11 a.m.,Bulk Jetty (BUL),4,Glassy,"Calm, but murky. 18C",2022,11 AM,May 15 2022 11 AM,2022-05-15 11:00:00,2022-05-15 11:00:00+08:00,2022-05-15 03:00:00+00:00,2022-05-15,03:00:00
May 15,"2022, 9 a.m.",15-May-22   9 a.m.,Rottnest South (RTS),10,Rough,10-15m,2022,9 AM,May 15 2022 9 AM,2022-05-15 09:00:00,2022-05-15 09:00:00+08:00,2022-05-15 01:00:00+00:00,2022-05-15,01:00:00
May 10,"2022, 6 p.m.",10-May-22   6 p.m.,Port Beach (PRT),4,Fair,"Cloudy, lots of surge.",2022,6 PM,May 10 2022 6 PM,2022-05-10 18:00:00,2022-05-10 18:00:00+08:00,2022-05-10 10:00:00+00:00,2022-05-10,10:00:00
May 8,"2022, 4 p.m.",8-May-22   4 p.m.,Penguin Island (PEN),4,Glassy,-,2022,4 PM,May 8 2022 4 PM,2022-05-08 16:00:00,2022-05-08 16:00:00+08:00,2022-05-08 08:00:00+00:00,2022-05-08,08:00:00
May 8,"2022, 1 p.m.",8-May-22   1 p.m.,Hillarys (HIL),6,Fair,Cow Rocks. Great dive better than Boy n boat as far as conditions go on the same day,2022,1 PM,May 8 2022 1 PM,2022-05-08 13:00:00,2022-05-08 13:00:00+08:00,2022-05-08 05:00:00+00:00,2022-05-08,05:00:00
May 8,"2022, 9 a.m.",8-May-22   9 a.m.,Hillarys (HIL),4,Fair,Swell sitting at 1.2,2022,9 AM,May 8 2022 9 AM,2022-05-08 09:00:00,2022-05-08 09:00:00+08:00,2022-05-08 01:00:00+00:00,2022-05-08,01:00:00
May 7,"2022, 9 a.m.",7-May-22   9 a.m.,Point Peron (PPR),6,Fair,Milky - worse over sand,2022,9 AM,May 7 2022 9 AM,2022-05-07 09:00:00,2022-05-07 09:00:00+08:00,2022-05-07 01:00:00+00:00,2022-05-07,01:00:00
May 6,"2022, 3 p.m.",6-May-22   3 p.m.,Point Peron (PPR),15,Glassy,-,2022,3 PM,May 6 2022 3 PM,2022-05-06 15:00:00,2022-05-06 15:00:00+08:00,2022-05-06 07:00:00+00:00,2022-05-06,07:00:00
May 1,"2022, 8 a.m.",1-May-22   8 a.m.,Kwinana Grain Terminal (KGT),2,Glassy,"19⁰C, Ship is in",2022,8 AM,May 1 2022 8 AM,2022-05-01 08:00:00,2022-05-01 08:00:00+08:00,2022-05-01 00:00:00+00:00,2022-05-01,00:00:00
April 30,"2022, 11 a.m.",30-Apr-22   11 a.m.,Coogee Maritime Trail (CMT),4,Fair,"Very calm, but vis not too great",2022,11 AM,April 30 2022 11 AM,2022-04-30 11:00:00,2022-04-30 11:00:00+08:00,2022-04-30 03:00:00+00:00,2022-04-30,03:00:00
April 30,"2022, 10 a.m.",30-Apr-22   10 a.m.,Ammo Jetty (AMJ),4,Fair,Lots of fines suspended in water,2022,10 AM,April 30 2022 10 AM,2022-04-30 10:00:00,2022-04-30 10:00:00+08:00,2022-04-30 02:00:00+00:00,2022-04-30,02:00:00
April 30,"2022, 9 a.m.",30-Apr-22   9 a.m.,Bulk Jetty (BUL),5,Fair,18c calm,2022,9 AM,April 30 2022 9 AM,2022-04-30 09:00:00,2022-04-30 09:00:00+08:00,2022-04-30 01:00:00+00:00,2022-04-30,01:00:00
April 25,"2022, 10 a.m.",25-Apr-22   10 a.m.,Watermans/North Beach (WAT),10,Fair,"Vis improving, still particles in the water",2022,10 AM,April 25 2022 10 AM,2022-04-25 10:00:00,2022-04-25 10:00:00+08:00,2022-04-25 02:00:00+00:00,2022-04-25,02:00:00
April 24,"2022, 7 p.m.",24-Apr-22   7 p.m.,Port Beach (PRT),8,Fair,6-8m,2022,7 PM,April 24 2022 7 PM,2022-04-24 19:00:00,2022-04-24 19:00:00+08:00,2022-04-24 11:00:00+00:00,2022-04-24,11:00:00
April 24,"2022, 9 a.m.",24-Apr-22   9 a.m.,Rottnest South (RTS),15,Fair,-,2022,9 AM,April 24 2022 9 AM,2022-04-24 09:00:00,2022-04-24 09:00:00+08:00,2022-04-24 01:00:00+00:00,2022-04-24,01:00:00
April 24,"2022, 8 a.m.",24-Apr-22   8 a.m.,Woodman Point (WOO),6,Fair,North Side 5-6m,2022,8 AM,April 24 2022 8 AM,2022-04-24 08:00:00,2022-04-24 08:00:00+08:00,2022-04-24 00:00:00+00:00,2022-04-24,00:00:00
April 23,"2022, 10 a.m.",23-Apr-22   10 a.m.,Rockingham Dive Trail (RKM),2,Windy,50cm-2m tops.,2022,10 AM,April 23 2022 10 AM,2022-04-23 10:00:00,2022-04-23 10:00:00+08:00,2022-04-23 02:00:00+00:00,2022-04-23,02:00:00
April 23,"2022, 8 a.m.",23-Apr-22   8 a.m.,Mettam’s Pool (MET),15,Fair,"Beautiful conditions, no swell and we saw a stingray",2022,8 AM,April 23 2022 8 AM,2022-04-23 08:00:00,2022-04-23 08:00:00+08:00,2022-04-23 00:00:00+00:00,2022-04-23,00:00:00
April 21,"2022, 7 p.m.",21-Apr-22   7 p.m.,Port Beach (PRT),3,Fair,3-4m,2022,7 PM,April 21 2022 7 PM,2022-04-21 19:00:00,2022-04-21 19:00:00+08:00,2022-04-21 11:00:00+00:00,2022-04-21,11:00:00
April 20,"2022, 10 a.m.",20-Apr-22   10 a.m.,Point Peron (PPR),5,Fair,"4-5m, surgey.",2022,10 AM,April 20 2022 10 AM,2022-04-20 10:00:00,2022-04-20 10:00:00+08:00,2022-04-20 02:00:00+00:00,2022-04-20,02:00:00
April 20,"2022, 7 a.m.",20-Apr-22   7 a.m.,Rockingham Dive Trail (RKM),3,Fair,3-4m cloudy.,2022,7 AM,April 20 2022 7 AM,2022-04-20 07:00:00,2022-04-20 07:00:00+08:00,2022-04-19 23:00:00+00:00,2022-04-19,23:00:00
April 19,"2022, 11 a.m.",19-Apr-22   11 a.m.,Rottnest North (RNN),25,Fair,"Roe Reef. Lots of swim throughs, water like a swimming pool",2022,11 AM,April 19 2022 11 AM,2022-04-19 11:00:00,2022-04-19 11:00:00+08:00,2022-04-19 03:00:00+00:00,2022-04-19,03:00:00
April 19,"2022, 9 a.m.",19-Apr-22   9 a.m.,Rottnest West (RNW),15,Fair,Dave’s caves. Fair bit of current but nice dive,2022,9 AM,April 19 2022 9 AM,2022-04-19 09:00:00,2022-04-19 09:00:00+08:00,2022-04-19 01:00:00+00:00,2022-04-19,01:00:00
April 17,"2022, 9 a.m.",17-Apr-22   9 a.m.,Watermans/North Beach (WAT),1,Fair,"Offshore breeze, very poor vis, low but regular swell",2022,9 AM,April 17 2022 9 AM,2022-04-17 09:00:00,2022-04-17 09:00:00+08:00,2022-04-17 01:00:00+00:00,2022-04-17,01:00:00
April 15,"2022, 11 a.m.",15-Apr-22   11 a.m.,Three Mile Reef (3MR),8,Fair,-,2022,11 AM,April 15 2022 11 AM,2022-04-15 11:00:00,2022-04-15 11:00:00+08:00,2022-04-15 03:00:00+00:00,2022-04-15,03:00:00
April 15,"2022, 10 a.m.",15-Apr-22   10 a.m.,Watermans/North Beach (WAT),3,Fair,Better behind drop off and to the south but still cloudy,2022,10 AM,April 15 2022 10 AM,2022-04-15 10:00:00,2022-04-15 10:00:00+08:00,2022-04-15 02:00:00+00:00,2022-04-15,02:00:00
April 15,"2022, 10 a.m.",15-Apr-22   10 a.m.,Point Peron (PPR),8,Fair,"Bit of surge, vis varied 6-10m",2022,10 AM,April 15 2022 10 AM,2022-04-15 10:00:00,2022-04-15 10:00:00+08:00,2022-04-15 02:00:00+00:00,2022-04-15,02:00:00
April 14,"2022, 7 p.m.",14-Apr-22   7 p.m.,Port Beach (PRT),8,Fair,6-8m,2022,7 PM,April 14 2022 7 PM,2022-04-14 19:00:00,2022-04-14 19:00:00+08:00,2022-04-14 11:00:00+00:00,2022-04-14,11:00:00
April 13,"2022, 10 a.m.",13-Apr-22   10 a.m.,Woodman Point (WOO),6,Fair,"Great visibility, southerly breeze, stingers on south side in shallows",2022,10 AM,April 13 2022 10 AM,2022-04-13 10:00:00,2022-04-13 10:00:00+08:00,2022-04-13 02:00:00+00:00,2022-04-13,02:00:00
April 9,"2022, 6 p.m.",9-Apr-22   6 p.m.,North Mole Fremantle (NMF),5,Windy,"23C Lttlsurge,Hvy bck scttr",2022,6 PM,April 9 2022 6 PM,2022-04-09 18:00:00,2022-04-09 18:00:00+08:00,2022-04-09 10:00:00+00:00,2022-04-09,10:00:00
April 6,"2022, 7 a.m.",6-Apr-22   7 a.m.,Ammo Jetty (AMJ),5,Glassy,Got worst by 8am,2022,7 AM,April 6 2022 7 AM,2022-04-06 07:00:00,2022-04-06 07:00:00+08:00,2022-04-05 23:00:00+00:00,2022-04-05,23:00:00
April 3,"2022, 1 p.m.",3-Apr-22   1 p.m.,Mettam’s Pool (MET),8,Fair,-,2022,1 PM,April 3 2022 1 PM,2022-04-03 13:00:00,2022-04-03 13:00:00+08:00,2022-04-03 05:00:00+00:00,2022-04-03,05:00:00
March 30,"2022, 9 a.m.",30-Mar-22   9 a.m.,South Cottesloe Reef (SCR),5,Fair,-,2022,9 AM,March 30 2022 9 AM,2022-03-30 09:00:00,2022-03-30 09:00:00+08:00,2022-03-30 01:00:00+00:00,2022-03-30,01:00:00
March 26,"2022, 9 a.m.",26-Mar-22   9 a.m.,Watermans/North Beach (WAT),10,Fair,Better behind the drop off,2022,9 AM,March 26 2022 9 AM,2022-03-26 09:00:00,2022-03-26 09:00:00+08:00,2022-03-26 01:00:00+00:00,2022-03-26,01:00:00
March 22,"2022, 7 p.m.",22-Mar-22   7 p.m.,South Cottesloe Reef (SCR),3,Windy,Sand Tracks  - 23-24c,2022,7 PM,March 22 2022 7 PM,2022-03-22 19:00:00,2022-03-22 19:00:00+08:00,2022-03-22 11:00:00+00:00,2022-03-22,11:00:00
March 19,"2022, 10 a.m.",19-Mar-22   10 a.m.,South Cottesloe Reef (SCR),2,Windy,-,2022,10 AM,March 19 2022 10 AM,2022-03-19 10:00:00,2022-03-19 10:00:00+08:00,2022-03-19 02:00:00+00:00,2022-03-19,02:00:00
March 16,"2022, 7 p.m.",16-Mar-22   7 p.m.,North Mole Fremantle (NMF),15,Fair,24-25.5c,2022,7 PM,March 16 2022 7 PM,2022-03-16 19:00:00,2022-03-16 19:00:00+08:00,2022-03-16 11:00:00+00:00,2022-03-16,11:00:00
March 12,"2022, 8 p.m.",12-Mar-22   8 p.m.,Woodman Point (WOO),10,Glassy,"23c, perfect.",2022,8 PM,March 12 2022 8 PM,2022-03-12 20:00:00,2022-03-12 20:00:00+08:00,2022-03-12 12:00:00+00:00,2022-03-12,12:00:00
March 12,"2022, noon",12-Mar-22   12 p.m.,Rockingham Dive Trail (RKM),1,Windy,<1. Easterly wind + surge,2022,12 PM,March 12 2022 12 PM,2022-03-12 12:00:00,2022-03-12 12:00:00+08:00,2022-03-12 04:00:00+00:00,2022-03-12,04:00:00
March 11,"2022, noon",11-Mar-22   12 p.m.,Bulk Jetty (BUL),7,Fair,22C shipping,2022,12 PM,March 11 2022 12 PM,2022-03-11 12:00:00,2022-03-11 12:00:00+08:00,2022-03-11 04:00:00+00:00,2022-03-11,04:00:00
March 9,"2022, 7 a.m.",9-Mar-22   7 a.m.,South Cottesloe Reef (SCR),15,Glassy,Heaps of fish around groyne,2022,7 AM,March 9 2022 7 AM,2022-03-09 07:00:00,2022-03-09 07:00:00+08:00,2022-03-08 23:00:00+00:00,2022-03-08,23:00:00
March 6,"2022, 9 p.m.",6-Mar-22   9 p.m.,Coogee Maritime Trail (CMT),4,Glassy,North side or marina,2022,9 PM,March 6 2022 9 PM,2022-03-06 21:00:00,2022-03-06 21:00:00+08:00,2022-03-06 13:00:00+00:00,2022-03-06,13:00:00
March 5,"2022, 8 p.m.",5-Mar-22   8 p.m.,North Mole Fremantle (NMF),4,Fair,-,2022,8 PM,March 5 2022 8 PM,2022-03-05 20:00:00,2022-03-05 20:00:00+08:00,2022-03-05 12:00:00+00:00,2022-03-05,12:00:00
March 5,"2022, 11 a.m.",5-Mar-22   11 a.m.,Bulk Jetty (BUL),5,Fair,-,2022,11 AM,March 5 2022 11 AM,2022-03-05 11:00:00,2022-03-05 11:00:00+08:00,2022-03-05 03:00:00+00:00,2022-03-05,03:00:00
March 5,"2022, 10 a.m.",5-Mar-22   10 a.m.,Camilla Wreck (CAM),5,Fair,-,2022,10 AM,March 5 2022 10 AM,2022-03-05 10:00:00,2022-03-05 10:00:00+08:00,2022-03-05 02:00:00+00:00,2022-03-05,02:00:00
Feb. 26,"2022, 10 a.m.",26-Feb-22   10 a.m.,Kwinana Grain Terminal (KGT),10,Fair,-,2022,10 AM,Feb 26 2022 10 AM,2022-02-26 10:00:00,2022-02-26 10:00:00+08:00,2022-02-26 02:00:00+00:00,2022-02-26,02:00:00
Feb. 23,"2022, 8 a.m.",23-Feb-22   8 a.m.,Ammo Jetty (AMJ),6,Fair,great vis best in months,2022,8 AM,Feb 23 2022 8 AM,2022-02-23 08:00:00,2022-02-23 08:00:00+08:00,2022-02-23 00:00:00+00:00,2022-02-23,00:00:00
Feb. 20,"2022, 9 a.m.",20-Feb-22   9 a.m.,Kwinana Grain Terminal (KGT),5,Fair,little bit green but fair 24C,2022,9 AM,Feb 20 2022 9 AM,2022-02-20 09:00:00,2022-02-20 09:00:00+08:00,2022-02-20 01:00:00+00:00,2022-02-20,01:00:00
Feb. 19,"2022, 9 a.m.",19-Feb-22   9 a.m.,Point Peron (PPR),6,Fair,-,2022,9 AM,Feb 19 2022 9 AM,2022-02-19 09:00:00,2022-02-19 09:00:00+08:00,2022-02-19 01:00:00+00:00,2022-02-19,01:00:00
Feb. 18,"2022, 10 a.m.",18-Feb-22   10 a.m.,Point Peron (PPR),8,Glassy,6-10m in diff places :),2022,10 AM,Feb 18 2022 10 AM,2022-02-18 10:00:00,2022-02-18 10:00:00+08:00,2022-02-18 02:00:00+00:00,2022-02-18,02:00:00
Feb. 12,"2022, 8 p.m.",12-Feb-22   8 p.m.,The Coombe & Mosman Bay (CMB),1,Fair,"24c, high tide, no frogs :(",2022,8 PM,Feb 12 2022 8 PM,2022-02-12 20:00:00,2022-02-12 20:00:00+08:00,2022-02-12 12:00:00+00:00,2022-02-12,12:00:00
Jan. 29,"2022, 11 a.m.",29-Jan-22   11 a.m.,Rottnest West (RNW),15,Windy,"23c, strong surge and arvo SW",2022,11 AM,Jan 29 2022 11 AM,2022-01-29 11:00:00,2022-01-29 11:00:00+08:00,2022-01-29 03:00:00+00:00,2022-01-29,03:00:00
Jan. 29,"2022, 9 a.m.",29-Jan-22   9 a.m.,Coogee Maritime Trail (CMT),5,Fair,-,2022,9 AM,Jan 29 2022 9 AM,2022-01-29 09:00:00,2022-01-29 09:00:00+08:00,2022-01-29 01:00:00+00:00,2022-01-29,01:00:00
Jan. 26,"2022, 8 a.m.",26-Jan-22   8 a.m.,Coogee Maritime Trail (CMT),7,Glassy,-,2022,8 AM,Jan 26 2022 8 AM,2022-01-26 08:00:00,2022-01-26 08:00:00+08:00,2022-01-26 00:00:00+00:00,2022-01-26,00:00:00
Jan. 23,"2022, 10 a.m.",23-Jan-22   10 a.m.,Kwinana Grain Terminal (KGT),10,Fair,Lots of occys!,2022,10 AM,Jan 23 2022 10 AM,2022-01-23 10:00:00,2022-01-23 10:00:00+08:00,2022-01-23 02:00:00+00:00,2022-01-23,02:00:00
Jan. 22,"2022, 11 a.m.",22-Jan-22   11 a.m.,Coogee Maritime Trail (CMT),5,Fair,Lots of algae in water column,2022,11 AM,Jan 22 2022 11 AM,2022-01-22 11:00:00,2022-01-22 11:00:00+08:00,2022-01-22 03:00:00+00:00,2022-01-22,03:00:00
Jan. 21,"2022, 8 p.m.",21-Jan-22   8 p.m.,Ammo Jetty (AMJ),5,Fair,Many octopus,2022,8 PM,Jan 21 2022 8 PM,2022-01-21 20:00:00,2022-01-21 20:00:00+08:00,2022-01-21 12:00:00+00:00,2022-01-21,12:00:00
Jan. 10,"2022, 8 p.m.",10-Jan-22   8 p.m.,North Mole Fremantle (NMF),6,Windy,"22 dec, pipefish + cephalopods",2022,8 PM,Jan 10 2022 8 PM,2022-01-10 20:00:00,2022-01-10 20:00:00+08:00,2022-01-10 12:00:00+00:00,2022-01-10,12:00:00
Jan. 7,"2022, 8 p.m.",7-Jan-22   8 p.m.,South Fremantle (FRE),5,Windy,Middle mole 15max depth,2022,8 PM,Jan 7 2022 8 PM,2022-01-07 20:00:00,2022-01-07 20:00:00+08:00,2022-01-07 12:00:00+00:00,2022-01-07,12:00:00
Jan. 4,"2022, 8 p.m.",4-Jan-22   8 p.m.,Coogee Maritime Trail (CMT),5,Fair,"North side, SW winds",2022,8 PM,Jan 4 2022 8 PM,2022-01-04 20:00:00,2022-01-04 20:00:00+08:00,2022-01-04 12:00:00+00:00,2022-01-04,12:00:00
Jan. 4,"2022, 7 p.m.",4-Jan-22   7 p.m.,Woodman Point (WOO),6,Windy,"Strong SW winds,lil surge",2022,7 PM,Jan 4 2022 7 PM,2022-01-04 19:00:00,2022-01-04 19:00:00+08:00,2022-01-04 11:00:00+00:00,2022-01-04,11:00:00
Jan. 2,"2022, 10 a.m.",2-Jan-22   10 a.m.,Point Peron (PPR),8,Fair,-,2022,10 AM,Jan 2 2022 10 AM,2022-01-02 10:00:00,2022-01-02 10:00:00+08:00,2022-01-02 02:00:00+00:00,2022-01-02,02:00:00
Dec. 29,"2021, 8 p.m.",29-Dec-21   8 p.m.,North Mole Fremantle (NMF),6,Fair,"22 dec, pipefish + cephalopods",2021,8 PM,Dec 29 2021 8 PM,2021-12-29 20:00:00,2021-12-29 20:00:00+08:00,2021-12-29 12:00:00+00:00,2021-12-29,12:00:00
Dec. 29,"2021, 10 a.m.",29-Dec-21   10 a.m.,Watermans/North Beach (WAT),1,Fair,Very dirty water,2021,10 AM,Dec 29 2021 10 AM,2021-12-29 10:00:00,2021-12-29 10:00:00+08:00,2021-12-29 02:00:00+00:00,2021-12-29,02:00:00
Dec. 28,"2021, 11 a.m.",28-Dec-21   11 a.m.,Rottnest West (RNW),25,Fair,21c at Shark Cave,2021,11 AM,Dec 28 2021 11 AM,2021-12-28 11:00:00,2021-12-28 11:00:00+08:00,2021-12-28 03:00:00+00:00,2021-12-28,03:00:00
Dec. 26,"2021, 11 a.m.",26-Dec-21   11 a.m.,Penguin Island (PEN),8,Fair,On the west side,2021,11 AM,Dec 26 2021 11 AM,2021-12-26 11:00:00,2021-12-26 11:00:00+08:00,2021-12-26 03:00:00+00:00,2021-12-26,03:00:00
Dec. 19,"2021, 8 p.m.",19-Dec-21   8 p.m.,North Mole Fremantle (NMF),1,Fair,Patches of better vis (2m),2021,8 PM,Dec 19 2021 8 PM,2021-12-19 20:00:00,2021-12-19 20:00:00+08:00,2021-12-19 12:00:00+00:00,2021-12-19,12:00:00
Dec. 12,"2021, 10 a.m.",12-Dec-21   10 a.m.,Coogee Maritime Trail (CMT),4,Fair,-,2021,10 AM,Dec 12 2021 10 AM,2021-12-12 10:00:00,2021-12-12 10:00:00+08:00,2021-12-12 02:00:00+00:00,2021-12-12,02:00:00
Dec. 7,"2021, 7 p.m.",7-Dec-21   7 p.m.,South Cottesloe Reef (SCR),8,Fair,"20deg, vis better further out",2021,7 PM,Dec 7 2021 7 PM,2021-12-07 19:00:00,2021-12-07 19:00:00+08:00,2021-12-07 11:00:00+00:00,2021-12-07,11:00:00
Dec. 3,"2021, noon",3-Dec-21   12 p.m.,Coogee Maritime Trail (CMT),2,Fair,Fish are returning.,2021,12 PM,Dec 3 2021 12 PM,2021-12-03 12:00:00,2021-12-03 12:00:00+08:00,2021-12-03 04:00:00+00:00,2021-12-03,04:00:00
Nov. 28,"2021, 11 a.m.",28-Nov-21   11 a.m.,Point Peron (PPR),6,Fair,-,2021,11 AM,Nov 28 2021 11 AM,2021-11-28 11:00:00,2021-11-28 11:00:00+08:00,2021-11-28 03:00:00+00:00,2021-11-28,03:00:00
Nov. 27,"2021, 1 p.m.",27-Nov-21   1 p.m.,Rottnest North (RNN),20,Fair,North west patch,2021,1 PM,Nov 27 2021 1 PM,2021-11-27 13:00:00,2021-11-27 13:00:00+08:00,2021-11-27 05:00:00+00:00,2021-11-27,05:00:00
Nov. 27,"2021, 10 a.m.",27-Nov-21   10 a.m.,Rottnest West (RNW),20,Glassy,2 grey nurse sharks,2021,10 AM,Nov 27 2021 10 AM,2021-11-27 10:00:00,2021-11-27 10:00:00+08:00,2021-11-27 02:00:00+00:00,2021-11-27,02:00:00
Nov. 24,"2021, noon",24-Nov-21   12 p.m.,Coogee Maritime Trail (CMT),2,Windy,-,2021,12 PM,Nov 24 2021 12 PM,2021-11-24 12:00:00,2021-11-24 12:00:00+08:00,2021-11-24 04:00:00+00:00,2021-11-24,04:00:00
Nov. 20,"2021, 7 p.m.",20-Nov-21   7 p.m.,South Cottesloe Reef (SCR),5,Fair,-,2021,7 PM,Nov 20 2021 7 PM,2021-11-20 19:00:00,2021-11-20 19:00:00+08:00,2021-11-20 11:00:00+00:00,2021-11-20,11:00:00
Nov. 14,"2021, 10 a.m.",14-Nov-21   10 a.m.,Bulk Jetty (BUL),5,Fair,-,2021,10 AM,Nov 14 2021 10 AM,2021-11-14 10:00:00,2021-11-14 10:00:00+08:00,2021-11-14 02:00:00+00:00,2021-11-14,02:00:00
Nov. 12,"2021, 10 a.m.",12-Nov-21   10 a.m.,Two Rocks (TWR),4,Fair,-,2021,10 AM,Nov 12 2021 10 AM,2021-11-12 10:00:00,2021-11-12 10:00:00+08:00,2021-11-12 02:00:00+00:00,2021-11-12,02:00:00
Nov. 6,"2021, noon",6-Nov-21   12 p.m.,Rottnest North (RNN),15,Fair,Roe Reef,2021,12 PM,Nov 6 2021 12 PM,2021-11-06 12:00:00,2021-11-06 12:00:00+08:00,2021-11-06 04:00:00+00:00,2021-11-06,04:00:00
Nov. 6,"2021, 10 a.m.",6-Nov-21   10 a.m.,Rottnest North (RNN),15,Fair,Swirl Reef,2021,10 AM,Nov 6 2021 10 AM,2021-11-06 10:00:00,2021-11-06 10:00:00+08:00,2021-11-06 02:00:00+00:00,2021-11-06,02:00:00
Oct. 31,"2021, 10 a.m.",31-Oct-21   10 a.m.,Robbs Jetty (ROB),5,Fair,-,2021,10 AM,Oct 31 2021 10 AM,2021-10-31 10:00:00,2021-10-31 10:00:00+08:00,2021-10-31 02:00:00+00:00,2021-10-31,02:00:00
Oct. 30,"2021, 11 a.m.",30-Oct-21   11 a.m.,Rottnest West (RNW),15,Fair,"18c 15m@ NWPatch, 20m@ Swirl R",2021,11 AM,Oct 30 2021 11 AM,2021-10-30 11:00:00,2021-10-30 11:00:00+08:00,2021-10-30 03:00:00+00:00,2021-10-30,03:00:00
Oct. 24,"2021, 10 a.m.",24-Oct-21   10 a.m.,Point Peron (PPR),3,Fair,-,2021,10 AM,Oct 24 2021 10 AM,2021-10-24 10:00:00,2021-10-24 10:00:00+08:00,2021-10-24 02:00:00+00:00,2021-10-24,02:00:00
Oct. 24,"2021, 8 a.m.",24-Oct-21   8 a.m.,Watermans/North Beach (WAT),3,Fair,better behind drop off,2021,8 AM,Oct 24 2021 8 AM,2021-10-24 08:00:00,2021-10-24 08:00:00+08:00,2021-10-24 00:00:00+00:00,2021-10-24,00:00:00
Oct. 10,"2021, 10 a.m.",10-Oct-21   10 a.m.,Ammo Jetty (AMJ),2,Fair,-,2021,10 AM,Oct 10 2021 10 AM,2021-10-10 10:00:00,2021-10-10 10:00:00+08:00,2021-10-10 02:00:00+00:00,2021-10-10,02:00:00
Oct. 9,"2021, 11 a.m.",9-Oct-21   11 a.m.,Rottnest North (RNN),15,Windy,Surgey,2021,11 AM,Oct 9 2021 11 AM,2021-10-09 11:00:00,2021-10-09 11:00:00+08:00,2021-10-09 03:00:00+00:00,2021-10-09,03:00:00
Oct. 5,"2021, 7 p.m.",5-Oct-21   7 p.m.,Freshwater Bay (FWB),1,Fair,"18 dec, pregnant hairypipefish",2021,7 PM,Oct 5 2021 7 PM,2021-10-05 19:00:00,2021-10-05 19:00:00+08:00,2021-10-05 11:00:00+00:00,2021-10-05,11:00:00
Sept. 28,"2021, 8 p.m.",28-Sep-21   8 p.m.,South Cottesloe Reef (SCR),8,Fair,"18 dec, vis better far out",2021,8 PM,Sep 28 2021 8 PM,2021-09-28 20:00:00,2021-09-28 20:00:00+08:00,2021-09-28 12:00:00+00:00,2021-09-28,12:00:00
Sept. 26,"2021, 10 a.m.",26-Sep-21   10 a.m.,Kwinana Grain Terminal (KGT),5,Fair,16 C,2021,10 AM,Sep 26 2021 10 AM,2021-09-26 10:00:00,2021-09-26 10:00:00+08:00,2021-09-26 02:00:00+00:00,2021-09-26,02:00:00
Sept. 25,"2021, 9 a.m.",25-Sep-21   9 a.m.,Kwinana Grain Terminal (KGT),5,Fair,"3-5m, easterly wind, no swell.",2021,9 AM,Sep 25 2021 9 AM,2021-09-25 09:00:00,2021-09-25 09:00:00+08:00,2021-09-25 01:00:00+00:00,2021-09-25,01:00:00
Sept. 21,"2021, 8 p.m.",21-Sep-21   8 p.m.,Watermans/North Beach (WAT),5,Fair,"17c, some surge, prowfish",2021,8 PM,Sep 21 2021 8 PM,2021-09-21 20:00:00,2021-09-21 20:00:00+08:00,2021-09-21 12:00:00+00:00,2021-09-21,12:00:00
Sept. 19,"2021, 1 p.m.",19-Sep-21   1 p.m.,Rottnest East (RNE),15,Fair,"Macedon, Denton Holme, gem",2021,1 PM,Sep 19 2021 1 PM,2021-09-19 13:00:00,2021-09-19 13:00:00+08:00,2021-09-19 05:00:00+00:00,2021-09-19,05:00:00
Sept. 19,"2021, 10 a.m.",19-Sep-21   10 a.m.,Rottnest East (RNE),15,Fair,Miwok,2021,10 AM,Sep 19 2021 10 AM,2021-09-19 10:00:00,2021-09-19 10:00:00+08:00,2021-09-19 02:00:00+00:00,2021-09-19,02:00:00
Sept. 18,"2021, noon",18-Sep-21   12 p.m.,Rottnest South (RTS),12,Fair,"Small waves, very slight surge",2021,12 PM,Sep 18 2021 12 PM,2021-09-18 12:00:00,2021-09-18 12:00:00+08:00,2021-09-18 04:00:00+00:00,2021-09-18,04:00:00
Sept. 18,"2021, 9 a.m.",18-Sep-21   9 a.m.,Bulk Jetty (BUL),1,Fair,"Green, calm",2021,9 AM,Sep 18 2021 9 AM,2021-09-18 09:00:00,2021-09-18 09:00:00+08:00,2021-09-18 01:00:00+00:00,2021-09-18,01:00:00
Sept. 18,"2021, 9 a.m.",18-Sep-21   9 a.m.,Little Beach (LIT),3,Fair,Dropped to 0 vis below 7m,2021,9 AM,Sep 18 2021 9 AM,2021-09-18 09:00:00,2021-09-18 09:00:00+08:00,2021-09-18 01:00:00+00:00,2021-09-18,01:00:00
Sept. 11,"2021, 10 a.m.",11-Sep-21   10 a.m.,Kwinana Grain Terminal (KGT),10,Fair,-,2021,10 AM,Sep 11 2021 10 AM,2021-09-11 10:00:00,2021-09-11 10:00:00+08:00,2021-09-11 02:00:00+00:00,2021-09-11,02:00:00
Sept. 9,"2021, 7 p.m.",9-Sep-21   7 p.m.,Rockingham Dive Trail (RKM),5,Glassy,"16c, calm, good",2021,7 PM,Sep 9 2021 7 PM,2021-09-09 19:00:00,2021-09-09 19:00:00+08:00,2021-09-09 11:00:00+00:00,2021-09-09,11:00:00
Sept. 4,"2021, 10 a.m.",4-Sep-21   10 a.m.,Point Peron (PPR),5,Fair,16 C,2021,10 AM,Sep 4 2021 10 AM,2021-09-04 10:00:00,2021-09-04 10:00:00+08:00,2021-09-04 02:00:00+00:00,2021-09-04,02:00:00
Aug. 31,"2021, 6 p.m.",31-Aug-21   6 p.m.,Rockingham Dive Trail (RKM),5,Windy,"Good, 16c, no current/swell",2021,6 PM,Aug 31 2021 6 PM,2021-08-31 18:00:00,2021-08-31 18:00:00+08:00,2021-08-31 10:00:00+00:00,2021-08-31,10:00:00
Aug. 29,"2021, 10 a.m.",29-Aug-21   10 a.m.,Bulk Jetty (BUL),6,Fair,16C,2021,10 AM,Aug 29 2021 10 AM,2021-08-29 10:00:00,2021-08-29 10:00:00+08:00,2021-08-29 02:00:00+00:00,2021-08-29,02:00:00
Aug. 28,"2021, 10 a.m.",28-Aug-21   10 a.m.,Blackwall Reach (BWR),2,Fair,"low vis at top, ok below 5m",2021,10 AM,Aug 28 2021 10 AM,2021-08-28 10:00:00,2021-08-28 10:00:00+08:00,2021-08-28 02:00:00+00:00,2021-08-28,02:00:00
Aug. 22,"2021, 9 a.m.",22-Aug-21   9 a.m.,Coogee Maritime Trail (CMT),1,Windy,Pea soup,2021,9 AM,Aug 22 2021 9 AM,2021-08-22 09:00:00,2021-08-22 09:00:00+08:00,2021-08-22 01:00:00+00:00,2021-08-22,01:00:00
Aug. 14,"2021, noon",14-Aug-21   12 p.m.,Camilla Wreck (CAM),2,Fair,"Green, weird jellyfish",2021,12 PM,Aug 14 2021 12 PM,2021-08-14 12:00:00,2021-08-14 12:00:00+08:00,2021-08-14 04:00:00+00:00,2021-08-14,04:00:00
Aug. 14,"2021, 9 a.m.",14-Aug-21   9 a.m.,Blackwall Reach (BWR),1,Fair,Pitch black in first few m,2021,9 AM,Aug 14 2021 9 AM,2021-08-14 09:00:00,2021-08-14 09:00:00+08:00,2021-08-14 01:00:00+00:00,2021-08-14,01:00:00
July 19,"2021, 9 a.m.",19-Jul-21   9 a.m.,Blackwall Reach (BWR),1,Fair,Pitch black in first few m,2021,9 AM,July 19 2021 9 AM,2021-07-19 09:00:00,2021-07-19 09:00:00+08:00,2021-07-19 01:00:00+00:00,2021-07-19,01:00:00
July 3,"2021, 8 a.m.",3-Jul-21   8 a.m.,Ammo Jetty (AMJ),2,Fair,Sub 2m for most. Small area 4m,2021,8 AM,July 3 2021 8 AM,2021-07-03 08:00:00,2021-07-03 08:00:00+08:00,2021-07-03 00:00:00+00:00,2021-07-03,00:00:00
June 26,"2021, 9 a.m.",26-Jun-21   9 a.m.,Camilla Wreck (CAM),10,Fair,Much less milky than before,2021,9 AM,June 26 2021 9 AM,2021-06-26 09:00:00,2021-06-26 09:00:00+08:00,2021-06-26 01:00:00+00:00,2021-06-26,01:00:00
June 14,"2021, 9 a.m.",14-Jun-21   9 a.m.,Camilla Wreck (CAM),7,Glassy,-,2021,9 AM,June 14 2021 9 AM,2021-06-14 09:00:00,2021-06-14 09:00:00+08:00,2021-06-14 01:00:00+00:00,2021-06-14,01:00:00
June 8,"2021, 9 p.m.",8-Jun-21   9 p.m.,South Cottesloe Reef (SCR),8,Fair,"17 deg, vis better further out",2021,9 PM,June 8 2021 9 PM,2021-06-08 21:00:00,2021-06-08 21:00:00+08:00,2021-06-08 13:00:00+00:00,2021-06-08,13:00:00
June 3,"2021, 6 p.m.",3-Jun-21   6 p.m.,Watermans/North Beach (WAT),1,Fair,"18c, very milky, 50cm vis",2021,6 PM,June 3 2021 6 PM,2021-06-03 18:00:00,2021-06-03 18:00:00+08:00,2021-06-03 10:00:00+00:00,2021-06-03,10:00:00
June 2,"2021, 7 p.m.",2-Jun-21   7 p.m.,Watermans/North Beach (WAT),3,Fair,"19c, milky, light surge",2021,7 PM,June 2 2021 7 PM,2021-06-02 19:00:00,2021-06-02 19:00:00+08:00,2021-06-02 11:00:00+00:00,2021-06-02,11:00:00
June 2,"2021, 7 p.m.",2-Jun-21   7 p.m.,Hillarys (HIL),3,Fair,"19c,liteEastly,lowSwell",2021,7 PM,June 2 2021 7 PM,2021-06-02 19:00:00,2021-06-02 19:00:00+08:00,2021-06-02 11:00:00+00:00,2021-06-02,11:00:00
May 16,"2021, 6 p.m.",16-May-21   6 p.m.,Mettam’s Pool (MET),5,Fair,"20C, 1.0m surge",2021,6 PM,May 16 2021 6 PM,2021-05-16 18:00:00,2021-05-16 18:00:00+08:00,2021-05-16 10:00:00+00:00,2021-05-16,10:00:00
May 16,"2021, noon",16-May-21   12 p.m.,Rottnest South (RTS),8,Windy,Surge,2021,12 PM,May 16 2021 12 PM,2021-05-16 12:00:00,2021-05-16 12:00:00+08:00,2021-05-16 04:00:00+00:00,2021-05-16,04:00:00
May 8,"2021, 9 a.m.",8-May-21   9 a.m.,Bulk Jetty (BUL),3,Fair,"19c, milky, large ship nearby",2021,9 AM,May 8 2021 9 AM,2021-05-08 09:00:00,2021-05-08 09:00:00+08:00,2021-05-08 01:00:00+00:00,2021-05-08,01:00:00
April 27,"2021, 8 p.m.",27-Apr-21   8 p.m.,South Fremantle (FRE),3,Fair,"22 deg, milky, some surge",2021,8 PM,April 27 2021 8 PM,2021-04-27 20:00:00,2021-04-27 20:00:00+08:00,2021-04-27 12:00:00+00:00,2021-04-27,12:00:00
April 23,"2021, 9 p.m.",23-Apr-21   9 p.m.,North Mole Fremantle (NMF),3,Glassy,"21 deg, tiny waves but surgey",2021,9 PM,April 23 2021 9 PM,2021-04-23 21:00:00,2021-04-23 21:00:00+08:00,2021-04-23 13:00:00+00:00,2021-04-23,13:00:00
April 21,"2021, 1 p.m.",21-Apr-21   1 p.m.,Busselton Jetty (BSJ),12,Fair,"20/04, 19c, E-N wind, calm",2021,1 PM,April 21 2021 1 PM,2021-04-21 13:00:00,2021-04-21 13:00:00+08:00,2021-04-21 05:00:00+00:00,2021-04-21,05:00:00
April 17,"2021, noon",17-Apr-21   12 p.m.,Carnac Island (CRN),7,Fair,-,2021,12 PM,April 17 2021 12 PM,2021-04-17 12:00:00,2021-04-17 12:00:00+08:00,2021-04-17 04:00:00+00:00,2021-04-17,04:00:00
April 17,"2021, 10 a.m.",17-Apr-21   10 a.m.,Carnac Island (CRN),7,Fair,"Five fathom bank, 28m depth",2021,10 AM,April 17 2021 10 AM,2021-04-17 10:00:00,2021-04-17 10:00:00+08:00,2021-04-17 02:00:00+00:00,2021-04-17,02:00:00
April 17,"2021, 8 a.m.",17-Apr-21   8 a.m.,Bulk Jetty (BUL),7,Glassy,lots of particulates but good,2021,8 AM,April 17 2021 8 AM,2021-04-17 08:00:00,2021-04-17 08:00:00+08:00,2021-04-17 00:00:00+00:00,2021-04-17,00:00:00
April 6,"2021, 1 p.m.",6-Apr-21   1 p.m.,Rottnest West (RNW),12,Fair,2 grey nurses in shark cave,2021,1 PM,April 6 2021 1 PM,2021-04-06 13:00:00,2021-04-06 13:00:00+08:00,2021-04-06 05:00:00+00:00,2021-04-06,05:00:00
April 5,"2021, 9 a.m.",5-Apr-21   9 a.m.,Rottnest East (RNE),3,Fair,"Slight swell, Parker point are",2021,9 AM,April 5 2021 9 AM,2021-04-05 09:00:00,2021-04-05 09:00:00+08:00,2021-04-05 01:00:00+00:00,2021-04-05,01:00:00
April 3,"2021, 9 a.m.",3-Apr-21   9 a.m.,Ammo Jetty (AMJ),5,Fair,-,2021,9 AM,April 3 2021 9 AM,2021-04-03 09:00:00,2021-04-03 09:00:00+08:00,2021-04-03 01:00:00+00:00,2021-04-03,01:00:00
March 29,"2021, 11 a.m.",29-Mar-21   11 a.m.,Ammo Jetty (AMJ),3,Glassy,Very murky. High slack tide.,2021,11 AM,March 29 2021 11 AM,2021-03-29 11:00:00,2021-03-29 11:00:00+08:00,2021-03-29 03:00:00+00:00,2021-03-29,03:00:00
March 28,"2021, 9 a.m.",28-Mar-21   9 a.m.,South Fremantle (FRE),10,Fair,-,2021,9 AM,March 28 2021 9 AM,2021-03-28 09:00:00,2021-03-28 09:00:00+08:00,2021-03-28 01:00:00+00:00,2021-03-28,01:00:00
March 27,"2021, noon",27-Mar-21   12 p.m.,Carnac Island (CRN),12,Fair,Challenger rock,2021,12 PM,March 27 2021 12 PM,2021-03-27 12:00:00,2021-03-27 12:00:00+08:00,2021-03-27 04:00:00+00:00,2021-03-27,04:00:00
March 24,"2021, 7 p.m.",24-Mar-21   7 p.m.,Ammo Jetty (AMJ),4,Windy,"23.5c,ChoppyNoSwellVizVrbl2-5m",2021,7 PM,March 24 2021 7 PM,2021-03-24 19:00:00,2021-03-24 19:00:00+08:00,2021-03-24 11:00:00+00:00,2021-03-24,11:00:00
March 24,"2021, 7 p.m.",24-Mar-21   7 p.m.,Ammo Jetty (AMJ),3,Windy,"23.5c,ChoppyNoSwellVizVrbl2-5m",2021,7 PM,March 24 2021 7 PM,2021-03-24 19:00:00,2021-03-24 19:00:00+08:00,2021-03-24 11:00:00+00:00,2021-03-24,11:00:00
March 23,"2021, 6 a.m.",23-Mar-21   6 a.m.,Busselton Jetty (BSJ),15,Fair,Sunday24cVizTo20m,2021,6 AM,March 23 2021 6 AM,2021-03-23 06:00:00,2021-03-23 06:00:00+08:00,2021-03-22 22:00:00+00:00,2021-03-22,22:00:00
March 21,"2021, 11 a.m.",21-Mar-21   11 a.m.,Carnac Island (CRN),4,Glassy,"big slowsurge, 2m swell, calm.",2021,11 AM,March 21 2021 11 AM,2021-03-21 11:00:00,2021-03-21 11:00:00+08:00,2021-03-21 03:00:00+00:00,2021-03-21,03:00:00
March 21,"2021, 10 a.m.",21-Mar-21   10 a.m.,Hillarys (HIL),2,Rough,BOTB,2021,10 AM,March 21 2021 10 AM,2021-03-21 10:00:00,2021-03-21 10:00:00+08:00,2021-03-21 02:00:00+00:00,2021-03-21,02:00:00
March 21,"2021, 10 a.m.",21-Mar-21   10 a.m.,Watermans/North Beach (WAT),2,Rough,soup,2021,10 AM,March 21 2021 10 AM,2021-03-21 10:00:00,2021-03-21 10:00:00+08:00,2021-03-21 02:00:00+00:00,2021-03-21,02:00:00
March 21,"2021, 9 a.m.",21-Mar-21   9 a.m.,Point Peron (PPR),5,Fair,-,2021,9 AM,March 21 2021 9 AM,2021-03-21 09:00:00,2021-03-21 09:00:00+08:00,2021-03-21 01:00:00+00:00,2021-03-21,01:00:00
March 20,"2021, 9 a.m.",20-Mar-21   9 a.m.,Bulk Jetty (BUL),6,Glassy,Great conditions for the jetty,2021,9 AM,March 20 2021 9 AM,2021-03-20 09:00:00,2021-03-20 09:00:00+08:00,2021-03-20 01:00:00+00:00,2021-03-20,01:00:00
March 20,"2021, 9 a.m.",20-Mar-21   9 a.m.,Mettam’s Pool (MET),6,Fair,Beautiful,2021,9 AM,March 20 2021 9 AM,2021-03-20 09:00:00,2021-03-20 09:00:00+08:00,2021-03-20 01:00:00+00:00,2021-03-20,01:00:00
March 20,"2021, 8 a.m.",20-Mar-21   8 a.m.,Two Rocks (TWR),4,Windy,yanchep beach,2021,8 AM,March 20 2021 8 AM,2021-03-20 08:00:00,2021-03-20 08:00:00+08:00,2021-03-20 00:00:00+00:00,2021-03-20,00:00:00
March 18,"2021, 4 p.m.",18-Mar-21   4 p.m.,Blackwall Reach (BWR),3,Fair,A bit soupy,2021,4 PM,March 18 2021 4 PM,2021-03-18 16:00:00,2021-03-18 16:00:00+08:00,2021-03-18 08:00:00+00:00,2021-03-18,08:00:00
March 14,"2021, 11 a.m.",14-Mar-21   11 a.m.,South Cottesloe Reef (SCR),15,Fair,"23.5c,Flat,Vlittleswell",2021,11 AM,March 14 2021 11 AM,2021-03-14 11:00:00,2021-03-14 11:00:00+08:00,2021-03-14 03:00:00+00:00,2021-03-14,03:00:00
March 13,"2021, 10 a.m.",13-Mar-21   10 a.m.,Ammo Jetty (AMJ),4,Fair,"Not too bad, lots of occy",2021,10 AM,March 13 2021 10 AM,2021-03-13 10:00:00,2021-03-13 10:00:00+08:00,2021-03-13 02:00:00+00:00,2021-03-13,02:00:00
March 10,"2021, 7 p.m.",10-Mar-21   7 p.m.,South Cottesloe Reef (SCR),14,Fair,"24c, little surge",2021,7 PM,March 10 2021 7 PM,2021-03-10 19:00:00,2021-03-10 19:00:00+08:00,2021-03-10 11:00:00+00:00,2021-03-10,11:00:00
March 7,"2021, 1 p.m.",7-Mar-21   1 p.m.,Point Peron (PPR),2,Windy,"Surgey,veg soup,25c",2021,1 PM,March 7 2021 1 PM,2021-03-07 13:00:00,2021-03-07 13:00:00+08:00,2021-03-07 05:00:00+00:00,2021-03-07,05:00:00
March 6,"2021, 9 a.m.",6-Mar-21   9 a.m.,Staggie Reef (STA),16,Fair,"Gemini Wrk, Better deeper 23c",2021,9 AM,March 6 2021 9 AM,2021-03-06 09:00:00,2021-03-06 09:00:00+08:00,2021-03-06 01:00:00+00:00,2021-03-06,01:00:00
March 3,"2021, 10 a.m.",3-Mar-21   10 a.m.,Ammo Jetty (AMJ),1,Glassy,Like mud. Came in from the NW.,2021,10 AM,March 3 2021 10 AM,2021-03-03 10:00:00,2021-03-03 10:00:00+08:00,2021-03-03 02:00:00+00:00,2021-03-03,02:00:00
March 3,"2021, 9 a.m.",3-Mar-21   9 a.m.,Ammo Jetty (AMJ),5,Glassy,"Calm, perfect",2021,9 AM,March 3 2021 9 AM,2021-03-03 09:00:00,2021-03-03 09:00:00+08:00,2021-03-03 01:00:00+00:00,2021-03-03,01:00:00
Feb. 27,"2021, 8 p.m.",27-Feb-21   8 p.m.,North Mole Fremantle (NMF),8,Fair,"24-25c no current,small swell",2021,8 PM,Feb 27 2021 8 PM,2021-02-27 20:00:00,2021-02-27 20:00:00+08:00,2021-02-27 12:00:00+00:00,2021-02-27,12:00:00
Feb. 23,"2021, 9 a.m.",23-Feb-21   9 a.m.,Woodman Point (WOO),3,Glassy,22C,2021,9 AM,Feb 23 2021 9 AM,2021-02-23 09:00:00,2021-02-23 09:00:00+08:00,2021-02-23 01:00:00+00:00,2021-02-23,01:00:00
Feb. 18,"2021, 9 a.m.",18-Feb-21   9 a.m.,Rockingham Dive Trail (RKM),8,Windy,Max depth 12m,2021,9 AM,Feb 18 2021 9 AM,2021-02-18 09:00:00,2021-02-18 09:00:00+08:00,2021-02-18 01:00:00+00:00,2021-02-18,01:00:00
Feb. 17,"2021, 5 a.m.",17-Feb-21   5 a.m.,South Fremantle (FRE),3,Fair,"South Mole, sml surge by wall",2021,5 AM,Feb 17 2021 5 AM,2021-02-17 05:00:00,2021-02-17 05:00:00+08:00,2021-02-16 21:00:00+00:00,2021-02-16,21:00:00
Feb. 14,"2021, 9 a.m.",14-Feb-21   9 a.m.,Watermans/North Beach (WAT),4,Fair,MAAC,2021,9 AM,Feb 14 2021 9 AM,2021-02-14 09:00:00,2021-02-14 09:00:00+08:00,2021-02-14 01:00:00+00:00,2021-02-14,01:00:00
Feb. 14,"2021, 9 a.m.",14-Feb-21   9 a.m.,Ammo Jetty (AMJ),3,Fair,-,2021,9 AM,Feb 14 2021 9 AM,2021-02-14 09:00:00,2021-02-14 09:00:00+08:00,2021-02-14 01:00:00+00:00,2021-02-14,01:00:00
Feb. 14,"2021, 9 a.m.",14-Feb-21   9 a.m.,Coogee Maritime Trail (CMT),10,Fair,-,2021,9 AM,Feb 14 2021 9 AM,2021-02-14 09:00:00,2021-02-14 09:00:00+08:00,2021-02-14 01:00:00+00:00,2021-02-14,01:00:00
Feb. 13,"2021, 8 a.m.",13-Feb-21   8 a.m.,Ammo Jetty (AMJ),8,Fair,Brilliant conditions. Calm.,2021,8 AM,Feb 13 2021 8 AM,2021-02-13 08:00:00,2021-02-13 08:00:00+08:00,2021-02-13 00:00:00+00:00,2021-02-13,00:00:00
Feb. 6,"2021, 10 a.m.",6-Feb-21   10 a.m.,Ammo Jetty (AMJ),4,Glassy,Via Dolphin Scuba,2021,10 AM,Feb 6 2021 10 AM,2021-02-06 10:00:00,2021-02-06 10:00:00+08:00,2021-02-06 02:00:00+00:00,2021-02-06,02:00:00
Jan. 30,"2021, 11 a.m.",30-Jan-21   11 a.m.,Watermans/North Beach (WAT),1,Rough,Poor visibility,2021,11 AM,Jan 30 2021 11 AM,2021-01-30 11:00:00,2021-01-30 11:00:00+08:00,2021-01-30 03:00:00+00:00,2021-01-30,03:00:00
Jan. 30,"2021, 9 a.m.",30-Jan-21   9 a.m.,Coogee Maritime Trail (CMT),3,Glassy,"Great conditions, light SEwind",2021,9 AM,Jan 30 2021 9 AM,2021-01-30 09:00:00,2021-01-30 09:00:00+08:00,2021-01-30 01:00:00+00:00,2021-01-30,01:00:00
Jan. 27,"2021, 10 a.m.",27-Jan-21   10 a.m.,Hamelin Bay (HAM),1,Windy,"Swell and Rain, very low Vis",2021,10 AM,Jan 27 2021 10 AM,2021-01-27 10:00:00,2021-01-27 10:00:00+08:00,2021-01-27 02:00:00+00:00,2021-01-27,02:00:00
Jan. 27,"2021, 10 a.m.",27-Jan-21   10 a.m.,Busselton Jetty (BSJ),12,Fair,"Light Westerley wind,",2021,10 AM,Jan 27 2021 10 AM,2021-01-27 10:00:00,2021-01-27 10:00:00+08:00,2021-01-27 02:00:00+00:00,2021-01-27,02:00:00
Jan. 27,"2021, 9 a.m.",27-Jan-21   9 a.m.,Coogee Maritime Trail (CMT),5,Fair,-,2021,9 AM,Jan 27 2021 9 AM,2021-01-27 09:00:00,2021-01-27 09:00:00+08:00,2021-01-27 01:00:00+00:00,2021-01-27,01:00:00
Jan. 26,"2021, 10 a.m.",26-Jan-21   10 a.m.,Bulk Jetty (BUL),4,Fair,-,2021,10 AM,Jan 26 2021 10 AM,2021-01-26 10:00:00,2021-01-26 10:00:00+08:00,2021-01-26 02:00:00+00:00,2021-01-26,02:00:00
Jan. 26,"2021, 8 a.m.",26-Jan-21   8 a.m.,Ammo Jetty (AMJ),2,Fair,"Vis ok further out, stingers",2021,8 AM,Jan 26 2021 8 AM,2021-01-26 08:00:00,2021-01-26 08:00:00+08:00,2021-01-26 00:00:00+00:00,2021-01-26,00:00:00
Jan. 25,"2021, 9 a.m.",25-Jan-21   9 a.m.,Coogee Maritime Trail (CMT),5,Fair,Good around the wreck and wall,2021,9 AM,Jan 25 2021 9 AM,2021-01-25 09:00:00,2021-01-25 09:00:00+08:00,2021-01-25 01:00:00+00:00,2021-01-25,01:00:00
Jan. 24,"2021, 8 a.m.",24-Jan-21   8 a.m.,Ammo Jetty (AMJ),2,Glassy,very milky,2021,8 AM,Jan 24 2021 8 AM,2021-01-24 08:00:00,2021-01-24 08:00:00+08:00,2021-01-24 00:00:00+00:00,2021-01-24,00:00:00
Jan. 23,"2021, 9 a.m.",23-Jan-21   9 a.m.,Ammo Jetty (AMJ),3,Windy,Very milky,2021,9 AM,Jan 23 2021 9 AM,2021-01-23 09:00:00,2021-01-23 09:00:00+08:00,2021-01-23 01:00:00+00:00,2021-01-23,01:00:00
Jan. 23,"2021, 9 a.m.",23-Jan-21   9 a.m.,Ex-HMAS Swan Wreck (SWA),20,Fair,-,2021,9 AM,Jan 23 2021 9 AM,2021-01-23 09:00:00,2021-01-23 09:00:00+08:00,2021-01-23 01:00:00+00:00,2021-01-23,01:00:00
Jan. 20,"2021, 11 a.m.",20-Jan-21   11 a.m.,Rottnest South (RTS),15,Fair,21C,2021,11 AM,Jan 20 2021 11 AM,2021-01-20 11:00:00,2021-01-20 11:00:00+08:00,2021-01-20 03:00:00+00:00,2021-01-20,03:00:00
Jan. 20,"2021, 9 a.m.",20-Jan-21   9 a.m.,Kwinana Grain Terminal (KGT),7,Glassy,"22C, occys, cuttlefish, nudis",2021,9 AM,Jan 20 2021 9 AM,2021-01-20 09:00:00,2021-01-20 09:00:00+08:00,2021-01-20 01:00:00+00:00,2021-01-20,01:00:00
Jan. 19,"2021, 6 p.m.",19-Jan-21   6 p.m.,Hillarys (HIL),15,Fair,"BiaBR,25c,waves,NoSurge,10/10",2021,6 PM,Jan 19 2021 6 PM,2021-01-19 18:00:00,2021-01-19 18:00:00+08:00,2021-01-19 10:00:00+00:00,2021-01-19,10:00:00
Jan. 17,"2021, 11 a.m.",17-Jan-21   11 a.m.,Robbs Jetty (ROB),10,Glassy,24c. Easily stirred up,2021,11 AM,Jan 17 2021 11 AM,2021-01-17 11:00:00,2021-01-17 11:00:00+08:00,2021-01-17 03:00:00+00:00,2021-01-17,03:00:00
Jan. 16,"2021, 10 a.m.",16-Jan-21   10 a.m.,Rockingham Dive Trail (RKM),4,Fair,-,2021,10 AM,Jan 16 2021 10 AM,2021-01-16 10:00:00,2021-01-16 10:00:00+08:00,2021-01-16 02:00:00+00:00,2021-01-16,02:00:00
Jan. 15,"2021, 6 p.m.",15-Jan-21   6 p.m.,Rockingham Dive Trail (RKM),4,Fair,<[email protected],2021,6 PM,Jan 15 2021 6 PM,2021-01-15 18:00:00,2021-01-15 18:00:00+08:00,2021-01-15 10:00:00+00:00,2021-01-15,10:00:00
Jan. 13,"2021, 10 a.m.",13-Jan-21   10 a.m.,Camilla Wreck (CAM),4,Fair,-,2021,10 AM,Jan 13 2021 10 AM,2021-01-13 10:00:00,2021-01-13 10:00:00+08:00,2021-01-13 02:00:00+00:00,2021-01-13,02:00:00
Jan. 11,"2021, 9 a.m.",11-Jan-21   9 a.m.,Rottnest North (RNN),25,Fair,@NorthPoint.<[email protected],2021,9 AM,Jan 11 2021 9 AM,2021-01-11 09:00:00,2021-01-11 09:00:00+08:00,2021-01-11 01:00:00+00:00,2021-01-11,01:00:00
Jan. 10,"2021, 9 a.m.",10-Jan-21   9 a.m.,Rottnest North (RNN),10,Windy,"roe reef, 20C",2021,9 AM,Jan 10 2021 9 AM,2021-01-10 09:00:00,2021-01-10 09:00:00+08:00,2021-01-10 01:00:00+00:00,2021-01-10,01:00:00
Jan. 9,"2021, 3 p.m.",9-Jan-21   3 p.m.,Rockingham Dive Trail (RKM),3,Fair,24c,2021,3 PM,Jan 9 2021 3 PM,2021-01-09 15:00:00,2021-01-09 15:00:00+08:00,2021-01-09 07:00:00+00:00,2021-01-09,07:00:00
Jan. 9,"2021, noon",9-Jan-21   12 p.m.,Bicton Baths (BIC),7,Fair,-,2021,12 PM,Jan 9 2021 12 PM,2021-01-09 12:00:00,2021-01-09 12:00:00+08:00,2021-01-09 04:00:00+00:00,2021-01-09,04:00:00
Jan. 9,"2021, 9 a.m.",9-Jan-21   9 a.m.,Bicton Baths (BIC),3,Fair,-,2021,9 AM,Jan 9 2021 9 AM,2021-01-09 09:00:00,2021-01-09 09:00:00+08:00,2021-01-09 01:00:00+00:00,2021-01-09,01:00:00
Jan. 9,"2021, 7 a.m.",9-Jan-21   7 a.m.,Ammo Jetty (AMJ),2,Glassy,very silty,2021,7 AM,Jan 9 2021 7 AM,2021-01-09 07:00:00,2021-01-09 07:00:00+08:00,2021-01-08 23:00:00+00:00,2021-01-08,23:00:00
Jan. 7,"2021, 8 p.m.",7-Jan-21   8 p.m.,North Mole Fremantle (NMF),15,Glassy,Lots of stingers around :-(,2021,8 PM,Jan 7 2021 8 PM,2021-01-07 20:00:00,2021-01-07 20:00:00+08:00,2021-01-07 12:00:00+00:00,2021-01-07,12:00:00
Jan. 7,"2021, 10 a.m.",7-Jan-21   10 a.m.,Rottnest West (RNW),25,Glassy,65m depth,2021,10 AM,Jan 7 2021 10 AM,2021-01-07 10:00:00,2021-01-07 10:00:00+08:00,2021-01-07 02:00:00+00:00,2021-01-07,02:00:00
Jan. 2,"2021, 11 a.m.",2-Jan-21   11 a.m.,Rottnest North (RNN),20,Windy,-,2021,11 AM,Jan 2 2021 11 AM,2021-01-02 11:00:00,2021-01-02 11:00:00+08:00,2021-01-02 03:00:00+00:00,2021-01-02,03:00:00
Jan. 2,"2021, 7 a.m.",2-Jan-21   7 a.m.,Bulk Jetty (BUL),4,Fair,23C,2021,7 AM,Jan 2 2021 7 AM,2021-01-02 07:00:00,2021-01-02 07:00:00+08:00,2021-01-01 23:00:00+00:00,2021-01-01,23:00:00
Dec. 30,"2020, 8 a.m.",30-Dec-20   8 a.m.,Coogee Maritime Trail (CMT),4,Fair,22C,2020,8 AM,Dec 30 2020 8 AM,2020-12-30 08:00:00,2020-12-30 08:00:00+08:00,2020-12-30 00:00:00+00:00,2020-12-30,00:00:00
Dec. 29,"2020, 8 p.m.",29-Dec-20   8 p.m.,Bicton Baths (BIC),6,Glassy,Jerrat Dr high tide,2020,8 PM,Dec 29 2020 8 PM,2020-12-29 20:00:00,2020-12-29 20:00:00+08:00,2020-12-29 12:00:00+00:00,2020-12-29,12:00:00
Dec. 29,"2020, 2 p.m.",29-Dec-20   2 p.m.,North Mole Fremantle (NMF),15,Fair,-,2020,2 PM,Dec 29 2020 2 PM,2020-12-29 14:00:00,2020-12-29 14:00:00+08:00,2020-12-29 06:00:00+00:00,2020-12-29,06:00:00
Dec. 28,"2020, 9 a.m.",28-Dec-20   9 a.m.,Rottnest North (RNN),25,Fair,"20C, swell @low caves & swirl",2020,9 AM,Dec 28 2020 9 AM,2020-12-28 09:00:00,2020-12-28 09:00:00+08:00,2020-12-28 01:00:00+00:00,2020-12-28,01:00:00
Dec. 23,"2020, 4 p.m.",23-Dec-20   4 p.m.,Ammo Jetty (AMJ),4,Windy,lots of octopus!,2020,4 PM,Dec 23 2020 4 PM,2020-12-23 16:00:00,2020-12-23 16:00:00+08:00,2020-12-23 08:00:00+00:00,2020-12-23,08:00:00
Dec. 20,"2020, 9 a.m.",20-Dec-20   9 a.m.,Ammo Jetty (AMJ),10,Fair,-,2020,9 AM,Dec 20 2020 9 AM,2020-12-20 09:00:00,2020-12-20 09:00:00+08:00,2020-12-20 01:00:00+00:00,2020-12-20,01:00:00
Dec. 15,"2020, 8 p.m.",15-Dec-20   8 p.m.,Rockingham Dive Trail (RKM),2,Fair,"21c, wobbegong, banjo shark",2020,8 PM,Dec 15 2020 8 PM,2020-12-15 20:00:00,2020-12-15 20:00:00+08:00,2020-12-15 12:00:00+00:00,2020-12-15,12:00:00
Dec. 14,"2020, 10 a.m.",14-Dec-20   10 a.m.,Ammo Jetty (AMJ),10,Fair,-,2020,10 AM,Dec 14 2020 10 AM,2020-12-14 10:00:00,2020-12-14 10:00:00+08:00,2020-12-14 02:00:00+00:00,2020-12-14,02:00:00
Dec. 7,"2020, 10 a.m.",7-Dec-20   10 a.m.,Lena Wreck (LEN),15,Fair,Great conditions 19C,2020,10 AM,Dec 7 2020 10 AM,2020-12-07 10:00:00,2020-12-07 10:00:00+08:00,2020-12-07 02:00:00+00:00,2020-12-07,02:00:00
Dec. 6,"2020, 11 a.m.",6-Dec-20   11 a.m.,Ex-HMAS Swan Wreck (SWA),12,Glassy,20C a little snotty,2020,11 AM,Dec 6 2020 11 AM,2020-12-06 11:00:00,2020-12-06 11:00:00+08:00,2020-12-06 03:00:00+00:00,2020-12-06,03:00:00
Dec. 6,"2020, 9 a.m.",6-Dec-20   9 a.m.,Ammo Jetty (AMJ),10,Fair,-,2020,9 AM,Dec 6 2020 9 AM,2020-12-06 09:00:00,2020-12-06 09:00:00+08:00,2020-12-06 01:00:00+00:00,2020-12-06,01:00:00
Dec. 5,"2020, 10 a.m.",5-Dec-20   10 a.m.,Ammo Jetty (AMJ),6,Fair,decent vis. calm.,2020,10 AM,Dec 5 2020 10 AM,2020-12-05 10:00:00,2020-12-05 10:00:00+08:00,2020-12-05 02:00:00+00:00,2020-12-05,02:00:00
Dec. 5,"2020, 6 a.m.",5-Dec-20   6 a.m.,South Fremantle (FRE),7,Fair,-,2020,6 AM,Dec 5 2020 6 AM,2020-12-05 06:00:00,2020-12-05 06:00:00+08:00,2020-12-04 22:00:00+00:00,2020-12-04,22:00:00
Nov. 29,"2020, 8 a.m.",29-Nov-20   8 a.m.,North Mole Fremantle (NMF),9,Glassy,-,2020,8 AM,Nov 29 2020 8 AM,2020-11-29 08:00:00,2020-11-29 08:00:00+08:00,2020-11-29 00:00:00+00:00,2020-11-29,00:00:00
Nov. 29,"2020, 8 a.m.",29-Nov-20   8 a.m.,Coogee Maritime Trail (CMT),6,Fair,-,2020,8 AM,Nov 29 2020 8 AM,2020-11-29 08:00:00,2020-11-29 08:00:00+08:00,2020-11-29 00:00:00+00:00,2020-11-29,00:00:00
Nov. 28,"2020, 7 p.m.",28-Nov-20   7 p.m.,Rockingham Dive Trail (RKM),5,Fair,"21c,bigBrwnSpttdBoarfish",2020,7 PM,Nov 28 2020 7 PM,2020-11-28 19:00:00,2020-11-28 19:00:00+08:00,2020-11-28 11:00:00+00:00,2020-11-28,11:00:00
Nov. 28,"2020, 3 p.m.",28-Nov-20   3 p.m.,The Coombe & Mosman Bay (CMB),2,Fair,-,2020,3 PM,Nov 28 2020 3 PM,2020-11-28 15:00:00,2020-11-28 15:00:00+08:00,2020-11-28 07:00:00+00:00,2020-11-28,07:00:00
Nov. 28,"2020, 10 a.m.",28-Nov-20   10 a.m.,North Mole Fremantle (NMF),6,Fair,-,2020,10 AM,Nov 28 2020 10 AM,2020-11-28 10:00:00,2020-11-28 10:00:00+08:00,2020-11-28 02:00:00+00:00,2020-11-28,02:00:00
Nov. 27,"2020, 8 a.m.",27-Nov-20   8 a.m.,North Mole Fremantle (NMF),6,Fair,-,2020,8 AM,Nov 27 2020 8 AM,2020-11-27 08:00:00,2020-11-27 08:00:00+08:00,2020-11-27 00:00:00+00:00,2020-11-27,00:00:00
Nov. 24,"2020, 7 p.m.",24-Nov-20   7 p.m.,Bulk Jetty (BUL),8,Windy,"21c,Sthrly,slightN-Scurrent",2020,7 PM,Nov 24 2020 7 PM,2020-11-24 19:00:00,2020-11-24 19:00:00+08:00,2020-11-24 11:00:00+00:00,2020-11-24,11:00:00
Nov. 24,"2020, 8 a.m.",24-Nov-20   8 a.m.,South Fremantle (FRE),8,Fair,-,2020,8 AM,Nov 24 2020 8 AM,2020-11-24 08:00:00,2020-11-24 08:00:00+08:00,2020-11-24 00:00:00+00:00,2020-11-24,00:00:00
Nov. 21,"2020, 7 p.m.",21-Nov-20   7 p.m.,Rockingham Dive Trail (RKM),2,Fair,"20c, rockingham jetty",2020,7 PM,Nov 21 2020 7 PM,2020-11-21 19:00:00,2020-11-21 19:00:00+08:00,2020-11-21 11:00:00+00:00,2020-11-21,11:00:00
Nov. 21,"2020, 9 a.m.",21-Nov-20   9 a.m.,North Mole Fremantle (NMF),8,Fair,-,2020,9 AM,Nov 21 2020 9 AM,2020-11-21 09:00:00,2020-11-21 09:00:00+08:00,2020-11-21 01:00:00+00:00,2020-11-21,01:00:00
Nov. 20,"2020, 1 p.m.",20-Nov-20   1 p.m.,South Fremantle (FRE),3,Windy,Lots of seaweed in bathers bay,2020,1 PM,Nov 20 2020 1 PM,2020-11-20 13:00:00,2020-11-20 13:00:00+08:00,2020-11-20 05:00:00+00:00,2020-11-20,05:00:00
Nov. 18,"2020, 8 p.m.",18-Nov-20   8 p.m.,Little Beach (LIT),6,Fair,"22c, good inside long wall",2020,8 PM,Nov 18 2020 8 PM,2020-11-18 20:00:00,2020-11-18 20:00:00+08:00,2020-11-18 12:00:00+00:00,2020-11-18,12:00:00
Nov. 18,"2020, 11 a.m.",18-Nov-20   11 a.m.,Three Mile Reef (3MR),4,Windy,"Very poor viz, Under current",2020,11 AM,Nov 18 2020 11 AM,2020-11-18 11:00:00,2020-11-18 11:00:00+08:00,2020-11-18 03:00:00+00:00,2020-11-18,03:00:00
Nov. 12,"2020, 7 p.m.",12-Nov-20   7 p.m.,Ammo Jetty (AMJ),1,Windy,"19c, surge & waves",2020,7 PM,Nov 12 2020 7 PM,2020-11-12 19:00:00,2020-11-12 19:00:00+08:00,2020-11-12 11:00:00+00:00,2020-11-12,11:00:00
Nov. 11,"2020, 8 p.m.",11-Nov-20   8 p.m.,Ammo Jetty (AMJ),1,Fair,20c.NoSwell.Milky.,2020,8 PM,Nov 11 2020 8 PM,2020-11-11 20:00:00,2020-11-11 20:00:00+08:00,2020-11-11 12:00:00+00:00,2020-11-11,12:00:00
Nov. 8,"2020, 7 p.m.",8-Nov-20   7 p.m.,North Mole Fremantle (NMF),6,Fair,"21c, sand tracks, some surge",2020,7 PM,Nov 8 2020 7 PM,2020-11-08 19:00:00,2020-11-08 19:00:00+08:00,2020-11-08 11:00:00+00:00,2020-11-08,11:00:00
Nov. 8,"2020, 11 a.m.",8-Nov-20   11 a.m.,North Mole Fremantle (NMF),8,Fair,22c vlittle swell,2020,11 AM,Nov 8 2020 11 AM,2020-11-08 11:00:00,2020-11-08 11:00:00+08:00,2020-11-08 03:00:00+00:00,2020-11-08,03:00:00
Nov. 6,"2020, 7 p.m.",6-Nov-20   7 p.m.,North Mole Fremantle (NMF),7,Fair,"20c, some surge",2020,7 PM,Nov 6 2020 7 PM,2020-11-06 19:00:00,2020-11-06 19:00:00+08:00,2020-11-06 11:00:00+00:00,2020-11-06,11:00:00
Nov. 1,"2020, 11 a.m.",1-Nov-20   11 a.m.,Robbs Jetty (ROB),5,Glassy,"No swell or current 21c,V nice",2020,11 AM,Nov 1 2020 11 AM,2020-11-01 11:00:00,2020-11-01 11:00:00+08:00,2020-11-01 03:00:00+00:00,2020-11-01,03:00:00
Oct. 31,"2020, 7 p.m.",31-Oct-20   7 p.m.,Woodman Point (WOO),6,Glassy,"21c, 3m vis @9m",2020,7 PM,Oct 31 2020 7 PM,2020-10-31 19:00:00,2020-10-31 19:00:00+08:00,2020-10-31 11:00:00+00:00,2020-10-31,11:00:00
Oct. 31,"2020, 11 a.m.",31-Oct-20   11 a.m.,Rockingham Dive Trail (RKM),3,Fair,-,2020,11 AM,Oct 31 2020 11 AM,2020-10-31 11:00:00,2020-10-31 11:00:00+08:00,2020-10-31 03:00:00+00:00,2020-10-31,03:00:00
Oct. 30,"2020, 6 p.m.",30-Oct-20   6 p.m.,The Coombe & Mosman Bay (CMB),2,Fair,Got worse deeper. 19.6c,2020,6 PM,Oct 30 2020 6 PM,2020-10-30 18:00:00,2020-10-30 18:00:00+08:00,2020-10-30 10:00:00+00:00,2020-10-30,10:00:00
Oct. 23,"2020, 7 p.m.",23-Oct-20   7 p.m.,Robbs Jetty (ROB),5,Windy,"19c, milky, no surge",2020,7 PM,Oct 23 2020 7 PM,2020-10-23 19:00:00,2020-10-23 19:00:00+08:00,2020-10-23 11:00:00+00:00,2020-10-23,11:00:00
Oct. 20,"2020, 7 p.m.",20-Oct-20   7 p.m.,Blackwall Reach (BWR),2,Fair,19 degrees,2020,7 PM,Oct 20 2020 7 PM,2020-10-20 19:00:00,2020-10-20 19:00:00+08:00,2020-10-20 11:00:00+00:00,2020-10-20,11:00:00
Oct. 18,"2020, 9 a.m.",18-Oct-20   9 a.m.,Mettam’s Pool (MET),10,Fair,Beautiful condi. at Trigg Is,2020,9 AM,Oct 18 2020 9 AM,2020-10-18 09:00:00,2020-10-18 09:00:00+08:00,2020-10-18 01:00:00+00:00,2020-10-18,01:00:00
Oct. 17,"2020, 10 a.m.",17-Oct-20   10 a.m.,Coogee Maritime Trail (CMT),5,Fair,18 deg,2020,10 AM,Oct 17 2020 10 AM,2020-10-17 10:00:00,2020-10-17 10:00:00+08:00,2020-10-17 02:00:00+00:00,2020-10-17,02:00:00
Oct. 17,"2020, 9 a.m.",17-Oct-20   9 a.m.,Ammo Jetty (AMJ),4,Fair,19c Octopus,2020,9 AM,Oct 17 2020 9 AM,2020-10-17 09:00:00,2020-10-17 09:00:00+08:00,2020-10-17 01:00:00+00:00,2020-10-17,01:00:00
Oct. 16,"2020, 6 p.m.",16-Oct-20   6 p.m.,Ammo Jetty (AMJ),5,Fair,20-21c little surge,2020,6 PM,Oct 16 2020 6 PM,2020-10-16 18:00:00,2020-10-16 18:00:00+08:00,2020-10-16 10:00:00+00:00,2020-10-16,10:00:00
Oct. 10,"2020, noon",10-Oct-20   12 p.m.,Bulk Jetty (BUL),2,Fair,Low tide.Better 4m at end.19c,2020,12 PM,Oct 10 2020 12 PM,2020-10-10 12:00:00,2020-10-10 12:00:00+08:00,2020-10-10 04:00:00+00:00,2020-10-10,04:00:00
Oct. 10,"2020, 10 a.m.",10-Oct-20   10 a.m.,Lena Wreck (LEN),5,Fair,-,2020,10 AM,Oct 10 2020 10 AM,2020-10-10 10:00:00,2020-10-10 10:00:00+08:00,2020-10-10 02:00:00+00:00,2020-10-10,02:00:00
Oct. 10,"2020, 10 a.m.",10-Oct-20   10 a.m.,The Coombe & Mosman Bay (CMB),2,Glassy,-,2020,10 AM,Oct 10 2020 10 AM,2020-10-10 10:00:00,2020-10-10 10:00:00+08:00,2020-10-10 02:00:00+00:00,2020-10-10,02:00:00
Oct. 9,"2020, 8 p.m.",9-Oct-20   8 p.m.,Ammo Jetty (AMJ),1,Fair,"18c, 0.5-2m vis, current/surge",2020,8 PM,Oct 9 2020 8 PM,2020-10-09 20:00:00,2020-10-09 20:00:00+08:00,2020-10-09 12:00:00+00:00,2020-10-09,12:00:00
Oct. 3,"2020, 9 p.m.",3-Oct-20   9 p.m.,Blackwall Reach (BWR),1,Glassy,"18c, >4m @1m , Point Walter",2020,9 PM,Oct 3 2020 9 PM,2020-10-03 21:00:00,2020-10-03 21:00:00+08:00,2020-10-03 13:00:00+00:00,2020-10-03,13:00:00
Oct. 3,"2020, 10 a.m.",3-Oct-20   10 a.m.,Ammo Jetty (AMJ),1,Fair,"18c, 0.5-2m vis",2020,10 AM,Oct 3 2020 10 AM,2020-10-03 10:00:00,2020-10-03 10:00:00+08:00,2020-10-03 02:00:00+00:00,2020-10-03,02:00:00
Sept. 22,"2020, 6 p.m.",22-Sep-20   6 p.m.,Point Peron (PPR),12,Fair,"Choppy, v.little swell, 18oC",2020,6 PM,Sep 22 2020 6 PM,2020-09-22 18:00:00,2020-09-22 18:00:00+08:00,2020-09-22 10:00:00+00:00,2020-09-22,10:00:00
Sept. 21,"2020, 7 p.m.",21-Sep-20   7 p.m.,Ammo Jetty (AMJ),1,Fair,"16 deg, light current at end",2020,7 PM,Sep 21 2020 7 PM,2020-09-21 19:00:00,2020-09-21 19:00:00+08:00,2020-09-21 11:00:00+00:00,2020-09-21,11:00:00
Sept. 18,"2020, 8 p.m.",18-Sep-20   8 p.m.,North Mole Fremantle (NMF),10,Fair,"Temp: 18 deg, some surge",2020,8 PM,Sep 18 2020 8 PM,2020-09-18 20:00:00,2020-09-18 20:00:00+08:00,2020-09-18 12:00:00+00:00,2020-09-18,12:00:00
Sept. 18,"2020, 1 p.m.",18-Sep-20   1 p.m.,Point Peron (PPR),10,Fair,18degrees,2020,1 PM,Sep 18 2020 1 PM,2020-09-18 13:00:00,2020-09-18 13:00:00+08:00,2020-09-18 05:00:00+00:00,2020-09-18,05:00:00
Sept. 16,"2020, 6 p.m.",16-Sep-20   6 p.m.,Robbs Jetty (ROB),6,Fair,"Weedy, good conditions, 18oC",2020,6 PM,Sep 16 2020 6 PM,2020-09-16 18:00:00,2020-09-16 18:00:00+08:00,2020-09-16 10:00:00+00:00,2020-09-16,10:00:00
Sept. 12,"2020, 11 a.m.",12-Sep-20   11 a.m.,Watermans/North Beach (WAT),2,Windy,choppy,2020,11 AM,Sep 12 2020 11 AM,2020-09-12 11:00:00,2020-09-12 11:00:00+08:00,2020-09-12 03:00:00+00:00,2020-09-12,03:00:00
Sept. 12,"2020, 10 a.m.",12-Sep-20   10 a.m.,Bulk Jetty (BUL),6,Fair,"18c,   nudi trapania, flame ti",2020,10 AM,Sep 12 2020 10 AM,2020-09-12 10:00:00,2020-09-12 10:00:00+08:00,2020-09-12 02:00:00+00:00,2020-09-12,02:00:00
Sept. 11,"2020, 3 p.m.",11-Sep-20   3 p.m.,Rockingham Dive Trail (RKM),2,Fair,"17 degrees, nudibranches",2020,3 PM,Sep 11 2020 3 PM,2020-09-11 15:00:00,2020-09-11 15:00:00+08:00,2020-09-11 07:00:00+00:00,2020-09-11,07:00:00
Sept. 5,"2020, 11 a.m.",5-Sep-20   11 a.m.,Little Beach (LIT),6,Windy,"Outer groyne, 17deg, vis 1m@9m",2020,11 AM,Sep 5 2020 11 AM,2020-09-05 11:00:00,2020-09-05 11:00:00+08:00,2020-09-05 03:00:00+00:00,2020-09-05,03:00:00
Sept. 4,"2020, 10 a.m.",4-Sep-20   10 a.m.,North Mole Fremantle (NMF),5,Rough,"Mewstone Rock, Rough and soupy",2020,10 AM,Sep 4 2020 10 AM,2020-09-04 10:00:00,2020-09-04 10:00:00+08:00,2020-09-04 02:00:00+00:00,2020-09-04,02:00:00
Aug. 31,"2020, 10 a.m.",31-Aug-20   10 a.m.,Rockingham Dive Trail (RKM),7,Fair,"Temp: 16 deg, light surge",2020,10 AM,Aug 31 2020 10 AM,2020-08-31 10:00:00,2020-08-31 10:00:00+08:00,2020-08-31 02:00:00+00:00,2020-08-31,02:00:00
Aug. 29,"2020, 9 a.m.",29-Aug-20   9 a.m.,Kwinana Grain Terminal (KGT),10,Glassy,-,2020,9 AM,Aug 29 2020 9 AM,2020-08-29 09:00:00,2020-08-29 09:00:00+08:00,2020-08-29 01:00:00+00:00,2020-08-29,01:00:00
Aug. 25,"2020, 9 a.m.",25-Aug-20   9 a.m.,Hillarys (HIL),20,Windy,Depth @ 25m,2020,9 AM,Aug 25 2020 9 AM,2020-08-25 09:00:00,2020-08-25 09:00:00+08:00,2020-08-25 01:00:00+00:00,2020-08-25,01:00:00
Aug. 24,"2020, 7 p.m.",24-Aug-20   7 p.m.,Ammo Jetty (AMJ),5,Fair,"Good vis, nudis, seahorses, 17",2020,7 PM,Aug 24 2020 7 PM,2020-08-24 19:00:00,2020-08-24 19:00:00+08:00,2020-08-24 11:00:00+00:00,2020-08-24,11:00:00
Aug. 23,"2020, 2 p.m.",23-Aug-20   2 p.m.,Bulk Jetty (BUL),8,Fair,16 degrees,2020,2 PM,Aug 23 2020 2 PM,2020-08-23 14:00:00,2020-08-23 14:00:00+08:00,2020-08-23 06:00:00+00:00,2020-08-23,06:00:00
Aug. 22,"2020, 10 a.m.",22-Aug-20   10 a.m.,Bulk Jetty (BUL),8,Fair,-,2020,10 AM,Aug 22 2020 10 AM,2020-08-22 10:00:00,2020-08-22 10:00:00+08:00,2020-08-22 02:00:00+00:00,2020-08-22,02:00:00
Aug. 21,"2020, 8 p.m.",21-Aug-20   8 p.m.,Hillarys (HIL),15,Glassy,A bit of surge but very clear!,2020,8 PM,Aug 21 2020 8 PM,2020-08-21 20:00:00,2020-08-21 20:00:00+08:00,2020-08-21 12:00:00+00:00,2020-08-21,12:00:00
Aug. 21,"2020, 7 p.m.",21-Aug-20   7 p.m.,North Mole Fremantle (NMF),6,Fair,-,2020,7 PM,Aug 21 2020 7 PM,2020-08-21 19:00:00,2020-08-21 19:00:00+08:00,2020-08-21 11:00:00+00:00,2020-08-21,11:00:00
Aug. 21,"2020, 7 p.m.",21-Aug-20   7 p.m.,Woodman Point (WOO),7,Fair,-,2020,7 PM,Aug 21 2020 7 PM,2020-08-21 19:00:00,2020-08-21 19:00:00+08:00,2020-08-21 11:00:00+00:00,2020-08-21,11:00:00
Aug. 19,"2020, 7 p.m.",19-Aug-20   7 p.m.,Freshwater Bay (FWB),2,Glassy,"shallow, seahorses 15c",2020,7 PM,Aug 19 2020 7 PM,2020-08-19 19:00:00,2020-08-19 19:00:00+08:00,2020-08-19 11:00:00+00:00,2020-08-19,11:00:00
Aug. 16,"2020, 7 p.m.",16-Aug-20   7 p.m.,The Coombe & Mosman Bay (CMB),3,Fair,"15deg, vis 4m @6m & 2m @10m",2020,7 PM,Aug 16 2020 7 PM,2020-08-16 19:00:00,2020-08-16 19:00:00+08:00,2020-08-16 11:00:00+00:00,2020-08-16,11:00:00
Aug. 15,"2020, 7 p.m.",15-Aug-20   7 p.m.,Bicton Baths (BIC),6,Glassy,"16C JerratDv,+20seahorses",2020,7 PM,Aug 15 2020 7 PM,2020-08-15 19:00:00,2020-08-15 19:00:00+08:00,2020-08-15 11:00:00+00:00,2020-08-15,11:00:00
Aug. 15,"2020, 10 a.m.",15-Aug-20   10 a.m.,Rottnest South (RTS),20,Fair,20C Hiding from swell & N wind,2020,10 AM,Aug 15 2020 10 AM,2020-08-15 10:00:00,2020-08-15 10:00:00+08:00,2020-08-15 02:00:00+00:00,2020-08-15,02:00:00
Aug. 13,"2020, 1 p.m.",13-Aug-20   1 p.m.,North Mole Fremantle (NMF),3,Fair,soupy :((,2020,1 PM,Aug 13 2020 1 PM,2020-08-13 13:00:00,2020-08-13 13:00:00+08:00,2020-08-13 05:00:00+00:00,2020-08-13,05:00:00
Aug. 12,"2020, 7 p.m.",12-Aug-20   7 p.m.,Blackwall Reach (BWR),2,Fair,4m in shallows/rockwall. 13deg,2020,7 PM,Aug 12 2020 7 PM,2020-08-12 19:00:00,2020-08-12 19:00:00+08:00,2020-08-12 11:00:00+00:00,2020-08-12,11:00:00
Aug. 8,"2020, 10 a.m.",8-Aug-20   10 a.m.,Coogee Maritime Trail (CMT),3,Windy,"Temp: 16 deg, very light surge",2020,10 AM,Aug 8 2020 10 AM,2020-08-08 10:00:00,2020-08-08 10:00:00+08:00,2020-08-08 02:00:00+00:00,2020-08-08,02:00:00
Aug. 4,"2020, 4 p.m.",4-Aug-20   4 p.m.,Kwinana Grain Terminal (KGT),4,Fair,"16degrees, nudis, seahorse",2020,4 PM,Aug 4 2020 4 PM,2020-08-04 16:00:00,2020-08-04 16:00:00+08:00,2020-08-04 08:00:00+00:00,2020-08-04,08:00:00
Aug. 2,"2020, 11 a.m.",2-Aug-20   11 a.m.,The Coombe & Mosman Bay (CMB),4,Fair,Dropped 1.5m at 22m wreck,2020,11 AM,Aug 2 2020 11 AM,2020-08-02 11:00:00,2020-08-02 11:00:00+08:00,2020-08-02 03:00:00+00:00,2020-08-02,03:00:00
Aug. 1,"2020, 10 a.m.",1-Aug-20   10 a.m.,Kwinana Grain Terminal (KGT),6,Glassy,"Temp: 16 deg, some surge",2020,10 AM,Aug 1 2020 10 AM,2020-08-01 10:00:00,2020-08-01 10:00:00+08:00,2020-08-01 02:00:00+00:00,2020-08-01,02:00:00
Aug. 1,"2020, 10 a.m.",1-Aug-20   10 a.m.,Rockingham Dive Trail (RKM),4,Glassy,"Flat, 16 deg",2020,10 AM,Aug 1 2020 10 AM,2020-08-01 10:00:00,2020-08-01 10:00:00+08:00,2020-08-01 02:00:00+00:00,2020-08-01,02:00:00
Aug. 1,"2020, 10 a.m.",1-Aug-20   10 a.m.,Kwinana Grain Terminal (KGT),7,Glassy,No surge whatsoever :) 17Deg.,2020,10 AM,Aug 1 2020 10 AM,2020-08-01 10:00:00,2020-08-01 10:00:00+08:00,2020-08-01 02:00:00+00:00,2020-08-01,02:00:00
July 30,"2020, 5 p.m.",30-Jul-20   5 p.m.,Bulk Jetty (BUL),5,Fair,"<5m, 18c, seahorses",2020,5 PM,July 30 2020 5 PM,2020-07-30 17:00:00,2020-07-30 17:00:00+08:00,2020-07-30 09:00:00+00:00,2020-07-30,09:00:00
July 30,"2020, 2 p.m.",30-Jul-20   2 p.m.,Ammo Jetty (AMJ),1,Fair,"<1m, seahorses, nudis, 18c",2020,2 PM,July 30 2020 2 PM,2020-07-30 14:00:00,2020-07-30 14:00:00+08:00,2020-07-30 06:00:00+00:00,2020-07-30,06:00:00
July 29,"2020, 9 p.m.",29-Jul-20   9 p.m.,Freshwater Bay (FWB),2,Glassy,"low tide, 2-4m vis 16c",2020,9 PM,July 29 2020 9 PM,2020-07-29 21:00:00,2020-07-29 21:00:00+08:00,2020-07-29 13:00:00+00:00,2020-07-29,13:00:00
July 29,"2020, 8 p.m.",29-Jul-20   8 p.m.,Bicton Baths (BIC),4,Glassy,"18-19C,JerratDv+20seahorses",2020,8 PM,July 29 2020 8 PM,2020-07-29 20:00:00,2020-07-29 20:00:00+08:00,2020-07-29 12:00:00+00:00,2020-07-29,12:00:00
July 25,"2020, 7 p.m.",25-Jul-20   7 p.m.,Blackwall Reach (BWR),2,Fair,"Temp: 16 deg, light current",2020,7 PM,July 25 2020 7 PM,2020-07-25 19:00:00,2020-07-25 19:00:00+08:00,2020-07-25 11:00:00+00:00,2020-07-25,11:00:00
July 22,"2020, 7 p.m.",22-Jul-20   7 p.m.,South Cottesloe Reef (SCR),1,Rough,"19C,Washing machine hell",2020,7 PM,July 22 2020 7 PM,2020-07-22 19:00:00,2020-07-22 19:00:00+08:00,2020-07-22 11:00:00+00:00,2020-07-22,11:00:00
July 20,"2020, 7 p.m.",20-Jul-20   7 p.m.,Kwinana Grain Terminal (KGT),5,Fair,"Temp: 16 deg, no current",2020,7 PM,July 20 2020 7 PM,2020-07-20 19:00:00,2020-07-20 19:00:00+08:00,2020-07-20 11:00:00+00:00,2020-07-20,11:00:00
July 19,"2020, 7 p.m.",19-Jul-20   7 p.m.,Kwinana Grain Terminal (KGT),5,Fair,16 degrees,2020,7 PM,July 19 2020 7 PM,2020-07-19 19:00:00,2020-07-19 19:00:00+08:00,2020-07-19 11:00:00+00:00,2020-07-19,11:00:00
July 19,"2020, 1 p.m.",19-Jul-20   1 p.m.,Rottnest South (RTS),15,Fair,"21C,waves,smallsurge",2020,1 PM,July 19 2020 1 PM,2020-07-19 13:00:00,2020-07-19 13:00:00+08:00,2020-07-19 05:00:00+00:00,2020-07-19,05:00:00
July 19,"2020, 10 a.m.",19-Jul-20   10 a.m.,Rottnest North (RNN),10,Fair,"19C,rolling swell,surgyshallow",2020,10 AM,July 19 2020 10 AM,2020-07-19 10:00:00,2020-07-19 10:00:00+08:00,2020-07-19 02:00:00+00:00,2020-07-19,02:00:00
July 18,"2020, 7 p.m.",18-Jul-20   7 p.m.,Blackwall Reach (BWR),3,Glassy,-,2020,7 PM,July 18 2020 7 PM,2020-07-18 19:00:00,2020-07-18 19:00:00+08:00,2020-07-18 11:00:00+00:00,2020-07-18,11:00:00
July 18,"2020, 10 a.m.",18-Jul-20   10 a.m.,Rockingham Dive Trail (RKM),8,Fair,-,2020,10 AM,July 18 2020 10 AM,2020-07-18 10:00:00,2020-07-18 10:00:00+08:00,2020-07-18 02:00:00+00:00,2020-07-18,02:00:00
July 18,"2020, 10 a.m.",18-Jul-20   10 a.m.,Rockingham Dive Trail (RKM),8,Fair,Temp: 15 deg,2020,10 AM,July 18 2020 10 AM,2020-07-18 10:00:00,2020-07-18 10:00:00+08:00,2020-07-18 02:00:00+00:00,2020-07-18,02:00:00
July 13,"2020, 9 a.m.",13-Jul-20   9 a.m.,Blackwall Reach (BWR),4,Windy,-,2020,9 AM,July 13 2020 9 AM,2020-07-13 09:00:00,2020-07-13 09:00:00+08:00,2020-07-13 01:00:00+00:00,2020-07-13,01:00:00
July 12,"2020, 10 p.m.",12-Jul-20   10 p.m.,Blackwall Reach (BWR),5,Fair,-,2020,10 PM,July 12 2020 10 PM,2020-07-12 22:00:00,2020-07-12 22:00:00+08:00,2020-07-12 14:00:00+00:00,2020-07-12,14:00:00
July 12,"2020, 4 p.m.",12-Jul-20   4 p.m.,The Coombe & Mosman Bay (CMB),4,Fair,-,2020,4 PM,July 12 2020 4 PM,2020-07-12 16:00:00,2020-07-12 16:00:00+08:00,2020-07-12 08:00:00+00:00,2020-07-12,08:00:00
July 12,"2020, 10 a.m.",12-Jul-20   10 a.m.,Rockingham Dive Trail (RKM),12,Rough,RWT - 10-12m,2020,10 AM,July 12 2020 10 AM,2020-07-12 10:00:00,2020-07-12 10:00:00+08:00,2020-07-12 02:00:00+00:00,2020-07-12,02:00:00
July 11,"2020, 3 p.m.",11-Jul-20   3 p.m.,Bulk Jetty (BUL),6,Glassy,16C,2020,3 PM,July 11 2020 3 PM,2020-07-11 15:00:00,2020-07-11 15:00:00+08:00,2020-07-11 07:00:00+00:00,2020-07-11,07:00:00
July 11,"2020, noon",11-Jul-20   12 p.m.,Centaur Reef (CEN),15,Fair,-,2020,12 PM,July 11 2020 12 PM,2020-07-11 12:00:00,2020-07-11 12:00:00+08:00,2020-07-11 04:00:00+00:00,2020-07-11,04:00:00
July 11,"2020, 10 a.m.",11-Jul-20   10 a.m.,Point Peron (PPR),10,Fair,"17C surgey, hard work",2020,10 AM,July 11 2020 10 AM,2020-07-11 10:00:00,2020-07-11 10:00:00+08:00,2020-07-11 02:00:00+00:00,2020-07-11,02:00:00
July 11,"2020, 10 a.m.",11-Jul-20   10 a.m.,Rockingham Dive Trail (RKM),8,Windy,"5-8+m vis, 17c, boarfish",2020,10 AM,July 11 2020 10 AM,2020-07-11 10:00:00,2020-07-11 10:00:00+08:00,2020-07-11 02:00:00+00:00,2020-07-11,02:00:00
July 11,"2020, 9 a.m.",11-Jul-20   9 a.m.,Bulk Jetty (BUL),7,Glassy,17 degrees Very light Current,2020,9 AM,July 11 2020 9 AM,2020-07-11 09:00:00,2020-07-11 09:00:00+08:00,2020-07-11 01:00:00+00:00,2020-07-11,01:00:00
July 10,"2020, 7 p.m.",10-Jul-20   7 p.m.,Freshwater Bay (FWB),4,Fair,15C vrblViz2-5m,2020,7 PM,July 10 2020 7 PM,2020-07-10 19:00:00,2020-07-10 19:00:00+08:00,2020-07-10 11:00:00+00:00,2020-07-10,11:00:00
July 10,"2020, 3 p.m.",10-Jul-20   3 p.m.,Ammo Jetty (AMJ),2,Fair,-,2020,3 PM,July 10 2020 3 PM,2020-07-10 15:00:00,2020-07-10 15:00:00+08:00,2020-07-10 07:00:00+00:00,2020-07-10,07:00:00
July 10,"2020, 2 p.m.",10-Jul-20   2 p.m.,Hillarys (HIL),10,Fair,2km directly West of Hil,2020,2 PM,July 10 2020 2 PM,2020-07-10 14:00:00,2020-07-10 14:00:00+08:00,2020-07-10 06:00:00+00:00,2020-07-10,06:00:00
July 10,"2020, 10 a.m.",10-Jul-20   10 a.m.,Bulk Jetty (BUL),8,Glassy,"Side to side, 16-17c",2020,10 AM,July 10 2020 10 AM,2020-07-10 10:00:00,2020-07-10 10:00:00+08:00,2020-07-10 02:00:00+00:00,2020-07-10,02:00:00
July 9,"2020, 7 p.m.",9-Jul-20   7 p.m.,Freshwater Bay (FWB),1,Glassy,"Knobby/WA, seamoths, 16c",2020,7 PM,July 9 2020 7 PM,2020-07-09 19:00:00,2020-07-09 19:00:00+08:00,2020-07-09 11:00:00+00:00,2020-07-09,11:00:00
July 9,"2020, 7 p.m.",9-Jul-20   7 p.m.,Kwinana Grain Terminal (KGT),7,Fair,-,2020,7 PM,July 9 2020 7 PM,2020-07-09 19:00:00,2020-07-09 19:00:00+08:00,2020-07-09 11:00:00+00:00,2020-07-09,11:00:00
July 9,"2020, 10 a.m.",9-Jul-20   10 a.m.,The Coombe & Mosman Bay (CMB),1,Fair,very dirty below 3m,2020,10 AM,July 9 2020 10 AM,2020-07-09 10:00:00,2020-07-09 10:00:00+08:00,2020-07-09 02:00:00+00:00,2020-07-09,02:00:00
July 8,"2020, 8 p.m.",8-Jul-20   8 p.m.,Coogee Maritime Trail (CMT),10,Glassy,"18C ChelydraPt, VlittleSwell",2020,8 PM,July 8 2020 8 PM,2020-07-08 20:00:00,2020-07-08 20:00:00+08:00,2020-07-08 12:00:00+00:00,2020-07-08,12:00:00
July 8,"2020, 8 p.m.",8-Jul-20   8 p.m.,Coogee Maritime Trail (CMT),10,Glassy,"18C ChelydraPt, VlittleSwell",2020,8 PM,July 8 2020 8 PM,2020-07-08 20:00:00,2020-07-08 20:00:00+08:00,2020-07-08 12:00:00+00:00,2020-07-08,12:00:00
July 8,"2020, 3 p.m.",8-Jul-20   3 p.m.,Ammo Jetty (AMJ),1,Fair,"Bad vis, seahorse, 17 c",2020,3 PM,July 8 2020 3 PM,2020-07-08 15:00:00,2020-07-08 15:00:00+08:00,2020-07-08 07:00:00+00:00,2020-07-08,07:00:00
July 7,"2020, 7 p.m.",7-Jul-20   7 p.m.,Kwinana Grain Terminal (KGT),6,Windy,"17 degrees, northerly current",2020,7 PM,July 7 2020 7 PM,2020-07-07 19:00:00,2020-07-07 19:00:00+08:00,2020-07-07 11:00:00+00:00,2020-07-07,11:00:00
July 7,"2020, noon",7-Jul-20   12 p.m.,Kwinana Grain Terminal (KGT),3,Windy,"17 degrees, dead seagrass",2020,12 PM,July 7 2020 12 PM,2020-07-07 12:00:00,2020-07-07 12:00:00+08:00,2020-07-07 04:00:00+00:00,2020-07-07,04:00:00
July 6,"2020, 7 p.m.",6-Jul-20   7 p.m.,Freshwater Bay (FWB),2,Glassy,"Seahorses, 16 degrees",2020,7 PM,July 6 2020 7 PM,2020-07-06 19:00:00,2020-07-06 19:00:00+08:00,2020-07-06 11:00:00+00:00,2020-07-06,11:00:00
July 5,"2020, 7 p.m.",5-Jul-20   7 p.m.,Kwinana Grain Terminal (KGT),8,Fair,16 C,2020,7 PM,July 5 2020 7 PM,2020-07-05 19:00:00,2020-07-05 19:00:00+08:00,2020-07-05 11:00:00+00:00,2020-07-05,11:00:00
July 5,"2020, 11 a.m.",5-Jul-20   11 a.m.,Bulk Jetty (BUL),12,Fair,17C choppyNocurrentOrJellies,2020,11 AM,July 5 2020 11 AM,2020-07-05 11:00:00,2020-07-05 11:00:00+08:00,2020-07-05 03:00:00+00:00,2020-07-05,03:00:00
July 5,"2020, 9 a.m.",5-Jul-20   9 a.m.,Kwinana Grain Terminal (KGT),6,Windy,"Seahorses, cephalopods, 16c",2020,9 AM,July 5 2020 9 AM,2020-07-05 09:00:00,2020-07-05 09:00:00+08:00,2020-07-05 01:00:00+00:00,2020-07-05,01:00:00
July 4,"2020, 9 a.m.",4-Jul-20   9 a.m.,Bicton Baths (BIC),1,Fair,Jerrat Drive. Seahorses.,2020,9 AM,July 4 2020 9 AM,2020-07-04 09:00:00,2020-07-04 09:00:00+08:00,2020-07-04 01:00:00+00:00,2020-07-04,01:00:00
July 3,"2020, 9 p.m.",3-Jul-20   9 p.m.,Blackwall Reach (BWR),8,Glassy,14 deg,2020,9 PM,July 3 2020 9 PM,2020-07-03 21:00:00,2020-07-03 21:00:00+08:00,2020-07-03 13:00:00+00:00,2020-07-03,13:00:00
July 3,"2020, 7 p.m.",3-Jul-20   7 p.m.,Kwinana Grain Terminal (KGT),5,Fair,"Seahorses, cuttlefish, 16 degr",2020,7 PM,July 3 2020 7 PM,2020-07-03 19:00:00,2020-07-03 19:00:00+08:00,2020-07-03 11:00:00+00:00,2020-07-03,11:00:00
July 3,"2020, 6 p.m.",3-Jul-20   6 p.m.,Freshwater Bay (FWB),6,Fair,-,2020,6 PM,July 3 2020 6 PM,2020-07-03 18:00:00,2020-07-03 18:00:00+08:00,2020-07-03 10:00:00+00:00,2020-07-03,10:00:00
July 3,"2020, 1 p.m.",3-Jul-20   1 p.m.,Ammo Jetty (AMJ),1,Fair,Milky green,2020,1 PM,July 3 2020 1 PM,2020-07-03 13:00:00,2020-07-03 13:00:00+08:00,2020-07-03 05:00:00+00:00,2020-07-03,05:00:00
July 3,"2020, 9 a.m.",3-Jul-20   9 a.m.,Bulk Jetty (BUL),2,Fair,"Temp: 16 deg, light current",2020,9 AM,July 3 2020 9 AM,2020-07-03 09:00:00,2020-07-03 09:00:00+08:00,2020-07-03 01:00:00+00:00,2020-07-03,01:00:00
July 2,"2020, 8 p.m.",2-Jul-20   8 p.m.,North Mole Fremantle (NMF),1,Fair,Exceptional viz :-(,2020,8 PM,July 2 2020 8 PM,2020-07-02 20:00:00,2020-07-02 20:00:00+08:00,2020-07-02 12:00:00+00:00,2020-07-02,12:00:00
July 2,"2020, 1 p.m.",2-Jul-20   1 p.m.,Blackwall Reach (BWR),5,Glassy,"Very strong current, 15deg",2020,1 PM,July 2 2020 1 PM,2020-07-02 13:00:00,2020-07-02 13:00:00+08:00,2020-07-02 05:00:00+00:00,2020-07-02,05:00:00
June 28,"2020, 11 a.m.",28-Jun-20   11 a.m.,The Coombe & Mosman Bay (CMB),4,Fair,"T'Coombe,VHvy showers,17oC",2020,11 AM,June 28 2020 11 AM,2020-06-28 11:00:00,2020-06-28 11:00:00+08:00,2020-06-28 03:00:00+00:00,2020-06-28,03:00:00
June 27,"2020, 7 p.m.",27-Jun-20   7 p.m.,Bicton Baths (BIC),5,Glassy,Jerrat Dr. Strong ish current,2020,7 PM,June 27 2020 7 PM,2020-06-27 19:00:00,2020-06-27 19:00:00+08:00,2020-06-27 11:00:00+00:00,2020-06-27,11:00:00
June 24,"2020, 9 a.m.",24-Jun-20   9 a.m.,Little Beach (LIT),4,Windy,-,2020,9 AM,June 24 2020 9 AM,2020-06-24 09:00:00,2020-06-24 09:00:00+08:00,2020-06-24 01:00:00+00:00,2020-06-24,01:00:00
June 21,"2020, 10 a.m.",21-Jun-20   10 a.m.,Point Peron (PPR),10,Glassy,No swell. Little surge. 18oC,2020,10 AM,June 21 2020 10 AM,2020-06-21 10:00:00,2020-06-21 10:00:00+08:00,2020-06-21 02:00:00+00:00,2020-06-21,02:00:00
June 20,"2020, 7 p.m.",20-Jun-20   7 p.m.,Kwinana Grain Terminal (KGT),5,Fair,"16deg, very light surge",2020,7 PM,June 20 2020 7 PM,2020-06-20 19:00:00,2020-06-20 19:00:00+08:00,2020-06-20 11:00:00+00:00,2020-06-20,11:00:00
June 20,"2020, 10 a.m.",20-Jun-20   10 a.m.,Woodman Point (WOO),1,Fair,"very murky, <1m at times, 16C",2020,10 AM,June 20 2020 10 AM,2020-06-20 10:00:00,2020-06-20 10:00:00+08:00,2020-06-20 02:00:00+00:00,2020-06-20,02:00:00
June 16,"2020, 7 p.m.",16-Jun-20   7 p.m.,Kwinana Grain Terminal (KGT),12,Glassy,Calm.No swell.18oC small waves,2020,7 PM,June 16 2020 7 PM,2020-06-16 19:00:00,2020-06-16 19:00:00+08:00,2020-06-16 11:00:00+00:00,2020-06-16,11:00:00
June 15,"2020, 6 p.m.",15-Jun-20   6 p.m.,The Coombe & Mosman Bay (CMB),5,Glassy,"17 deg, no current",2020,6 PM,June 15 2020 6 PM,2020-06-15 18:00:00,2020-06-15 18:00:00+08:00,2020-06-15 10:00:00+00:00,2020-06-15,10:00:00
June 14,"2020, 8 a.m.",14-Jun-20   8 a.m.,Kwinana Grain Terminal (KGT),5,Rough,Cuttlefish family,2020,8 AM,June 14 2020 8 AM,2020-06-14 08:00:00,2020-06-14 08:00:00+08:00,2020-06-14 00:00:00+00:00,2020-06-14,00:00:00
June 12,"2020, 8 a.m.",12-Jun-20   8 a.m.,Rockingham Dive Trail (RKM),10,Windy,Strong southerly helped,2020,8 AM,June 12 2020 8 AM,2020-06-12 08:00:00,2020-06-12 08:00:00+08:00,2020-06-12 00:00:00+00:00,2020-06-12,00:00:00
June 8,"2020, 7 p.m.",8-Jun-20   7 p.m.,Coogee Maritime Trail (CMT),10,Glassy,20deg,2020,7 PM,June 8 2020 7 PM,2020-06-08 19:00:00,2020-06-08 19:00:00+08:00,2020-06-08 11:00:00+00:00,2020-06-08,11:00:00
June 8,"2020, 7 p.m.",8-Jun-20   7 p.m.,South Fremantle (FRE),10,Glassy,"Temp: 20 deg, South Mole",2020,7 PM,June 8 2020 7 PM,2020-06-08 19:00:00,2020-06-08 19:00:00+08:00,2020-06-08 11:00:00+00:00,2020-06-08,11:00:00
June 7,"2020, 7 p.m.",7-Jun-20   7 p.m.,North Mole Fremantle (NMF),25,Glassy,Exceptional viz!,2020,7 PM,June 7 2020 7 PM,2020-06-07 19:00:00,2020-06-07 19:00:00+08:00,2020-06-07 11:00:00+00:00,2020-06-07,11:00:00
June 7,"2020, 1 p.m.",7-Jun-20   1 p.m.,Rottnest West (RNW),15,Fair,21oC SharkCv 5GNsharks,2020,1 PM,June 7 2020 1 PM,2020-06-07 13:00:00,2020-06-07 13:00:00+08:00,2020-06-07 05:00:00+00:00,2020-06-07,05:00:00
June 7,"2020, 10 a.m.",7-Jun-20   10 a.m.,Bulk Jetty (BUL),10,Fair,-,2020,10 AM,June 7 2020 10 AM,2020-06-07 10:00:00,2020-06-07 10:00:00+08:00,2020-06-07 02:00:00+00:00,2020-06-07,02:00:00
June 7,"2020, 10 a.m.",7-Jun-20   10 a.m.,Rottnest North (RNN),10,Fair,"21oC, OperaHs, 3GNsharks",2020,10 AM,June 7 2020 10 AM,2020-06-07 10:00:00,2020-06-07 10:00:00+08:00,2020-06-07 02:00:00+00:00,2020-06-07,02:00:00
June 6,"2020, 2 p.m.",6-Jun-20   2 p.m.,Bicton Baths (BIC),5,Fair,"Jerrat Rd, Scouts msrd w reel",2020,2 PM,June 6 2020 2 PM,2020-06-06 14:00:00,2020-06-06 14:00:00+08:00,2020-06-06 06:00:00+00:00,2020-06-06,06:00:00
June 6,"2020, 11 a.m.",6-Jun-20   11 a.m.,Rottnest South (RTS),12,Fair,-,2020,11 AM,June 6 2020 11 AM,2020-06-06 11:00:00,2020-06-06 11:00:00+08:00,2020-06-06 03:00:00+00:00,2020-06-06,03:00:00
June 6,"2020, 10 a.m.",6-Jun-20   10 a.m.,Bulk Jetty (BUL),9,Fair,"17 deg, big boat @ next jetty",2020,10 AM,June 6 2020 10 AM,2020-06-06 10:00:00,2020-06-06 10:00:00+08:00,2020-06-06 02:00:00+00:00,2020-06-06,02:00:00
June 6,"2020, 9 a.m.",6-Jun-20   9 a.m.,North Mole Fremantle (NMF),12,Fair,"Choppy on top, brilliant under",2020,9 AM,June 6 2020 9 AM,2020-06-06 09:00:00,2020-06-06 09:00:00+08:00,2020-06-06 01:00:00+00:00,2020-06-06,01:00:00
June 6,"2020, 9 a.m.",6-Jun-20   9 a.m.,Rottnest North (RNN),20,Windy,-,2020,9 AM,June 6 2020 9 AM,2020-06-06 09:00:00,2020-06-06 09:00:00+08:00,2020-06-06 01:00:00+00:00,2020-06-06,01:00:00
June 5,"2020, noon",5-Jun-20   12 p.m.,Rockingham Dive Trail (RKM),15,Glassy,Best ive ever seen there,2020,12 PM,June 5 2020 12 PM,2020-06-05 12:00:00,2020-06-05 12:00:00+08:00,2020-06-05 04:00:00+00:00,2020-06-05,04:00:00
June 3,"2020, 7 p.m.",3-Jun-20   7 p.m.,Woodman Point (WOO),7,Glassy,"Temp: 17 deg, light surge",2020,7 PM,June 3 2020 7 PM,2020-06-03 19:00:00,2020-06-03 19:00:00+08:00,2020-06-03 11:00:00+00:00,2020-06-03,11:00:00
June 3,"2020, 1 p.m.",3-Jun-20   1 p.m.,Blackwall Reach (BWR),4,Glassy,16 degrees,2020,1 PM,June 3 2020 1 PM,2020-06-03 13:00:00,2020-06-03 13:00:00+08:00,2020-06-03 05:00:00+00:00,2020-06-03,05:00:00
June 2,"2020, 7 p.m.",2-Jun-20   7 p.m.,Bicton Baths (BIC),3,Glassy,"16 deg, JERRAT DRIVE",2020,7 PM,June 2 2020 7 PM,2020-06-02 19:00:00,2020-06-02 19:00:00+08:00,2020-06-02 11:00:00+00:00,2020-06-02,11:00:00
June 2,"2020, 3 p.m.",2-Jun-20   3 p.m.,The Coombe & Mosman Bay (CMB),4,Glassy,"16 degrees, not much current",2020,3 PM,June 2 2020 3 PM,2020-06-02 15:00:00,2020-06-02 15:00:00+08:00,2020-06-02 07:00:00+00:00,2020-06-02,07:00:00
June 1,"2020, 7 p.m.",1-Jun-20   7 p.m.,North Mole Fremantle (NMF),2,Fair,-,2020,7 PM,June 1 2020 7 PM,2020-06-01 19:00:00,2020-06-01 19:00:00+08:00,2020-06-01 11:00:00+00:00,2020-06-01,11:00:00
June 1,"2020, 4 p.m.",1-Jun-20   4 p.m.,Kwinana Grain Terminal (KGT),15,Glassy,clearest near shore,2020,4 PM,June 1 2020 4 PM,2020-06-01 16:00:00,2020-06-01 16:00:00+08:00,2020-06-01 08:00:00+00:00,2020-06-01,08:00:00
June 1,"2020, 1 p.m.",1-Jun-20   1 p.m.,Point Peron (PPR),7,Fair,A lot of surge,2020,1 PM,June 1 2020 1 PM,2020-06-01 13:00:00,2020-06-01 13:00:00+08:00,2020-06-01 05:00:00+00:00,2020-06-01,05:00:00
June 1,"2020, 11 a.m.",1-Jun-20   11 a.m.,Bulk Jetty (BUL),8,Fair,17deg,2020,11 AM,June 1 2020 11 AM,2020-06-01 11:00:00,2020-06-01 11:00:00+08:00,2020-06-01 03:00:00+00:00,2020-06-01,03:00:00
June 1,"2020, 9 a.m.",1-Jun-20   9 a.m.,Rockingham Dive Trail (RKM),9,Glassy,-,2020,9 AM,June 1 2020 9 AM,2020-06-01 09:00:00,2020-06-01 09:00:00+08:00,2020-06-01 01:00:00+00:00,2020-06-01,01:00:00
June 1,"2020, 9 a.m.",1-Jun-20   9 a.m.,Three Mile Reef (3MR),5,Fair,"17.5oC Vert viz12m, Horz5-10m",2020,9 AM,June 1 2020 9 AM,2020-06-01 09:00:00,2020-06-01 09:00:00+08:00,2020-06-01 01:00:00+00:00,2020-06-01,01:00:00
June 1,"2020, 9 a.m.",1-Jun-20   9 a.m.,Rockingham Dive Trail (RKM),7,Glassy,Plam Beach jetty,2020,9 AM,June 1 2020 9 AM,2020-06-01 09:00:00,2020-06-01 09:00:00+08:00,2020-06-01 01:00:00+00:00,2020-06-01,01:00:00
May 30,"2020, 6 p.m.",30-May-20   6 p.m.,The Coombe & Mosman Bay (CMB),4,Glassy,-,2020,6 PM,May 30 2020 6 PM,2020-05-30 18:00:00,2020-05-30 18:00:00+08:00,2020-05-30 10:00:00+00:00,2020-05-30,10:00:00
May 30,"2020, 10 a.m.",30-May-20   10 a.m.,The Coombe & Mosman Bay (CMB),2,Glassy,"Temp: 16 deg, no current",2020,10 AM,May 30 2020 10 AM,2020-05-30 10:00:00,2020-05-30 10:00:00+08:00,2020-05-30 02:00:00+00:00,2020-05-30,02:00:00
May 27,"2020, 7 p.m.",27-May-20   7 p.m.,Blackwall Reach (BWR),3,Fair,"Ok for prawns, lots of crabs",2020,7 PM,May 27 2020 7 PM,2020-05-27 19:00:00,2020-05-27 19:00:00+08:00,2020-05-27 11:00:00+00:00,2020-05-27,11:00:00
May 23,"2020, 7 p.m.",23-May-20   7 p.m.,Bulk Jetty (BUL),5,Glassy,"17oC , <2m at +10m",2020,7 PM,May 23 2020 7 PM,2020-05-23 19:00:00,2020-05-23 19:00:00+08:00,2020-05-23 11:00:00+00:00,2020-05-23,11:00:00
May 23,"2020, 10 a.m.",23-May-20   10 a.m.,Point Peron (PPR),8,Fair,Light surge with some chop,2020,10 AM,May 23 2020 10 AM,2020-05-23 10:00:00,2020-05-23 10:00:00+08:00,2020-05-23 02:00:00+00:00,2020-05-23,02:00:00
May 22,"2020, 1 p.m.",22-May-20   1 p.m.,South Fremantle (FRE),10,Fair,-,2020,1 PM,May 22 2020 1 PM,2020-05-22 13:00:00,2020-05-22 13:00:00+08:00,2020-05-22 05:00:00+00:00,2020-05-22,05:00:00
May 21,"2020, 7 p.m.",21-May-20   7 p.m.,Kwinana Grain Terminal (KGT),10,Fair,bit of a current,2020,7 PM,May 21 2020 7 PM,2020-05-21 19:00:00,2020-05-21 19:00:00+08:00,2020-05-21 11:00:00+00:00,2020-05-21,11:00:00
May 21,"2020, noon",21-May-20   12 p.m.,South Fremantle (FRE),3,Fair,-,2020,12 PM,May 21 2020 12 PM,2020-05-21 12:00:00,2020-05-21 12:00:00+08:00,2020-05-21 04:00:00+00:00,2020-05-21,04:00:00
May 21,"2020, 11 a.m.",21-May-20   11 a.m.,North Mole Fremantle (NMF),4,Fair,-,2020,11 AM,May 21 2020 11 AM,2020-05-21 11:00:00,2020-05-21 11:00:00+08:00,2020-05-21 03:00:00+00:00,2020-05-21,03:00:00
May 17,"2020, 8 a.m.",17-May-20   8 a.m.,Bulk Jetty (BUL),6,Fair,-,2020,8 AM,May 17 2020 8 AM,2020-05-17 08:00:00,2020-05-17 08:00:00+08:00,2020-05-17 00:00:00+00:00,2020-05-17,00:00:00
May 16,"2020, 4 p.m.",16-May-20   4 p.m.,Bicton Baths (BIC),2,Fair,17.6oC,2020,4 PM,May 16 2020 4 PM,2020-05-16 16:00:00,2020-05-16 16:00:00+08:00,2020-05-16 08:00:00+00:00,2020-05-16,08:00:00
May 16,"2020, 2 p.m.",16-May-20   2 p.m.,Coogee Maritime Trail (CMT),6,Fair,Some swell stirring things up,2020,2 PM,May 16 2020 2 PM,2020-05-16 14:00:00,2020-05-16 14:00:00+08:00,2020-05-16 06:00:00+00:00,2020-05-16,06:00:00
May 16,"2020, noon",16-May-20   12 p.m.,Blackwall Reach (BWR),5,Glassy,-,2020,12 PM,May 16 2020 12 PM,2020-05-16 12:00:00,2020-05-16 12:00:00+08:00,2020-05-16 04:00:00+00:00,2020-05-16,04:00:00
May 16,"2020, 10 a.m.",16-May-20   10 a.m.,Kwinana Grain Terminal (KGT),20,Glassy,"Octopus, seahorses, cuttlefish",2020,10 AM,May 16 2020 10 AM,2020-05-16 10:00:00,2020-05-16 10:00:00+08:00,2020-05-16 02:00:00+00:00,2020-05-16,02:00:00
May 16,"2020, 10 a.m.",16-May-20   10 a.m.,Rockingham Dive Trail (RKM),13,Fair,"Great visibility, Palm Beach",2020,10 AM,May 16 2020 10 AM,2020-05-16 10:00:00,2020-05-16 10:00:00+08:00,2020-05-16 02:00:00+00:00,2020-05-16,02:00:00
May 15,"2020, 1 p.m.",15-May-20   1 p.m.,Staggie Reef (STA),5,Glassy,Alkimos Wreck,2020,1 PM,May 15 2020 1 PM,2020-05-15 13:00:00,2020-05-15 13:00:00+08:00,2020-05-15 05:00:00+00:00,2020-05-15,05:00:00
May 15,"2020, noon",15-May-20   12 p.m.,Mettam’s Pool (MET),20,Fair,bloody optimal!,2020,12 PM,May 15 2020 12 PM,2020-05-15 12:00:00,2020-05-15 12:00:00+08:00,2020-05-15 04:00:00+00:00,2020-05-15,04:00:00
May 15,"2020, 11 a.m.",15-May-20   11 a.m.,Ammo Jetty (AMJ),10,Glassy,-,2020,11 AM,May 15 2020 11 AM,2020-05-15 11:00:00,2020-05-15 11:00:00+08:00,2020-05-15 03:00:00+00:00,2020-05-15,03:00:00
May 15,"2020, 10 a.m.",15-May-20   10 a.m.,Coogee Maritime Trail (CMT),12,Fair,Viz measured with reel,2020,10 AM,May 15 2020 10 AM,2020-05-15 10:00:00,2020-05-15 10:00:00+08:00,2020-05-15 02:00:00+00:00,2020-05-15,02:00:00
May 14,"2020, 7 p.m.",14-May-20   7 p.m.,Kwinana Grain Terminal (KGT),6,Glassy,great conditions !,2020,7 PM,May 14 2020 7 PM,2020-05-14 19:00:00,2020-05-14 19:00:00+08:00,2020-05-14 11:00:00+00:00,2020-05-14,11:00:00
May 14,"2020, 2 p.m.",14-May-20   2 p.m.,Coogee Maritime Trail (CMT),8,Fair,2 nudibranchs sighted!,2020,2 PM,May 14 2020 2 PM,2020-05-14 14:00:00,2020-05-14 14:00:00+08:00,2020-05-14 06:00:00+00:00,2020-05-14,06:00:00
May 14,"2020, 11 a.m.",14-May-20   11 a.m.,Carnac Island (CRN),14,Fair,Stragglers Rock measurd w reel,2020,11 AM,May 14 2020 11 AM,2020-05-14 11:00:00,2020-05-14 11:00:00+08:00,2020-05-14 03:00:00+00:00,2020-05-14,03:00:00
May 14,"2020, 10 a.m.",14-May-20   10 a.m.,Hillarys (HIL),4,Fair,South (Boy in a Boat),2020,10 AM,May 14 2020 10 AM,2020-05-14 10:00:00,2020-05-14 10:00:00+08:00,2020-05-14 02:00:00+00:00,2020-05-14,02:00:00
May 13,"2020, 7 p.m.",13-May-20   7 p.m.,Kwinana Grain Terminal (KGT),6,Glassy,"18 deg, no current",2020,7 PM,May 13 2020 7 PM,2020-05-13 19:00:00,2020-05-13 19:00:00+08:00,2020-05-13 11:00:00+00:00,2020-05-13,11:00:00
May 13,"2020, 7 p.m.",13-May-20   7 p.m.,Woodman Point (WOO),8,Glassy,Flat smooth. 19oC,2020,7 PM,May 13 2020 7 PM,2020-05-13 19:00:00,2020-05-13 19:00:00+08:00,2020-05-13 11:00:00+00:00,2020-05-13,11:00:00
May 13,"2020, 7 p.m.",13-May-20   7 p.m.,North Mole Fremantle (NMF),4,Fair,-,2020,7 PM,May 13 2020 7 PM,2020-05-13 19:00:00,2020-05-13 19:00:00+08:00,2020-05-13 11:00:00+00:00,2020-05-13,11:00:00
May 13,"2020, 7 p.m.",13-May-20   7 p.m.,Bulk Jetty (BUL),7,Fair,Gentle southerly wind,2020,7 PM,May 13 2020 7 PM,2020-05-13 19:00:00,2020-05-13 19:00:00+08:00,2020-05-13 11:00:00+00:00,2020-05-13,11:00:00
May 11,"2020, 10 a.m.",11-May-20   10 a.m.,Ammo Jetty (AMJ),3,Fair,3m Viz. Checked with reel,2020,10 AM,May 11 2020 10 AM,2020-05-11 10:00:00,2020-05-11 10:00:00+08:00,2020-05-11 02:00:00+00:00,2020-05-11,02:00:00
May 10,"2020, 6 p.m.",10-May-20   6 p.m.,Kwinana Grain Terminal (KGT),4,Fair,Milky,2020,6 PM,May 10 2020 6 PM,2020-05-10 18:00:00,2020-05-10 18:00:00+08:00,2020-05-10 10:00:00+00:00,2020-05-10,10:00:00
May 10,"2020, 3 p.m.",10-May-20   3 p.m.,The Coombe & Mosman Bay (CMB),3,Fair,Strong current,2020,3 PM,May 10 2020 3 PM,2020-05-10 15:00:00,2020-05-10 15:00:00+08:00,2020-05-10 07:00:00+00:00,2020-05-10,07:00:00
May 10,"2020, 10 a.m.",10-May-20   10 a.m.,North Mole Fremantle (NMF),4,Fair,18 degrees. Silty,2020,10 AM,May 10 2020 10 AM,2020-05-10 10:00:00,2020-05-10 10:00:00+08:00,2020-05-10 02:00:00+00:00,2020-05-10,02:00:00
May 9,"2020, 6 p.m.",9-May-20   6 p.m.,Bicton Baths (BIC),2,Glassy,"18 deg, JERRAT DRIVE",2020,6 PM,May 9 2020 6 PM,2020-05-09 18:00:00,2020-05-09 18:00:00+08:00,2020-05-09 10:00:00+00:00,2020-05-09,10:00:00
May 9,"2020, 5 p.m.",9-May-20   5 p.m.,Kwinana Grain Terminal (KGT),5,Fair,3 days after Strom weather,2020,5 PM,May 9 2020 5 PM,2020-05-09 17:00:00,2020-05-09 17:00:00+08:00,2020-05-09 09:00:00+00:00,2020-05-09,09:00:00
May 9,"2020, 4 p.m.",9-May-20   4 p.m.,Woodman Point (WOO),2,Fair,"18oC, viz better at end, 3m!",2020,4 PM,May 9 2020 4 PM,2020-05-09 16:00:00,2020-05-09 16:00:00+08:00,2020-05-09 08:00:00+00:00,2020-05-09,08:00:00
May 9,"2020, 2 p.m.",9-May-20   2 p.m.,Camilla Wreck (CAM),4,Fair,18oC both parts well exposed,2020,2 PM,May 9 2020 2 PM,2020-05-09 14:00:00,2020-05-09 14:00:00+08:00,2020-05-09 06:00:00+00:00,2020-05-09,06:00:00
May 7,"2020, 7 p.m.",7-May-20   7 p.m.,The Coombe & Mosman Bay (CMB),2,Glassy,18oC Chidley Pt Resv,2020,7 PM,May 7 2020 7 PM,2020-05-07 19:00:00,2020-05-07 19:00:00+08:00,2020-05-07 11:00:00+00:00,2020-05-07,11:00:00
May 3,"2020, 10 a.m.",3-May-20   10 a.m.,South Fremantle (FRE),2,Fair,Murky. Bit of surge.,2020,10 AM,May 3 2020 10 AM,2020-05-03 10:00:00,2020-05-03 10:00:00+08:00,2020-05-03 02:00:00+00:00,2020-05-03,02:00:00
May 3,"2020, 9 a.m.",3-May-20   9 a.m.,The Coombe & Mosman Bay (CMB),1,Glassy,1m from shal wreck onwards,2020,9 AM,May 3 2020 9 AM,2020-05-03 09:00:00,2020-05-03 09:00:00+08:00,2020-05-03 01:00:00+00:00,2020-05-03,01:00:00
May 2,"2020, 1 p.m.",2-May-20   1 p.m.,Rockingham Dive Trail (RKM),4,Fair,-,2020,1 PM,May 2 2020 1 PM,2020-05-02 13:00:00,2020-05-02 13:00:00+08:00,2020-05-02 05:00:00+00:00,2020-05-02,05:00:00
May 2,"2020, noon",2-May-20   12 p.m.,South Fremantle (FRE),10,Fair,FishRocks viz measured w reel,2020,12 PM,May 2 2020 12 PM,2020-05-02 12:00:00,2020-05-02 12:00:00+08:00,2020-05-02 04:00:00+00:00,2020-05-02,04:00:00
May 2,"2020, 11 a.m.",2-May-20   11 a.m.,Woodman Point (WOO),6,Fair,"19 degrees, slight surge",2020,11 AM,May 2 2020 11 AM,2020-05-02 11:00:00,2020-05-02 11:00:00+08:00,2020-05-02 03:00:00+00:00,2020-05-02,03:00:00
May 2,"2020, 10 a.m.",2-May-20   10 a.m.,Point Peron (PPR),5,Fair,-,2020,10 AM,May 2 2020 10 AM,2020-05-02 10:00:00,2020-05-02 10:00:00+08:00,2020-05-02 02:00:00+00:00,2020-05-02,02:00:00
May 2,"2020, 9 a.m.",2-May-20   9 a.m.,Bulk Jetty (BUL),6,Fair,"viz better at the end, 19oC",2020,9 AM,May 2 2020 9 AM,2020-05-02 09:00:00,2020-05-02 09:00:00+08:00,2020-05-02 01:00:00+00:00,2020-05-02,01:00:00
May 1,"2020, 7 p.m.",1-May-20   7 p.m.,North Mole Fremantle (NMF),7,Glassy,Easterly winds,2020,7 PM,May 1 2020 7 PM,2020-05-01 19:00:00,2020-05-01 19:00:00+08:00,2020-05-01 11:00:00+00:00,2020-05-01,11:00:00
April 30,"2020, 4 p.m.",30-Apr-20   4 p.m.,North Mole Fremantle (NMF),5,Fair,Very milky @ Sand Tracks Beach,2020,4 PM,April 30 2020 4 PM,2020-04-30 16:00:00,2020-04-30 16:00:00+08:00,2020-04-30 08:00:00+00:00,2020-04-30,08:00:00
April 29,"2020, 2 p.m.",29-Apr-20   2 p.m.,Kwinana Grain Terminal (KGT),4,Fair,"Few spots clearer, up to 6m",2020,2 PM,April 29 2020 2 PM,2020-04-29 14:00:00,2020-04-29 14:00:00+08:00,2020-04-29 06:00:00+00:00,2020-04-29,06:00:00
April 27,"2020, 7 p.m.",27-Apr-20   7 p.m.,Kwinana Grain Terminal (KGT),5,Fair,20.4oC VstrongSoutherlyCurrent,2020,7 PM,April 27 2020 7 PM,2020-04-27 19:00:00,2020-04-27 19:00:00+08:00,2020-04-27 11:00:00+00:00,2020-04-27,11:00:00
April 27,"2020, 1 p.m.",27-Apr-20   1 p.m.,Kwinana Grain Terminal (KGT),6,Fair,Bit of a current,2020,1 PM,April 27 2020 1 PM,2020-04-27 13:00:00,2020-04-27 13:00:00+08:00,2020-04-27 05:00:00+00:00,2020-04-27,05:00:00
April 26,"2020, 9 a.m.",26-Apr-20   9 a.m.,Kwinana Grain Terminal (KGT),5,Glassy,"Great, above average. 21deg",2020,9 AM,April 26 2020 9 AM,2020-04-26 09:00:00,2020-04-26 09:00:00+08:00,2020-04-26 01:00:00+00:00,2020-04-26,01:00:00
April 26,"2020, 8 a.m.",26-Apr-20   8 a.m.,Bulk Jetty (BUL),7,Fair,7m average,2020,8 AM,April 26 2020 8 AM,2020-04-26 08:00:00,2020-04-26 08:00:00+08:00,2020-04-26 00:00:00+00:00,2020-04-26,00:00:00
April 25,"2020, 11 a.m.",25-Apr-20   11 a.m.,The Coombe & Mosman Bay (CMB),3,Fair,Viz decreasing to 1.5@20m,2020,11 AM,April 25 2020 11 AM,2020-04-25 11:00:00,2020-04-25 11:00:00+08:00,2020-04-25 03:00:00+00:00,2020-04-25,03:00:00
April 25,"2020, 10 a.m.",25-Apr-20   10 a.m.,Kwinana Grain Terminal (KGT),5,Fair,"Temp: 21 deg, very light surge",2020,10 AM,April 25 2020 10 AM,2020-04-25 10:00:00,2020-04-25 10:00:00+08:00,2020-04-25 02:00:00+00:00,2020-04-25,02:00:00
April 24,"2020, 9 a.m.",24-Apr-20   9 a.m.,Bulk Jetty (BUL),8,Fair,"7m strt, 9m end mrsrd w reel",2020,9 AM,April 24 2020 9 AM,2020-04-24 09:00:00,2020-04-24 09:00:00+08:00,2020-04-24 01:00:00+00:00,2020-04-24,01:00:00
April 22,"2020, 7 p.m.",22-Apr-20   7 p.m.,Freshwater Bay (FWB),4,Fair,Good for prawning,2020,7 PM,April 22 2020 7 PM,2020-04-22 19:00:00,2020-04-22 19:00:00+08:00,2020-04-22 11:00:00+00:00,2020-04-22,11:00:00
April 19,"2020, 7 p.m.",19-Apr-20   7 p.m.,The Coombe & Mosman Bay (CMB),3,Glassy,"Temp: 21 deg, light current.",2020,7 PM,April 19 2020 7 PM,2020-04-19 19:00:00,2020-04-19 19:00:00+08:00,2020-04-19 11:00:00+00:00,2020-04-19,11:00:00
April 18,"2020, 6 p.m.",18-Apr-20   6 p.m.,Ammo Jetty (AMJ),4,Fair,-,2020,6 PM,April 18 2020 6 PM,2020-04-18 18:00:00,2020-04-18 18:00:00+08:00,2020-04-18 10:00:00+00:00,2020-04-18,10:00:00
April 18,"2020, 11 a.m.",18-Apr-20   11 a.m.,Mettam’s Pool (MET),3,Fair,-,2020,11 AM,April 18 2020 11 AM,2020-04-18 11:00:00,2020-04-18 11:00:00+08:00,2020-04-18 03:00:00+00:00,2020-04-18,03:00:00
April 18,"2020, 11 a.m.",18-Apr-20   11 a.m.,Rockingham Dive Trail (RKM),5,Fair,-,2020,11 AM,April 18 2020 11 AM,2020-04-18 11:00:00,2020-04-18 11:00:00+08:00,2020-04-18 03:00:00+00:00,2020-04-18,03:00:00
April 18,"2020, 10 a.m.",18-Apr-20   10 a.m.,North Mole Fremantle (NMF),10,Fair,Minimal surge - good dive,2020,10 AM,April 18 2020 10 AM,2020-04-18 10:00:00,2020-04-18 10:00:00+08:00,2020-04-18 02:00:00+00:00,2020-04-18,02:00:00
April 18,"2020, 9 a.m.",18-Apr-20   9 a.m.,Bulk Jetty (BUL),4,Fair,Viz 1m down back. Don't bother,2020,9 AM,April 18 2020 9 AM,2020-04-18 09:00:00,2020-04-18 09:00:00+08:00,2020-04-18 01:00:00+00:00,2020-04-18,01:00:00
April 18,"2020, 9 a.m.",18-Apr-20   9 a.m.,Kwinana Grain Terminal (KGT),5,Glassy,Lovely conditions,2020,9 AM,April 18 2020 9 AM,2020-04-18 09:00:00,2020-04-18 09:00:00+08:00,2020-04-18 01:00:00+00:00,2020-04-18,01:00:00
April 18,"2020, 9 a.m.",18-Apr-20   9 a.m.,Bulk Jetty (BUL),3,Glassy,"Poor, but up to 5m at the far",2020,9 AM,April 18 2020 9 AM,2020-04-18 09:00:00,2020-04-18 09:00:00+08:00,2020-04-18 01:00:00+00:00,2020-04-18,01:00:00
April 18,"2020, 8 a.m.",18-Apr-20   8 a.m.,Ammo Jetty (AMJ),5,Fair,Lots of nudis,2020,8 AM,April 18 2020 8 AM,2020-04-18 08:00:00,2020-04-18 08:00:00+08:00,2020-04-18 00:00:00+00:00,2020-04-18,00:00:00
April 17,"2020, 4 p.m.",17-Apr-20   4 p.m.,Robbs Jetty (ROB),8,Fair,5m nr shore. Better at end,2020,4 PM,April 17 2020 4 PM,2020-04-17 16:00:00,2020-04-17 16:00:00+08:00,2020-04-17 08:00:00+00:00,2020-04-17,08:00:00
April 17,"2020, 10 a.m.",17-Apr-20   10 a.m.,Kwinana Grain Terminal (KGT),3,Fair,-,2020,10 AM,April 17 2020 10 AM,2020-04-17 10:00:00,2020-04-17 10:00:00+08:00,2020-04-17 02:00:00+00:00,2020-04-17,02:00:00
April 10,"2020, 7 a.m.",10-Apr-20   7 a.m.,Ammo Jetty (AMJ),5,Fair,Great dive,2020,7 AM,April 10 2020 7 AM,2020-04-10 07:00:00,2020-04-10 07:00:00+08:00,2020-04-09 23:00:00+00:00,2020-04-09,23:00:00
April 3,"2020, 11 a.m.",3-Apr-20   11 a.m.,Kwinana Grain Terminal (KGT),1,Glassy,"Lovely and flat, temp was nice",2020,11 AM,April 3 2020 11 AM,2020-04-03 11:00:00,2020-04-03 11:00:00+08:00,2020-04-03 03:00:00+00:00,2020-04-03,03:00:00
April 1,"2020, noon",1-Apr-20   12 p.m.,Kwinana Grain Terminal (KGT),4,Fair,"1.5m swell, pleasant dive",2020,12 PM,April 1 2020 12 PM,2020-04-01 12:00:00,2020-04-01 12:00:00+08:00,2020-04-01 04:00:00+00:00,2020-04-01,04:00:00
March 31,"2020, 8 p.m.",31-Mar-20   8 p.m.,The Coombe & Mosman Bay (CMB),2,Fair,Water Temp 21-22deg,2020,8 PM,March 31 2020 8 PM,2020-03-31 20:00:00,2020-03-31 20:00:00+08:00,2020-03-31 12:00:00+00:00,2020-03-31,12:00:00
March 23,"2020, noon",23-Mar-20   12 p.m.,Point Peron (PPR),15,Glassy,-,2020,12 PM,March 23 2020 12 PM,2020-03-23 12:00:00,2020-03-23 12:00:00+08:00,2020-03-23 04:00:00+00:00,2020-03-23,04:00:00
March 21,"2020, 10 a.m.",21-Mar-20   10 a.m.,Camilla Wreck (CAM),4,Glassy,Wreck still exposed,2020,10 AM,March 21 2020 10 AM,2020-03-21 10:00:00,2020-03-21 10:00:00+08:00,2020-03-21 02:00:00+00:00,2020-03-21,02:00:00
March 21,"2020, 9 a.m.",21-Mar-20   9 a.m.,The Coombe & Mosman Bay (CMB),1,Glassy,1-2m near shal. wreck <1m deep,2020,9 AM,March 21 2020 9 AM,2020-03-21 09:00:00,2020-03-21 09:00:00+08:00,2020-03-21 01:00:00+00:00,2020-03-21,01:00:00
March 14,"2020, 11 a.m.",14-Mar-20   11 a.m.,Freshwater Bay (FWB),2,Fair,over a very silty bottom,2020,11 AM,March 14 2020 11 AM,2020-03-14 11:00:00,2020-03-14 11:00:00+08:00,2020-03-14 03:00:00+00:00,2020-03-14,03:00:00
March 14,"2020, 11 a.m.",14-Mar-20   11 a.m.,Rottnest North (RNN),15,Fair,1m swell. Wind fell off.,2020,11 AM,March 14 2020 11 AM,2020-03-14 11:00:00,2020-03-14 11:00:00+08:00,2020-03-14 03:00:00+00:00,2020-03-14,03:00:00
March 14,"2020, 10 a.m.",14-Mar-20   10 a.m.,North Mole Fremantle (NMF),7,Glassy,Algae releasing from the weed.,2020,10 AM,March 14 2020 10 AM,2020-03-14 10:00:00,2020-03-14 10:00:00+08:00,2020-03-14 02:00:00+00:00,2020-03-14,02:00:00
March 14,"2020, 10 a.m.",14-Mar-20   10 a.m.,North Mole Fremantle (NMF),6,Glassy,-,2020,10 AM,March 14 2020 10 AM,2020-03-14 10:00:00,2020-03-14 10:00:00+08:00,2020-03-14 02:00:00+00:00,2020-03-14,02:00:00
March 14,"2020, 9 a.m.",14-Mar-20   9 a.m.,Rockingham Dive Trail (RKM),12,Windy,"Well over 12m, low Jelly count",2020,9 AM,March 14 2020 9 AM,2020-03-14 09:00:00,2020-03-14 09:00:00+08:00,2020-03-14 01:00:00+00:00,2020-03-14,01:00:00
March 11,"2020, 8 p.m.",11-Mar-20   8 p.m.,Rockingham Dive Trail (RKM),5,Fair,night dive,2020,8 PM,March 11 2020 8 PM,2020-03-11 20:00:00,2020-03-11 20:00:00+08:00,2020-03-11 12:00:00+00:00,2020-03-11,12:00:00
March 11,"2020, 7 a.m.",11-Mar-20   7 a.m.,Rockingham Dive Trail (RKM),8,Fair,Deeper better. No current,2020,7 AM,March 11 2020 7 AM,2020-03-11 07:00:00,2020-03-11 07:00:00+08:00,2020-03-10 23:00:00+00:00,2020-03-10,23:00:00
March 9,"2020, 9 a.m.",9-Mar-20   9 a.m.,Mettam’s Pool (MET),12,Fair,No swell,2020,9 AM,March 9 2020 9 AM,2020-03-09 09:00:00,2020-03-09 09:00:00+08:00,2020-03-09 01:00:00+00:00,2020-03-09,01:00:00
March 8,"2020, 11 a.m.",8-Mar-20   11 a.m.,Rottnest North (RNN),10,Windy,Mira Flores Wreck,2020,11 AM,March 8 2020 11 AM,2020-03-08 11:00:00,2020-03-08 11:00:00+08:00,2020-03-08 03:00:00+00:00,2020-03-08,03:00:00
March 8,"2020, 11 a.m.",8-Mar-20   11 a.m.,Rottnest North (RNN),20,Fair,-,2020,11 AM,March 8 2020 11 AM,2020-03-08 11:00:00,2020-03-08 11:00:00+08:00,2020-03-08 03:00:00+00:00,2020-03-08,03:00:00
March 7,"2020, 3 p.m.",7-Mar-20   3 p.m.,Rottnest East (RNE),15,Windy,Denton Holme,2020,3 PM,March 7 2020 3 PM,2020-03-07 15:00:00,2020-03-07 15:00:00+08:00,2020-03-07 07:00:00+00:00,2020-03-07,07:00:00
March 7,"2020, 11 a.m.",7-Mar-20   11 a.m.,Rottnest East (RNE),10,Windy,Raven wreck and Lady Elizabeth,2020,11 AM,March 7 2020 11 AM,2020-03-07 11:00:00,2020-03-07 11:00:00+08:00,2020-03-07 03:00:00+00:00,2020-03-07,03:00:00
March 7,"2020, 10 a.m.",7-Mar-20   10 a.m.,Rottnest South (RTS),12,Fair,crystal caves,2020,10 AM,March 7 2020 10 AM,2020-03-07 10:00:00,2020-03-07 10:00:00+08:00,2020-03-07 02:00:00+00:00,2020-03-07,02:00:00
March 7,"2020, 10 a.m.",7-Mar-20   10 a.m.,Rottnest South (RTS),15,Windy,27m Salmon Bay,2020,10 AM,March 7 2020 10 AM,2020-03-07 10:00:00,2020-03-07 10:00:00+08:00,2020-03-07 02:00:00+00:00,2020-03-07,02:00:00
March 7,"2020, 8 a.m.",7-Mar-20   8 a.m.,Kwinana Grain Terminal (KGT),3,Glassy,Floating crud & overcast,2020,8 AM,March 7 2020 8 AM,2020-03-07 08:00:00,2020-03-07 08:00:00+08:00,2020-03-07 00:00:00+00:00,2020-03-07,00:00:00
March 6,"2020, 9 a.m.",6-Mar-20   9 a.m.,Coogee Maritime Trail (CMT),3,Fair,-,2020,9 AM,March 6 2020 9 AM,2020-03-06 09:00:00,2020-03-06 09:00:00+08:00,2020-03-06 01:00:00+00:00,2020-03-06,01:00:00
March 5,"2020, 8 p.m.",5-Mar-20   8 p.m.,Ammo Jetty (AMJ),3,Fair,Nightdive,2020,8 PM,March 5 2020 8 PM,2020-03-05 20:00:00,2020-03-05 20:00:00+08:00,2020-03-05 12:00:00+00:00,2020-03-05,12:00:00
March 5,"2020, 10 a.m.",5-Mar-20   10 a.m.,Kwinana Grain Terminal (KGT),4,Fair,Flocky,2020,10 AM,March 5 2020 10 AM,2020-03-05 10:00:00,2020-03-05 10:00:00+08:00,2020-03-05 02:00:00+00:00,2020-03-05,02:00:00
March 3,"2020, 2 p.m.",3-Mar-20   2 p.m.,Point Peron (PPR),12,Fair,-,2020,2 PM,March 3 2020 2 PM,2020-03-03 14:00:00,2020-03-03 14:00:00+08:00,2020-03-03 06:00:00+00:00,2020-03-03,06:00:00
March 1,"2020, 11 a.m.",1-Mar-20   11 a.m.,Canal Rocks (CAN),12,Windy,-,2020,11 AM,March 1 2020 11 AM,2020-03-01 11:00:00,2020-03-01 11:00:00+08:00,2020-03-01 03:00:00+00:00,2020-03-01,03:00:00
March 1,"2020, 9 a.m.",1-Mar-20   9 a.m.,Ammo Jetty (AMJ),6,Fair,-,2020,9 AM,March 1 2020 9 AM,2020-03-01 09:00:00,2020-03-01 09:00:00+08:00,2020-03-01 01:00:00+00:00,2020-03-01,01:00:00
March 1,"2020, 8 a.m.",1-Mar-20   8 a.m.,Kwinana Grain Terminal (KGT),4,Fair,-,2020,8 AM,March 1 2020 8 AM,2020-03-01 08:00:00,2020-03-01 08:00:00+08:00,2020-03-01 00:00:00+00:00,2020-03-01,00:00:00
Feb. 29,"2020, 2 p.m.",29-Feb-20   2 p.m.,North Mole Fremantle (NMF),12,Windy,Stingers,2020,2 PM,Feb 29 2020 2 PM,2020-02-29 14:00:00,2020-02-29 14:00:00+08:00,2020-02-29 06:00:00+00:00,2020-02-29,06:00:00
Feb. 29,"2020, 8 a.m.",29-Feb-20   8 a.m.,Bulk Jetty (BUL),2,Fair,"murky, lots of Jellyfish",2020,8 AM,Feb 29 2020 8 AM,2020-02-29 08:00:00,2020-02-29 08:00:00+08:00,2020-02-29 00:00:00+00:00,2020-02-29,00:00:00
Feb. 29,"2020, 8 a.m.",29-Feb-20   8 a.m.,Coogee Maritime Trail (CMT),4,Fair,-,2020,8 AM,Feb 29 2020 8 AM,2020-02-29 08:00:00,2020-02-29 08:00:00+08:00,2020-02-29 00:00:00+00:00,2020-02-29,00:00:00
Feb. 27,"2020, noon",27-Feb-20   12 p.m.,Bulk Jetty (BUL),3,Windy,murky,2020,12 PM,Feb 27 2020 12 PM,2020-02-27 12:00:00,2020-02-27 12:00:00+08:00,2020-02-27 04:00:00+00:00,2020-02-27,04:00:00
Feb. 27,"2020, 9 a.m.",27-Feb-20   9 a.m.,Rockingham Dive Trail (RKM),4,Windy,jellyfish :(,2020,9 AM,Feb 27 2020 9 AM,2020-02-27 09:00:00,2020-02-27 09:00:00+08:00,2020-02-27 01:00:00+00:00,2020-02-27,01:00:00
Feb. 26,"2020, 8 p.m.",26-Feb-20   8 p.m.,Ammo Jetty (AMJ),5,Glassy,-,2020,8 PM,Feb 26 2020 8 PM,2020-02-26 20:00:00,2020-02-26 20:00:00+08:00,2020-02-26 12:00:00+00:00,2020-02-26,12:00:00
Feb. 26,"2020, 10 a.m.",26-Feb-20   10 a.m.,Woodman Point (WOO),7,Fair,Windy,2020,10 AM,Feb 26 2020 10 AM,2020-02-26 10:00:00,2020-02-26 10:00:00+08:00,2020-02-26 02:00:00+00:00,2020-02-26,02:00:00
Feb. 25,"2020, 9 p.m.",25-Feb-20   9 p.m.,Ammo Jetty (AMJ),2,Glassy,-,2020,9 PM,Feb 25 2020 9 PM,2020-02-25 21:00:00,2020-02-25 21:00:00+08:00,2020-02-25 13:00:00+00:00,2020-02-25,13:00:00
Feb. 25,"2020, 9 p.m.",25-Feb-20   9 p.m.,South Fremantle (FRE),13,Glassy,Just after a flash storm,2020,9 PM,Feb 25 2020 9 PM,2020-02-25 21:00:00,2020-02-25 21:00:00+08:00,2020-02-25 13:00:00+00:00,2020-02-25,13:00:00
Feb. 25,"2020, 8 p.m.",25-Feb-20   8 p.m.,Kwinana Grain Terminal (KGT),2,Windy,Nightdive,2020,8 PM,Feb 25 2020 8 PM,2020-02-25 20:00:00,2020-02-25 20:00:00+08:00,2020-02-25 12:00:00+00:00,2020-02-25,12:00:00
Feb. 25,"2020, 1 p.m.",25-Feb-20   1 p.m.,Kwinana Grain Terminal (KGT),5,Fair,-,2020,1 PM,Feb 25 2020 1 PM,2020-02-25 13:00:00,2020-02-25 13:00:00+08:00,2020-02-25 05:00:00+00:00,2020-02-25,05:00:00
Feb. 25,"2020, 10 a.m.",25-Feb-20   10 a.m.,Ammo Jetty (AMJ),4,Fair,-,2020,10 AM,Feb 25 2020 10 AM,2020-02-25 10:00:00,2020-02-25 10:00:00+08:00,2020-02-25 02:00:00+00:00,2020-02-25,02:00:00
Feb. 24,"2020, 9 a.m.",24-Feb-20   9 a.m.,Point Peron (PPR),8,Fair,-,2020,9 AM,Feb 24 2020 9 AM,2020-02-24 09:00:00,2020-02-24 09:00:00+08:00,2020-02-24 01:00:00+00:00,2020-02-24,01:00:00
Feb. 23,"2020, 9 a.m.",23-Feb-20   9 a.m.,North Mole Fremantle (NMF),12,Fair,A bit more milky.,2020,9 AM,Feb 23 2020 9 AM,2020-02-23 09:00:00,2020-02-23 09:00:00+08:00,2020-02-23 01:00:00+00:00,2020-02-23,01:00:00
Feb. 23,"2020, 8 a.m.",23-Feb-20   8 a.m.,Kwinana Grain Terminal (KGT),2,Fair,-,2020,8 AM,Feb 23 2020 8 AM,2020-02-23 08:00:00,2020-02-23 08:00:00+08:00,2020-02-23 00:00:00+00:00,2020-02-23,00:00:00
Feb. 22,"2020, 10 a.m.",22-Feb-20   10 a.m.,Camilla Wreck (CAM),4,Glassy,Wreck well exposed,2020,10 AM,Feb 22 2020 10 AM,2020-02-22 10:00:00,2020-02-22 10:00:00+08:00,2020-02-22 02:00:00+00:00,2020-02-22,02:00:00
Feb. 22,"2020, 10 a.m.",22-Feb-20   10 a.m.,Ammo Jetty (AMJ),3,Fair,-,2020,10 AM,Feb 22 2020 10 AM,2020-02-22 10:00:00,2020-02-22 10:00:00+08:00,2020-02-22 02:00:00+00:00,2020-02-22,02:00:00
Feb. 22,"2020, 9 a.m.",22-Feb-20   9 a.m.,North Mole Fremantle (NMF),20,Fair,Best viz I've ever seen in PER,2020,9 AM,Feb 22 2020 9 AM,2020-02-22 09:00:00,2020-02-22 09:00:00+08:00,2020-02-22 01:00:00+00:00,2020-02-22,01:00:00
Feb. 20,"2020, 5 p.m.",20-Feb-20   5 p.m.,Mettam’s Pool (MET),5,Fair,-,2020,5 PM,Feb 20 2020 5 PM,2020-02-20 17:00:00,2020-02-20 17:00:00+08:00,2020-02-20 09:00:00+00:00,2020-02-20,09:00:00
Feb. 20,"2020, 2 p.m.",20-Feb-20   2 p.m.,Bulk Jetty (BUL),2,Fair,Very low vis. Down to 1m.,2020,2 PM,Feb 20 2020 2 PM,2020-02-20 14:00:00,2020-02-20 14:00:00+08:00,2020-02-20 06:00:00+00:00,2020-02-20,06:00:00
Feb. 20,"2020, 10 a.m.",20-Feb-20   10 a.m.,Woodman Point (WOO),5,Windy,Lots of stingers,2020,10 AM,Feb 20 2020 10 AM,2020-02-20 10:00:00,2020-02-20 10:00:00+08:00,2020-02-20 02:00:00+00:00,2020-02-20,02:00:00
Feb. 19,"2020, 8 p.m.",19-Feb-20   8 p.m.,North Mole Fremantle (NMF),12,Fair,-,2020,8 PM,Feb 19 2020 8 PM,2020-02-19 20:00:00,2020-02-19 20:00:00+08:00,2020-02-19 12:00:00+00:00,2020-02-19,12:00:00
Feb. 19,"2020, 7 p.m.",19-Feb-20   7 p.m.,Ammo Jetty (AMJ),8,Fair,Night dive,2020,7 PM,Feb 19 2020 7 PM,2020-02-19 19:00:00,2020-02-19 19:00:00+08:00,2020-02-19 11:00:00+00:00,2020-02-19,11:00:00
Feb. 16,"2020, 11 a.m.",16-Feb-20   11 a.m.,Lena Wreck (LEN),15,Fair,"Great dive 23 temp, plenty of",2020,11 AM,Feb 16 2020 11 AM,2020-02-16 11:00:00,2020-02-16 11:00:00+08:00,2020-02-16 03:00:00+00:00,2020-02-16,03:00:00
Feb. 16,"2020, 9 a.m.",16-Feb-20   9 a.m.,Point Peron (PPR),5,Fair,-,2020,9 AM,Feb 16 2020 9 AM,2020-02-16 09:00:00,2020-02-16 09:00:00+08:00,2020-02-16 01:00:00+00:00,2020-02-16,01:00:00
Feb. 16,"2020, 9 a.m.",16-Feb-20   9 a.m.,Ammo Jetty (AMJ),2,Fair,-,2020,9 AM,Feb 16 2020 9 AM,2020-02-16 09:00:00,2020-02-16 09:00:00+08:00,2020-02-16 01:00:00+00:00,2020-02-16,01:00:00
Feb. 16,"2020, 8 a.m.",16-Feb-20   8 a.m.,North Mole Fremantle (NMF),8,Fair,More thanenough,2020,8 AM,Feb 16 2020 8 AM,2020-02-16 08:00:00,2020-02-16 08:00:00+08:00,2020-02-16 00:00:00+00:00,2020-02-16,00:00:00
Feb. 16,"2020, 8 a.m.",16-Feb-20   8 a.m.,Bulk Jetty (BUL),4,Fair,Milky,2020,8 AM,Feb 16 2020 8 AM,2020-02-16 08:00:00,2020-02-16 08:00:00+08:00,2020-02-16 00:00:00+00:00,2020-02-16,00:00:00
Feb. 15,"2020, 2 p.m.",15-Feb-20   2 p.m.,Warnbro Sound (WAR),4,Windy,-,2020,2 PM,Feb 15 2020 2 PM,2020-02-15 14:00:00,2020-02-15 14:00:00+08:00,2020-02-15 06:00:00+00:00,2020-02-15,06:00:00
Feb. 15,"2020, 10 a.m.",15-Feb-20   10 a.m.,North Mole Fremantle (NMF),7,Fair,-,2020,10 AM,Feb 15 2020 10 AM,2020-02-15 10:00:00,2020-02-15 10:00:00+08:00,2020-02-15 02:00:00+00:00,2020-02-15,02:00:00
Feb. 15,"2020, 9 a.m.",15-Feb-20   9 a.m.,Bulk Jetty (BUL),4,Fair,Very popular today,2020,9 AM,Feb 15 2020 9 AM,2020-02-15 09:00:00,2020-02-15 09:00:00+08:00,2020-02-15 01:00:00+00:00,2020-02-15,01:00:00
Feb. 15,"2020, 9 a.m.",15-Feb-20   9 a.m.,Point Peron (PPR),4,Fair,-,2020,9 AM,Feb 15 2020 9 AM,2020-02-15 09:00:00,2020-02-15 09:00:00+08:00,2020-02-15 01:00:00+00:00,2020-02-15,01:00:00
Feb. 14,"2020, 7 a.m.",14-Feb-20   7 a.m.,Busselton Jetty (BSJ),15,Fair,-,2020,7 AM,Feb 14 2020 7 AM,2020-02-14 07:00:00,2020-02-14 07:00:00+08:00,2020-02-13 23:00:00+00:00,2020-02-13,23:00:00
Feb. 11,"2020, noon",11-Feb-20   12 p.m.,D9 Wreck (D9W),5,Fair,-,2020,12 PM,Feb 11 2020 12 PM,2020-02-11 12:00:00,2020-02-11 12:00:00+08:00,2020-02-11 04:00:00+00:00,2020-02-11,04:00:00
Feb. 9,"2020, 10 a.m.",9-Feb-20   10 a.m.,Bicton Baths (BIC),3,Fair,-,2020,10 AM,Feb 9 2020 10 AM,2020-02-09 10:00:00,2020-02-09 10:00:00+08:00,2020-02-09 02:00:00+00:00,2020-02-09,02:00:00
Feb. 8,"2020, noon",8-Feb-20   12 p.m.,Rottnest South (RTS),15,Fair,Jackson Rock,2020,12 PM,Feb 8 2020 12 PM,2020-02-08 12:00:00,2020-02-08 12:00:00+08:00,2020-02-08 04:00:00+00:00,2020-02-08,04:00:00
Feb. 8,"2020, 9 a.m.",8-Feb-20   9 a.m.,Rottnest South (RTS),20,Fair,Crystal caves,2020,9 AM,Feb 8 2020 9 AM,2020-02-08 09:00:00,2020-02-08 09:00:00+08:00,2020-02-08 01:00:00+00:00,2020-02-08,01:00:00
Feb. 6,"2020, 10 a.m.",6-Feb-20   10 a.m.,Carnac Island (CRN),15,Glassy,-,2020,10 AM,Feb 6 2020 10 AM,2020-02-06 10:00:00,2020-02-06 10:00:00+08:00,2020-02-06 02:00:00+00:00,2020-02-06,02:00:00
Feb. 4,"2020, 2:02 p.m.",4-Feb-20   2 p.m.,Rottnest North (RNN),10,Glassy,-,2020,2:02 PM,Feb 4 2020 2:02 PM,2020-02-04 14:02:00,2020-02-04 14:02:00+08:00,2020-02-04 06:02:00+00:00,2020-02-04,06:02:00
Feb. 4,"2020, 12:04 p.m.",4-Feb-20   12 p.m.,Rottnest West (RNW),15,Fair,-,2020,12:04 PM,Feb 4 2020 12:04 PM,2020-02-04 12:04:00,2020-02-04 12:04:00+08:00,2020-02-04 04:04:00+00:00,2020-02-04,04:04:00
