site,site_name,date,dyear/time,date time,visibility,conditions,notes,Report_Year,Report_Time_Local_String,Full_Local_Timestamp_String,DateTime_Local_Naive,DateTime_WAT,DateTime_UTC,Date_UTC,Time_UTC,report_id,weather_date_utc,airTemperature_2day_roll_avg,waterTemperature_2day_roll_avg,windSpeed_2day_roll_avg,windDirection_2day_roll_avg,waveHeight_2day_roll_avg,wavePeriod_2day_roll_avg,waveDirection_2day_roll_avg,swellHeight_2day_roll_avg,swellPeriod_2day_roll_avg,swellDirection_2day_roll_avg,cloudCover_2day_roll_avg,humidity_2day_roll_avg,precipitation_2day_roll_avg,atmospheric_atmospheric_visibility_km_km_2day_roll_avg,pressure_2day_roll_avg,gust_2day_roll_avg,seaLevel_2day_roll_avg,airTemperature_3day_roll_avg,waterTemperature_3day_roll_avg,windSpeed_3day_roll_avg,windDirection_3day_roll_avg,waveHeight_3day_roll_avg,wavePeriod_3day_roll_avg,waveDirection_3day_roll_avg,swellHeight_3day_roll_avg,swellPeriod_3day_roll_avg,swellDirection_3day_roll_avg,cloudCover_3day_roll_avg,humidity_3day_roll_avg,precipitation_3day_roll_avg,atmospheric_atmospheric_visibility_km_km_3day_roll_avg,pressure_3day_roll_avg,gust_3day_roll_avg,seaLevel_3day_roll_avg,airTemperature_4day_roll_avg,waterTemperature_4day_roll_avg,windSpeed_4day_roll_avg,windDirection_4day_roll_avg,waveHeight_4day_roll_avg,wavePeriod_4day_roll_avg,waveDirection_4day_roll_avg,swellHeight_4day_roll_avg,swellPeriod_4day_roll_avg,swellDirection_4day_roll_avg,cloudCover_4day_roll_avg,humidity_4day_roll_avg,precipitation_4day_roll_avg,atmospheric_atmospheric_visibility_km_km_4day_roll_avg,pressure_4day_roll_avg,gust_4day_roll_avg,seaLevel_4day_roll_avg,precipitation_sum_last_24h,precipitation_sum_last_48h
NMF,North Mole Fremantle,May 11,"2025, 9 a.m.",11-May-25   9 a.m.,6,Fair,4-6m,2025,9 AM,May 11 2025 9 AM,2025-05-11 09:00:00,2025-05-11 09:00:00+08:00,2025-05-11 01:00:00+00:00,2025-05-11,01:00:00,0,2025-05-11,19.524166666666662,21.274166666666662,3.168333333333333,134.90583333333333,0.8245833333333333,6.673750000000001,234.31875,1.3283333333333334,9.10375,238.05375,0.0,67.57916666666667,0.0,24.1325,1019.8154166666668,6.774166666666667,0.5216666666666666,19.524166666666662,21.274166666666662,3.168333333333333,134.90583333333333,0.8245833333333333,6.673750000000001,234.31875,1.3283333333333334,9.10375,238.05375,0.0,67.57916666666667,0.0,24.1325,1019.8154166666668,6.774166666666667,0.5216666666666666,19.524166666666662,21.274166666666662,3.168333333333333,134.90583333333333,0.8245833333333333,6.673750000000001,234.31875,1.3283333333333334,9.10375,238.05375,0.0,67.57916666666667,0.0,24.1325,1019.8154166666668,6.774166666666667,0.5216666666666666,0.0,0.06
RTS,Rottnest South,April 21,"2025, 2 p.m.",21-Apr-25   2 p.m.,7,Fair,Stragglers barge,2025,2 PM,April 21 2025 2 PM,2025-04-21 14:00:00,2025-04-21 14:00:00+08:00,2025-04-21 06:00:00+00:00,2025-04-21,06:00:00,1,2025-04-21,23.26083333333333,22.99291666666667,7.21125,41.63291666666667,1.9195833333333332,8.022499999999999,223.78583333333333,1.524166666666667,12.119583333333331,230.42583333333332,24.183333333333334,60.34166666666667,0.23,24.13416666666667,1015.40375,11.182916666666666,0.4945833333333334,23.26083333333333,22.99291666666667,7.21125,41.63291666666667,1.9195833333333332,8.022499999999999,223.78583333333333,1.524166666666667,12.119583333333331,230.42583333333332,24.183333333333334,60.34166666666667,0.23,24.13416666666667,1015.40375,11.182916666666666,0.4945833333333334,23.26083333333333,22.99291666666667,7.21125,41.63291666666667,1.9195833333333332,8.022499999999999,223.78583333333333,1.524166666666667,12.119583333333331,230.42583333333332,24.183333333333334,60.34166666666667,0.23,24.13416666666667,1015.40375,11.182916666666666,0.4945833333333334,0.08,0.08
KXI,K XI Submarine wreck,April 21,"2025, noon",21-Apr-25   12 p.m.,10,Fair,-,2025,12 PM,April 21 2025 12 PM,2025-04-21 12:00:00,2025-04-21 12:00:00+08:00,2025-04-21 04:00:00+00:00,2025-04-21,04:00:00,2,2025-04-21,23.26083333333333,22.199583333333333,7.21125,41.63291666666667,2.0708333333333333,8.032083333333334,224.77166666666665,1.524166666666667,12.119583333333331,230.42583333333332,24.183333333333334,60.34166666666667,0.23,24.13416666666667,1015.40375,11.182916666666666,0.4779166666666667,23.26083333333333,22.199583333333333,7.21125,41.63291666666667,2.0708333333333333,8.032083333333334,224.77166666666665,1.524166666666667,12.119583333333331,230.42583333333332,24.183333333333334,60.34166666666667,0.23,24.13416666666667,1015.40375,11.182916666666666,0.4779166666666667,23.26083333333333,22.199583333333333,7.21125,41.63291666666667,2.0708333333333333,8.032083333333334,224.77166666666665,1.524166666666667,12.119583333333331,230.42583333333332,24.183333333333334,60.34166666666667,0.23,24.13416666666667,1015.40375,11.182916666666666,0.4779166666666667,0.07,0.07
AMJ,Ammo Jetty,April 21,"2025, 9 a.m.",21-Apr-25   9 a.m.,1,Fair,"Terrible vis, turn around 🤣",2025,9 AM,April 21 2025 9 AM,2025-04-21 09:00:00,2025-04-21 09:00:00+08:00,2025-04-21 01:00:00+00:00,2025-04-21,01:00:00,3,2025-04-21,23.62333333333333,21.77333333333333,4.972916666666666,48.19125,0.8558333333333333,6.478333333333333,227.1975,1.524166666666667,12.119583333333331,230.42583333333332,20.870833333333334,38.50833333333333,0.26,23.59125,1016.0879166666668,11.0625,0.5029166666666667,23.62333333333333,21.77333333333333,4.972916666666666,48.19125,0.8558333333333333,6.478333333333333,227.1975,1.524166666666667,12.119583333333331,230.42583333333332,20.870833333333334,38.50833333333333,0.26,23.59125,1016.0879166666668,11.0625,0.5029166666666667,23.62333333333333,21.77333333333333,4.972916666666666,48.19125,0.8558333333333333,6.478333333333333,227.1975,1.524166666666667,12.119583333333331,230.42583333333332,20.870833333333334,38.50833333333333,0.26,23.59125,1016.0879166666668,11.0625,0.5029166666666667,0.01,0.01
KXI,K XI Submarine wreck,April 18,"2025, 10 a.m.",18-Apr-25   10 a.m.,10,Fair,-,2025,10 AM,April 18 2025 10 AM,2025-04-18 10:00:00,2025-04-18 10:00:00+08:00,2025-04-18 02:00:00+00:00,2025-04-18,02:00:00,4,2025-04-18,17.48,22.49708333333333,8.889166666666666,148.7475,2.433333333333333,6.409583333333334,213.2458333333333,1.9066666666666665,9.0475,221.1891666666667,24.1625,61.74583333333334,0.08,24.136666666666667,1017.75625,9.12625,0.3779166666666667,17.48,22.49708333333333,8.889166666666666,148.7475,2.433333333333333,6.409583333333334,213.2458333333333,1.9066666666666665,9.0475,221.1891666666667,24.1625,61.74583333333334,0.08,24.136666666666667,1017.75625,9.12625,0.3779166666666667,17.48,22.49708333333333,8.889166666666666,148.7475,2.433333333333333,6.409583333333334,213.2458333333333,1.9066666666666665,9.0475,221.1891666666667,24.1625,61.74583333333334,0.08,24.136666666666667,1017.75625,9.12625,0.3779166666666667,0.13,0.13
PRT,Port Beach,April 18,"2025, 10 a.m.",18-Apr-25   10 a.m.,2,Windy,Very milky,2025,10 AM,April 18 2025 10 AM,2025-04-18 10:00:00,2025-04-18 10:00:00+08:00,2025-04-18 02:00:00+00:00,2025-04-18,02:00:00,5,2025-04-18,17.48,22.264166666666668,8.889166666666666,148.7475,0.9295833333333332,5.6225,219.49666666666667,1.9066666666666665,9.0475,221.1891666666667,24.1625,61.74583333333334,0.08,24.136666666666667,1017.75625,9.12625,0.3533333333333333,17.48,22.264166666666668,8.889166666666666,148.7475,0.9295833333333332,5.6225,219.49666666666667,1.9066666666666665,9.0475,221.1891666666667,24.1625,61.74583333333334,0.08,24.136666666666667,1017.75625,9.12625,0.3533333333333333,17.48,22.264166666666668,8.889166666666666,148.7475,0.9295833333333332,5.6225,219.49666666666667,1.9066666666666665,9.0475,221.1891666666667,24.1625,61.74583333333334,0.08,24.136666666666667,1017.75625,9.12625,0.3533333333333333,0.13,0.13
AMJ,Ammo Jetty,April 6,"2025, 8 a.m.",6-Apr-25   8 a.m.,6,Fair,Milky but good vis,2025,8 AM,April 6 2025 8 AM,2025-04-06 08:00:00,2025-04-06 08:00:00+08:00,2025-04-06 00:00:00+00:00,2025-04-06,00:00:00,6,2025-04-06,23.80875,23.370833333333334,2.1575,154.62041666666667,0.5416666666666666,5.744583333333334,223.1745833333333,1.11875,8.83625,219.4875,12.395833333333334,54.1375,0.12,24.133333333333336,1013.9095833333334,2.960833333333333,0.5104166666666666,23.80875,23.370833333333334,2.1575,154.62041666666667,0.5416666666666666,5.744583333333334,223.1745833333333,1.11875,8.83625,219.4875,12.395833333333334,54.1375,0.12,24.133333333333336,1013.9095833333334,2.960833333333333,0.5104166666666666,23.80875,23.370833333333334,2.1575,154.62041666666667,0.5416666666666666,5.744583333333334,223.1745833333333,1.11875,8.83625,219.4875,12.395833333333334,54.1375,0.12,24.133333333333336,1013.9095833333334,2.960833333333333,0.5104166666666666,0.25,3.51
SCR,South Cottesloe Reef,April 5,"2025, 4 p.m.",5-Apr-25   4 p.m.,3,Fair,Better further out,2025,4 PM,April 5 2025 4 PM,2025-04-05 16:00:00,2025-04-05 16:00:00+08:00,2025-04-05 08:00:00+00:00,2025-04-05,08:00:00,7,2025-04-05,22.64833333333333,23.3075,7.624166666666666,85.80916666666667,0.6083333333333333,4.300416666666666,208.82541666666668,1.080833333333333,9.944166666666666,217.7783333333333,17.695833333333336,58.84583333333333,0.1,24.13875,1012.3591666666666,9.829583333333334,0.5008333333333334,22.64833333333333,23.3075,7.624166666666666,85.80916666666667,0.6083333333333333,4.300416666666666,208.82541666666668,1.080833333333333,9.944166666666666,217.7783333333333,17.695833333333336,58.84583333333333,0.1,24.13875,1012.3591666666666,9.829583333333334,0.5008333333333334,22.64833333333333,23.3075,7.624166666666666,85.80916666666667,0.6083333333333333,4.300416666666666,208.82541666666668,1.080833333333333,9.944166666666666,217.7783333333333,17.695833333333336,58.84583333333333,0.1,24.13875,1012.3591666666666,9.829583333333334,0.5008333333333334,1.75,3.86
SCR,South Cottesloe Reef,April 5,"2025, 4 p.m.",5-Apr-25   4 p.m.,4,Fair,Could see Patrick swimming around,2025,4 PM,April 5 2025 4 PM,2025-04-05 16:00:00,2025-04-05 16:00:00+08:00,2025-04-05 08:00:00+00:00,2025-04-05,08:00:00,8,2025-04-05,22.64833333333333,23.3075,7.624166666666666,85.80916666666667,0.6083333333333333,4.300416666666666,208.82541666666668,1.080833333333333,9.944166666666666,217.7783333333333,17.695833333333336,58.84583333333333,0.1,24.13875,1012.3591666666666,9.829583333333334,0.5008333333333334,22.64833333333333,23.3075,7.624166666666666,85.80916666666667,0.6083333333333333,4.300416666666666,208.82541666666668,1.080833333333333,9.944166666666666,217.7783333333333,17.695833333333336,58.84583333333333,0.1,24.13875,1012.3591666666666,9.829583333333334,0.5008333333333334,22.64833333333333,23.3075,7.624166666666666,85.80916666666667,0.6083333333333333,4.300416666666666,208.82541666666668,1.080833333333333,9.944166666666666,217.7783333333333,17.695833333333336,58.84583333333333,0.1,24.13875,1012.3591666666666,9.829583333333334,0.5008333333333334,1.75,3.86
AMJ,Ammo Jetty,March 31,"2025, 10 a.m.",31-Mar-25   10 a.m.,2,Glassy,"Pretty good for this site! Lots to see, worth the trip",2025,10 AM,March 31 2025 10 AM,2025-03-31 10:00:00,2025-03-31 10:00:00+08:00,2025-03-31 02:00:00+00:00,2025-03-31,02:00:00,9,2025-03-31,26.745,24.35166666666667,3.887916666666667,76.12125,0.4933333333333333,5.167916666666667,223.96666666666667,0.8395833333333332,9.645416666666668,229.0041666666667,3.2583333333333333,38.325,0.0,24.13791666666667,1011.085,7.80875,0.4599999999999999,26.745,24.35166666666667,3.887916666666667,76.12125,0.4933333333333333,5.167916666666667,223.96666666666667,0.8395833333333332,9.645416666666668,229.0041666666667,3.2583333333333333,38.325,0.0,24.13791666666667,1011.085,7.80875,0.4599999999999999,26.745,24.35166666666667,3.887916666666667,76.12125,0.4933333333333333,5.167916666666667,223.96666666666667,0.8395833333333332,9.645416666666668,229.0041666666667,3.2583333333333333,38.325,0.0,24.13791666666667,1011.085,7.80875,0.4599999999999999,1.14,8.33
SCR,South Cottesloe Reef,March 29,"2025, 11 a.m.",29-Mar-25   11 a.m.,3,Fair,"Fair conditions, visibility not great.",2025,11 AM,March 29 2025 11 AM,2025-03-29 11:00:00,2025-03-29 11:00:00+08:00,2025-03-29 03:00:00+00:00,2025-03-29,03:00:00,10,2025-03-29,24.695416666666663,24.5275,7.300833333333333,128.44333333333333,0.6175,4.6825,219.21041666666667,1.1595833333333332,9.239583333333334,227.9525,32.05416666666667,65.0625,1.28,23.511666666666667,1010.2425,10.044583333333334,0.4779166666666667,24.695416666666663,24.5275,7.300833333333333,128.44333333333333,0.6175,4.6825,219.21041666666667,1.1595833333333332,9.239583333333334,227.9525,32.05416666666667,65.0625,1.28,23.511666666666667,1010.2425,10.044583333333334,0.4779166666666667,24.695416666666663,24.5275,7.300833333333333,128.44333333333333,0.6175,4.6825,219.21041666666667,1.1595833333333332,9.239583333333334,227.9525,32.05416666666667,65.0625,1.28,23.511666666666667,1010.2425,10.044583333333334,0.4779166666666667,0.0,0.0
SCR,South Cottesloe Reef,March 28,"2025, 8 a.m.",28-Mar-25   8 a.m.,10,Fair,Excellent conditions on the outside reef,2025,8 AM,March 28 2025 8 AM,2025-03-28 08:00:00,2025-03-28 08:00:00+08:00,2025-03-28 00:00:00+00:00,2025-03-28,00:00:00,11,2025-03-28,24.571250000000003,24.355416666666667,4.487916666666667,168.91458333333333,0.6745833333333334,4.6241666666666665,226.695,1.23875,8.862083333333333,226.8516666666667,0.0,66.29583333333333,0.0,24.13458333333333,1010.2420833333334,5.4575,0.52375,24.571250000000003,24.355416666666667,4.487916666666667,168.91458333333333,0.6745833333333334,4.6241666666666665,226.695,1.23875,8.862083333333333,226.8516666666667,0.0,66.29583333333333,0.0,24.13458333333333,1010.2420833333334,5.4575,0.52375,24.571250000000003,24.355416666666667,4.487916666666667,168.91458333333333,0.6745833333333334,4.6241666666666665,226.695,1.23875,8.862083333333333,226.8516666666667,0.0,66.29583333333333,0.0,24.13458333333333,1010.2420833333334,5.4575,0.52375,0.0,0.0
WOO,Woodman Point,March 27,"2025, 9 a.m.",27-Mar-25   9 a.m.,2,Fair,North side. Really good until about half way along wall then really silty,2025,9 AM,March 27 2025 9 AM,2025-03-27 09:00:00,2025-03-27 09:00:00+08:00,2025-03-27 01:00:00+00:00,2025-03-27,01:00:00,12,2025-03-27,25.898333333333337,24.16541666666667,4.15875,136.91666666666666,0.3825,5.264166666666667,226.935,0.9808333333333332,9.661666666666669,229.94583333333333,45.833333333333336,56.62916666666666,0.0,24.131666666666664,1011.975,4.857916666666667,0.5016666666666667,25.898333333333337,24.16541666666667,4.15875,136.91666666666666,0.3825,5.264166666666667,226.935,0.9808333333333332,9.661666666666669,229.94583333333333,45.833333333333336,56.62916666666666,0.0,24.131666666666664,1011.975,4.857916666666667,0.5016666666666667,25.898333333333337,24.16541666666667,4.15875,136.91666666666666,0.3825,5.264166666666667,226.935,0.9808333333333332,9.661666666666669,229.94583333333333,45.833333333333336,56.62916666666666,0.0,24.131666666666664,1011.975,4.857916666666667,0.5016666666666667,0.0,0.0
HIL,Hillarys,March 26,"2025, 11 a.m.",26-Mar-25   11 a.m.,2,Fair,Along Hillarys wall north side Whitfords Beach. Very average vis.,2025,11 AM,March 26 2025 11 AM,2025-03-26 11:00:00,2025-03-26 11:00:00+08:00,2025-03-26 03:00:00+00:00,2025-03-26,03:00:00,13,2025-03-26,26.205,24.19375,5.56,126.23833333333332,1.21125,7.409166666666667,227.9225,1.3845833333333333,10.196666666666667,231.04916666666668,9.391666666666666,55.8625,0.0,24.133750000000003,1013.3716666666666,7.39125,0.4454166666666666,26.205,24.19375,5.56,126.23833333333332,1.21125,7.409166666666667,227.9225,1.3845833333333333,10.196666666666667,231.04916666666668,9.391666666666666,55.8625,0.0,24.133750000000003,1013.3716666666666,7.39125,0.4454166666666666,26.205,24.19375,5.56,126.23833333333332,1.21125,7.409166666666667,227.9225,1.3845833333333333,10.196666666666667,231.04916666666668,9.391666666666666,55.8625,0.0,24.133750000000003,1013.3716666666666,7.39125,0.4454166666666666,0.0,0.0
RKM,Rockingham Dive Trail,March 18,"2025, noon",18-Mar-25   12 p.m.,3,Fair,Bit murky but still enjoyable,2025,12 PM,March 18 2025 12 PM,2025-03-18 12:00:00,2025-03-18 12:00:00+08:00,2025-03-18 04:00:00+00:00,2025-03-18,04:00:00,14,2025-03-18,21.574166666666667,23.45875,7.649583333333333,191.66583333333332,0.4666666666666667,4.7325,218.19791666666663,0.8183333333333334,10.749583333333334,227.22958333333332,77.60000000000001,68.94166666666666,0.0,24.135,1010.6641666666666,8.107916666666666,0.3854166666666667,21.574166666666667,23.45875,7.649583333333333,191.66583333333332,0.4666666666666667,4.7325,218.19791666666663,0.8183333333333334,10.749583333333334,227.22958333333332,77.60000000000001,68.94166666666666,0.0,24.135,1010.6641666666666,8.107916666666666,0.3854166666666667,21.574166666666667,23.45875,7.649583333333333,191.66583333333332,0.4666666666666667,4.7325,218.19791666666663,0.8183333333333334,10.749583333333334,227.22958333333332,77.60000000000001,68.94166666666666,0.0,24.135,1010.6641666666666,8.107916666666666,0.3854166666666667,0.0,0.0
PPR,Point Peron,March 17,"2025, 2 p.m.",17-Mar-25   2 p.m.,8,Fair,-,2025,2 PM,March 17 2025 2 PM,2025-03-17 14:00:00,2025-03-17 14:00:00+08:00,2025-03-17 06:00:00+00:00,2025-03-17,06:00:00,15,2025-03-17,21.924166666666665,23.425416666666667,5.884583333333333,145.49458333333334,0.4970833333333333,5.012083333333334,215.89541666666665,0.9883333333333332,10.8525,223.63291666666663,0.0,59.025,0.0,24.13416666666667,1017.0470833333334,6.390833333333333,0.3433333333333333,21.924166666666665,23.425416666666667,5.884583333333333,145.49458333333334,0.4970833333333333,5.012083333333334,215.89541666666665,0.9883333333333332,10.8525,223.63291666666663,0.0,59.025,0.0,24.13416666666667,1017.0470833333334,6.390833333333333,0.3433333333333333,21.924166666666665,23.425416666666667,5.884583333333333,145.49458333333334,0.4970833333333333,5.012083333333334,215.89541666666665,0.9883333333333332,10.8525,223.63291666666663,0.0,59.025,0.0,24.13416666666667,1017.0470833333334,6.390833333333333,0.3433333333333333,0.0,0.0
AMJ,Ammo Jetty,March 16,"2025, 5 p.m.",16-Mar-25   5 p.m.,1,Fair,-,2025,5 PM,March 16 2025 5 PM,2025-03-16 17:00:00,2025-03-16 17:00:00+08:00,2025-03-16 09:00:00+00:00,2025-03-16,09:00:00,16,2025-03-16,23.055000000000003,23.644166666666667,5.78,101.15333333333332,0.735,5.04,215.2725,1.356666666666667,10.092083333333331,218.72458333333336,0.0,44.18333333333334,0.0,24.135,1022.1825,11.7075,0.3229166666666667,23.055000000000003,23.644166666666667,5.78,101.15333333333332,0.735,5.04,215.2725,1.356666666666667,10.092083333333331,218.72458333333336,0.0,44.18333333333334,0.0,24.135,1022.1825,11.7075,0.3229166666666667,23.055000000000003,23.644166666666667,5.78,101.15333333333332,0.735,5.04,215.2725,1.356666666666667,10.092083333333331,218.72458333333336,0.0,44.18333333333334,0.0,24.135,1022.1825,11.7075,0.3229166666666667,0.0,0.45
RKM,Rockingham Dive Trail,March 16,"2025, 11 a.m.",16-Mar-25   11 a.m.,5,Windy,Vis ok until the bottom was disturbed. Better in close.,2025,11 AM,March 16 2025 11 AM,2025-03-16 11:00:00,2025-03-16 11:00:00+08:00,2025-03-16 03:00:00+00:00,2025-03-16,03:00:00,17,2025-03-16,22.1,23.471666666666668,7.670833333333333,102.48,0.5158333333333334,4.1937500000000005,212.35333333333327,1.0591666666666668,10.394583333333332,222.36041666666665,0.0,64.40416666666667,0.0,24.135,1022.845,10.186666666666666,0.33,22.1,23.471666666666668,7.670833333333333,102.48,0.5158333333333334,4.1937500000000005,212.35333333333327,1.0591666666666668,10.394583333333332,222.36041666666665,0.0,64.40416666666667,0.0,24.135,1022.845,10.186666666666666,0.33,22.1,23.471666666666668,7.670833333333333,102.48,0.5158333333333334,4.1937500000000005,212.35333333333327,1.0591666666666668,10.394583333333332,222.36041666666665,0.0,64.40416666666667,0.0,24.135,1022.845,10.186666666666666,0.33,0.0,1.0799999999999998
BWR,Blackwall Reach,March 16,"2025, 10 a.m.",16-Mar-25   10 a.m.,1,Fair,-,2025,10 AM,March 16 2025 10 AM,2025-03-16 10:00:00,2025-03-16 10:00:00+08:00,2025-03-16 02:00:00+00:00,2025-03-16,02:00:00,18,2025-03-16,23.055000000000003,23.644166666666667,5.78,101.15333333333332,0.735,5.04,215.2725,1.356666666666667,10.092083333333331,218.72458333333336,0.0,44.18333333333334,0.0,24.135,1022.1825,11.7075,0.3229166666666667,23.055000000000003,23.644166666666667,5.78,101.15333333333332,0.735,5.04,215.2725,1.356666666666667,10.092083333333331,218.72458333333336,0.0,44.18333333333334,0.0,24.135,1022.1825,11.7075,0.3229166666666667,23.055000000000003,23.644166666666667,5.78,101.15333333333332,0.735,5.04,215.2725,1.356666666666667,10.092083333333331,218.72458333333336,0.0,44.18333333333334,0.0,24.135,1022.1825,11.7075,0.3229166666666667,0.0,0.54
RNN,Rottnest North,March 13,"2025, 8 p.m.",13-Mar-25   8 p.m.,12,Fair,Cowrie Reef night dive. Some silt,2025,8 PM,March 13 2025 8 PM,2025-03-13 20:00:00,2025-03-13 20:00:00+08:00,2025-03-13 12:00:00+00:00,2025-03-13,12:00:00,19,2025-03-13,21.196666666666665,23.184166666666663,4.253333333333333,226.5258333333333,1.9483333333333333,8.577916666666667,227.16916666666668,1.7420833333333334,10.120833333333334,229.44791666666663,24.59583333333333,76.10000000000001,6.95,21.24416666666667,1008.7204166666668,4.3325000000000005,0.4216666666666666,21.196666666666665,23.184166666666663,4.253333333333333,226.5258333333333,1.9483333333333333,8.577916666666667,227.16916666666668,1.7420833333333334,10.120833333333334,229.44791666666663,24.59583333333333,76.10000000000001,6.95,21.24416666666667,1008.7204166666668,4.3325000000000005,0.4216666666666666,21.196666666666665,23.184166666666663,4.253333333333333,226.5258333333333,1.9483333333333333,8.577916666666667,227.16916666666668,1.7420833333333334,10.120833333333334,229.44791666666663,24.59583333333333,76.10000000000001,6.95,21.24416666666667,1008.7204166666668,4.3325000000000005,0.4216666666666666,4.83,5.110000000000001
ROB,Robbs Jetty,March 13,"2025, 8 a.m.",13-Mar-25   8 a.m.,2,Fair,-,2025,8 AM,March 13 2025 8 AM,2025-03-13 08:00:00,2025-03-13 08:00:00+08:00,2025-03-13 00:00:00+00:00,2025-03-13,00:00:00,20,2025-03-13,20.880416666666665,23.934166666666663,1.98375,235.55291666666668,0.9404166666666668,7.189166666666666,234.34583333333333,1.7420833333333334,10.120833333333334,229.44791666666663,40.81666666666667,77.70416666666667,9.14,22.352083333333336,1008.7195833333334,3.7516666666666665,0.4404166666666667,20.880416666666665,23.934166666666663,1.98375,235.55291666666668,0.9404166666666668,7.189166666666666,234.34583333333333,1.7420833333333334,10.120833333333334,229.44791666666663,40.81666666666667,77.70416666666667,9.14,22.352083333333336,1008.7195833333334,3.7516666666666665,0.4404166666666667,20.880416666666665,23.934166666666663,1.98375,235.55291666666668,0.9404166666666668,7.189166666666666,234.34583333333333,1.7420833333333334,10.120833333333334,229.44791666666663,40.81666666666667,77.70416666666667,9.14,22.352083333333336,1008.7195833333334,3.7516666666666665,0.4404166666666667,0.73,0.73
AMJ,Ammo Jetty,March 9,"2025, 10 a.m.",9-Mar-25   10 a.m.,4,Fair,Better until the bottom got stirred up,2025,10 AM,March 9 2025 10 AM,2025-03-09 10:00:00,2025-03-09 10:00:00+08:00,2025-03-09 02:00:00+00:00,2025-03-09,02:00:00,21,2025-03-09,20.52875,23.98125,4.286666666666666,159.29541666666668,1.085,6.770833333333333,223.76625,1.954583333333333,11.473333333333334,226.0245833333333,29.34583333333333,52.11666666666667,0.0,24.1375,1016.5170833333332,8.084999999999999,0.3083333333333333,20.52875,23.98125,4.286666666666666,159.29541666666668,1.085,6.770833333333333,223.76625,1.954583333333333,11.473333333333334,226.0245833333333,29.34583333333333,52.11666666666667,0.0,24.1375,1016.5170833333332,8.084999999999999,0.3083333333333333,20.52875,23.98125,4.286666666666666,159.29541666666668,1.085,6.770833333333333,223.76625,1.954583333333333,11.473333333333334,226.0245833333333,29.34583333333333,52.11666666666667,0.0,24.1375,1016.5170833333332,8.084999999999999,0.3083333333333333,0.41,0.73
KGT,Kwinana Grain Terminal,March 9,"2025, 9 a.m.",9-Mar-25   9 a.m.,3,Fair,Murky with lots of freshwater mixing making things look out of focus,2025,9 AM,March 9 2025 9 AM,2025-03-09 09:00:00,2025-03-09 09:00:00+08:00,2025-03-09 01:00:00+00:00,2025-03-09,01:00:00,22,2025-03-09,19.362916666666667,23.512916666666666,9.153333333333334,157.89916666666667,0.4770833333333333,4.854166666666667,219.46625,1.6754166666666668,12.14625,229.04583333333332,53.0125,67.45416666666667,0.0,24.1375,1017.5345833333334,9.91875,0.3058333333333333,19.362916666666667,23.512916666666666,9.153333333333334,157.89916666666667,0.4770833333333333,4.854166666666667,219.46625,1.6754166666666668,12.14625,229.04583333333332,53.0125,67.45416666666667,0.0,24.1375,1017.5345833333334,9.91875,0.3058333333333333,19.362916666666667,23.512916666666666,9.153333333333334,157.89916666666667,0.4770833333333333,4.854166666666667,219.46625,1.6754166666666668,12.14625,229.04583333333332,53.0125,67.45416666666667,0.0,24.1375,1017.5345833333334,9.91875,0.3058333333333333,1.22,1.99
CMT,Coogee Maritime Trail,March 6,"2025, 4 p.m.",6-Mar-25   4 p.m.,8,Glassy,"A little murk in the water, lots kicked up by divers. 4m in close, 8m further out.",2025,4 PM,March 6 2025 4 PM,2025-03-06 16:00:00,2025-03-06 16:00:00+08:00,2025-03-06 08:00:00+00:00,2025-03-06,08:00:00,23,2025-03-06,29.534166666666668,24.383333333333336,3.07375,175.3083333333333,0.66375,5.035833333333334,230.00291666666664,1.1091666666666666,9.605833333333331,231.07333333333332,0.1625,39.48333333333333,0.0,24.13458333333333,1013.34625,5.2995833333333335,0.3945833333333333,29.534166666666668,24.383333333333336,3.07375,175.3083333333333,0.66375,5.035833333333334,230.00291666666664,1.1091666666666666,9.605833333333331,231.07333333333332,0.1625,39.48333333333333,0.0,24.13458333333333,1013.34625,5.2995833333333335,0.3945833333333333,29.534166666666668,24.383333333333336,3.07375,175.3083333333333,0.66375,5.035833333333334,230.00291666666664,1.1091666666666666,9.605833333333331,231.07333333333332,0.1625,39.48333333333333,0.0,24.13458333333333,1013.34625,5.2995833333333335,0.3945833333333333,0.0,0.0
WOO,Woodman Point,March 6,"2025, 9 a.m.",6-Mar-25   9 a.m.,2,Windy,Pea and ham soup! Strong easterlies,2025,9 AM,March 6 2025 9 AM,2025-03-06 09:00:00,2025-03-06 09:00:00+08:00,2025-03-06 01:00:00+00:00,2025-03-06,01:00:00,24,2025-03-06,24.56,23.80541666666667,6.119583333333334,176.23916666666665,0.4116666666666667,4.457083333333333,225.5725,1.1091666666666666,9.605833333333331,231.07333333333332,0.35,72.18333333333334,0.0,24.13458333333333,1013.4570833333332,7.729166666666667,0.3854166666666667,24.56,23.80541666666667,6.119583333333334,176.23916666666665,0.4116666666666667,4.457083333333333,225.5725,1.1091666666666666,9.605833333333331,231.07333333333332,0.35,72.18333333333334,0.0,24.13458333333333,1013.4570833333332,7.729166666666667,0.3854166666666667,24.56,23.80541666666667,6.119583333333334,176.23916666666665,0.4116666666666667,4.457083333333333,225.5725,1.1091666666666666,9.605833333333331,231.07333333333332,0.35,72.18333333333334,0.0,24.13458333333333,1013.4570833333332,7.729166666666667,0.3854166666666667,0.0,0.0
RKM,Rockingham Dive Trail,March 3,"2025, 1 p.m.",3-Mar-25   1 p.m.,2,Glassy,Green water. Lots of fish. Octopus.,2025,1 PM,March 3 2025 1 PM,2025-03-03 13:00:00,2025-03-03 13:00:00+08:00,2025-03-03 05:00:00+00:00,2025-03-03,05:00:00,25,2025-03-03,21.079166666666666,23.808333333333334,7.372083333333333,227.32208333333332,0.4491666666666666,3.3529166666666668,228.93958333333333,0.9225,7.347916666666666,242.36916666666664,51.37916666666666,74.95833333333333,0.48,24.131666666666664,1015.7458333333334,7.932083333333334,0.3866666666666666,21.079166666666666,23.808333333333334,7.372083333333333,227.32208333333332,0.4491666666666666,3.3529166666666668,228.93958333333333,0.9225,7.347916666666666,242.36916666666664,51.37916666666666,74.95833333333333,0.48,24.131666666666664,1015.7458333333334,7.932083333333334,0.3866666666666666,21.079166666666666,23.808333333333334,7.372083333333333,227.32208333333332,0.4491666666666666,3.3529166666666668,228.93958333333333,0.9225,7.347916666666666,242.36916666666664,51.37916666666666,74.95833333333333,0.48,24.131666666666664,1015.7458333333334,7.932083333333334,0.3866666666666666,0.0,0.0
KXI,K XI Submarine wreck,March 3,"2025, 9 a.m.",3-Mar-25   9 a.m.,15,Fair,UWA Underwater Club dive,2025,9 AM,March 3 2025 9 AM,2025-03-03 09:00:00,2025-03-03 09:00:00+08:00,2025-03-03 01:00:00+00:00,2025-03-03,01:00:00,26,2025-03-03,21.467916666666667,23.22833333333333,6.796250000000001,226.28083333333333,1.5475,4.869583333333334,230.03333333333333,1.0208333333333333,8.31875,234.09958333333336,54.175,75.97500000000001,0.49,24.085,1015.8329166666668,7.34875,0.38875,21.467916666666667,23.22833333333333,6.796250000000001,226.28083333333333,1.5475,4.869583333333334,230.03333333333333,1.0208333333333333,8.31875,234.09958333333336,54.175,75.97500000000001,0.49,24.085,1015.8329166666668,7.34875,0.38875,21.467916666666667,23.22833333333333,6.796250000000001,226.28083333333333,1.5475,4.869583333333334,230.03333333333333,1.0208333333333333,8.31875,234.09958333333336,54.175,75.97500000000001,0.49,24.085,1015.8329166666668,7.34875,0.38875,0.0,0.0
WOO,Woodman Point,March 3,"2025, 8 a.m.",3-Mar-25   8 a.m.,4,Fair,Typical SOR snot,2025,8 AM,March 3 2025 8 AM,2025-03-03 08:00:00,2025-03-03 08:00:00+08:00,2025-03-03 00:00:00+00:00,2025-03-03,00:00:00,27,2025-03-03,21.467916666666667,23.808333333333334,6.796250000000001,226.28083333333333,0.4491666666666666,3.3529166666666668,228.93958333333333,1.0208333333333333,8.31875,234.09958333333336,54.175,75.97500000000001,0.49,24.085,1015.8329166666668,7.34875,0.3866666666666666,21.467916666666667,23.808333333333334,6.796250000000001,226.28083333333333,0.4491666666666666,3.3529166666666668,228.93958333333333,1.0208333333333333,8.31875,234.09958333333336,54.175,75.97500000000001,0.49,24.085,1015.8329166666668,7.34875,0.3866666666666666,21.467916666666667,23.808333333333334,6.796250000000001,226.28083333333333,0.4491666666666666,3.3529166666666668,228.93958333333333,1.0208333333333333,8.31875,234.09958333333336,54.175,75.97500000000001,0.49,24.085,1015.8329166666668,7.34875,0.3866666666666666,0.0,0.0
KGT,Kwinana Grain Terminal,March 2,"2025, 11 a.m.",2-Mar-25   11 a.m.,5,Glassy,"Lots to see. Eagle rays, octopus, nudi's",2025,11 AM,March 2 2025 11 AM,2025-03-02 11:00:00,2025-03-02 11:00:00+08:00,2025-03-02 03:00:00+00:00,2025-03-02,03:00:00,28,2025-03-02,21.71166666666667,23.805833333333336,5.907916666666666,204.90833333333333,0.5270833333333333,4.682083333333334,222.98416666666665,1.1920833333333334,9.035416666666666,232.72416666666663,0.55,75.05416666666666,0.0,24.13791666666667,1012.5270833333334,6.504583333333334,0.3495833333333333,21.71166666666667,23.805833333333336,5.907916666666666,204.90833333333333,0.5270833333333333,4.682083333333334,222.98416666666665,1.1920833333333334,9.035416666666666,232.72416666666663,0.55,75.05416666666666,0.0,24.13791666666667,1012.5270833333334,6.504583333333334,0.3495833333333333,21.71166666666667,23.805833333333336,5.907916666666666,204.90833333333333,0.5270833333333333,4.682083333333334,222.98416666666665,1.1920833333333334,9.035416666666666,232.72416666666663,0.55,75.05416666666666,0.0,24.13791666666667,1012.5270833333334,6.504583333333334,0.3495833333333333,0.0,0.0
SCR,South Cottesloe Reef,March 2,"2025, 9 a.m.",2-Mar-25   9 a.m.,7,Fair,Bit surgey but decent conditions overall,2025,9 AM,March 2 2025 9 AM,2025-03-02 09:00:00,2025-03-02 09:00:00+08:00,2025-03-02 01:00:00+00:00,2025-03-02,01:00:00,29,2025-03-02,22.219583333333333,24.472916666666663,5.888333333333333,197.0954166666667,0.8358333333333333,5.370416666666666,225.715,1.5091666666666663,9.133333333333333,230.0320833333333,0.6791666666666666,74.90416666666667,0.0,24.13791666666667,1012.4291666666668,6.5129166666666665,0.3525,22.219583333333333,24.472916666666663,5.888333333333333,197.0954166666667,0.8358333333333333,5.370416666666666,225.715,1.5091666666666663,9.133333333333333,230.0320833333333,0.6791666666666666,74.90416666666667,0.0,24.13791666666667,1012.4291666666668,6.5129166666666665,0.3525,22.219583333333333,24.472916666666663,5.888333333333333,197.0954166666667,0.8358333333333333,5.370416666666666,225.715,1.5091666666666663,9.133333333333333,230.0320833333333,0.6791666666666666,74.90416666666667,0.0,24.13791666666667,1012.4291666666668,6.5129166666666665,0.3525,0.0,0.0
WOO,Woodman Point,Feb. 28,"2025, 9 a.m.",28-Feb-25   9 a.m.,5,Fair,"South side of groin. Calm from 830-1030am, nice and sunny.",2025,9 AM,Feb 28 2025 9 AM,2025-02-28 09:00:00,2025-02-28 09:00:00+08:00,2025-02-28 01:00:00+00:00,2025-02-28,01:00:00,30,2025-02-28,20.855,23.822916666666668,9.100833333333332,178.11208333333332,0.5770833333333333,4.104166666666667,220.3529166666667,1.7804166666666663,10.017916666666666,228.20041666666663,0.0,72.32083333333334,0.0,24.137083333333333,1018.6041666666666,9.455,0.3183333333333333,20.855,23.822916666666668,9.100833333333332,178.11208333333332,0.5770833333333333,4.104166666666667,220.3529166666667,1.7804166666666663,10.017916666666666,228.20041666666663,0.0,72.32083333333334,0.0,24.137083333333333,1018.6041666666666,9.455,0.3183333333333333,20.855,23.822916666666668,9.100833333333332,178.11208333333332,0.5770833333333333,4.104166666666667,220.3529166666667,1.7804166666666663,10.017916666666666,228.20041666666663,0.0,72.32083333333334,0.0,24.137083333333333,1018.6041666666666,9.455,0.3183333333333333,0.0,0.03
WOO,Woodman Point,Feb. 27,"2025, 9 a.m.",27-Feb-25   9 a.m.,4,Fair,"South side of groin. Choppy at 8am, calm at 9am, rough by 10:30am. Overcast.",2025,9 AM,Feb 27 2025 9 AM,2025-02-27 09:00:00,2025-02-27 09:00:00+08:00,2025-02-27 01:00:00+00:00,2025-02-27,01:00:00,31,2025-02-27,21.51833333333333,23.89125,8.229583333333332,176.39416666666668,0.5808333333333333,4.816666666666666,221.70041666666668,1.71,9.86625,230.40125,69.30833333333334,70.27083333333333,0.0,24.133333333333336,1018.0304166666666,8.48875,0.3320833333333333,21.51833333333333,23.89125,8.229583333333332,176.39416666666668,0.5808333333333333,4.816666666666666,221.70041666666668,1.71,9.86625,230.40125,69.30833333333334,70.27083333333333,0.0,24.133333333333336,1018.0304166666666,8.48875,0.3320833333333333,21.51833333333333,23.89125,8.229583333333332,176.39416666666668,0.5808333333333333,4.816666666666666,221.70041666666668,1.71,9.86625,230.40125,69.30833333333334,70.27083333333333,0.0,24.133333333333336,1018.0304166666666,8.48875,0.3320833333333333,0.03,0.03
WOO,Woodman Point,Feb. 26,"2025, 10 a.m.",26-Feb-25   10 a.m.,5,Fair,"South side of groin. Vis much better than expected, mild surge, minimal debris.",2025,10 AM,Feb 26 2025 10 AM,2025-02-26 10:00:00,2025-02-26 10:00:00+08:00,2025-02-26 02:00:00+00:00,2025-02-26,02:00:00,32,2025-02-26,21.981666666666666,24.030416666666667,7.253333333333333,186.56166666666664,0.5558333333333333,5.247916666666667,223.11291666666668,1.8908333333333331,10.415,231.295,100.0,77.30833333333334,0.03,24.135,1018.0579166666666,7.579583333333333,0.3829166666666666,21.981666666666666,24.030416666666667,7.253333333333333,186.56166666666664,0.5558333333333333,5.247916666666667,223.11291666666668,1.8908333333333331,10.415,231.295,100.0,77.30833333333334,0.03,24.135,1018.0579166666666,7.579583333333333,0.3829166666666666,21.981666666666666,24.030416666666667,7.253333333333333,186.56166666666664,0.5558333333333333,5.247916666666667,223.11291666666668,1.8908333333333331,10.415,231.295,100.0,77.30833333333334,0.03,24.135,1018.0579166666666,7.579583333333333,0.3829166666666666,0.0,0.0
RNN,Rottnest North,Feb. 24,"2025, 9 p.m.",24-Feb-25   9 p.m.,12,Fair,Near North Point 10-12 but cloudy.,2025,9 PM,Feb 24 2025 9 PM,2025-02-24 21:00:00,2025-02-24 21:00:00+08:00,2025-02-24 13:00:00+00:00,2025-02-24,13:00:00,33,2025-02-24,21.142916666666668,23.486666666666668,5.359999999999999,218.85666666666668,1.4174999999999998,6.162916666666667,227.175,1.0720833333333333,9.577916666666669,231.87458333333333,15.8,71.69583333333334,0.0,24.1325,1015.5908333333332,5.59375,0.35375,21.142916666666668,23.486666666666668,5.359999999999999,218.85666666666668,1.4174999999999998,6.162916666666667,227.175,1.0720833333333333,9.577916666666669,231.87458333333333,15.8,71.69583333333334,0.0,24.1325,1015.5908333333332,5.59375,0.35375,21.142916666666668,23.486666666666668,5.359999999999999,218.85666666666668,1.4174999999999998,6.162916666666667,227.175,1.0720833333333333,9.577916666666669,231.87458333333333,15.8,71.69583333333334,0.0,24.1325,1015.5908333333332,5.59375,0.35375,0.0,0.0
KXI,K XI Submarine wreck,Feb. 24,"2025, 10 a.m.",24-Feb-25   10 a.m.,25,Fair,-,2025,10 AM,Feb 24 2025 10 AM,2025-02-24 10:00:00,2025-02-24 10:00:00+08:00,2025-02-24 02:00:00+00:00,2025-02-24,02:00:00,34,2025-02-24,21.142916666666668,23.30875,5.359999999999999,218.85666666666668,1.5725,6.06,228.6175,1.0720833333333333,9.577916666666669,231.87458333333333,15.8,71.69583333333334,0.0,24.1325,1015.5908333333332,5.59375,0.3475,21.142916666666668,23.30875,5.359999999999999,218.85666666666668,1.5725,6.06,228.6175,1.0720833333333333,9.577916666666669,231.87458333333333,15.8,71.69583333333334,0.0,24.1325,1015.5908333333332,5.59375,0.3475,21.142916666666668,23.30875,5.359999999999999,218.85666666666668,1.5725,6.06,228.6175,1.0720833333333333,9.577916666666669,231.87458333333333,15.8,71.69583333333334,0.0,24.1325,1015.5908333333332,5.59375,0.3475,0.0,0.0
WOO,Woodman Point,Feb. 20,"2025, 7 p.m.",20-Feb-25   7 p.m.,3,Fair,Not too bad. Bit murky to start but cleaned up around the point.,2025,7 PM,Feb 20 2025 7 PM,2025-02-20 19:00:00,2025-02-20 19:00:00+08:00,2025-02-20 11:00:00+00:00,2025-02-20,11:00:00,35,2025-02-20,22.417916666666667,24.7975,6.2725,222.34958333333336,0.4383333333333333,3.852083333333333,224.41708333333332,0.91875,10.728333333333332,228.52875,46.67916666666667,79.28333333333333,0.79,24.135416666666668,1013.4854166666668,6.80375,0.3945833333333333,22.417916666666667,24.7975,6.2725,222.34958333333336,0.4383333333333333,3.852083333333333,224.41708333333332,0.91875,10.728333333333332,228.52875,46.67916666666667,79.28333333333333,0.79,24.135416666666668,1013.4854166666668,6.80375,0.3945833333333333,22.417916666666667,24.7975,6.2725,222.34958333333336,0.4383333333333333,3.852083333333333,224.41708333333332,0.91875,10.728333333333332,228.52875,46.67916666666667,79.28333333333333,0.79,24.135416666666668,1013.4854166666668,6.80375,0.3945833333333333,0.01,0.01
CMT,Coogee Maritime Trail,Feb. 15,"2025, 10 a.m.",15-Feb-25   10 a.m.,7,Glassy,-,2025,10 AM,Feb 15 2025 10 AM,2025-02-15 10:00:00,2025-02-15 10:00:00+08:00,2025-02-15 02:00:00+00:00,2025-02-15,02:00:00,36,2025-02-15,27.938333333333333,24.7925,3.5025,99.94583333333333,0.7025,5.281666666666667,234.6029166666667,1.00875,10.361666666666666,227.51083333333332,7.1625000000000005,22.004166666666663,0.0,24.135416666666668,1011.5204166666668,7.335416666666667,0.2141666666666666,27.938333333333333,24.7925,3.5025,99.94583333333333,0.7025,5.281666666666667,234.6029166666667,1.00875,10.361666666666666,227.51083333333332,7.1625000000000005,22.004166666666663,0.0,24.135416666666668,1011.5204166666668,7.335416666666667,0.2141666666666666,27.938333333333333,24.7925,3.5025,99.94583333333333,0.7025,5.281666666666667,234.6029166666667,1.00875,10.361666666666666,227.51083333333332,7.1625000000000005,22.004166666666663,0.0,24.135416666666668,1011.5204166666668,7.335416666666667,0.2141666666666666,0.0,0.0
CMT,Coogee Maritime Trail,Feb. 13,"2025, 10 a.m.",13-Feb-25   10 a.m.,8,Glassy,-,2025,10 AM,Feb 13 2025 10 AM,2025-02-13 10:00:00,2025-02-13 10:00:00+08:00,2025-02-13 02:00:00+00:00,2025-02-13,02:00:00,37,2025-02-13,22.08833333333333,24.670416666666668,4.3533333333333335,143.61416666666665,0.8504166666666667,4.841666666666667,224.44458333333333,1.309583333333333,8.312083333333334,222.7758333333333,0.0,43.60416666666666,0.0,24.132916666666663,1017.8908333333334,8.706249999999999,0.1329166666666666,22.08833333333333,24.670416666666668,4.3533333333333335,143.61416666666665,0.8504166666666667,4.841666666666667,224.44458333333333,1.309583333333333,8.312083333333334,222.7758333333333,0.0,43.60416666666666,0.0,24.132916666666663,1017.8908333333334,8.706249999999999,0.1329166666666666,22.08833333333333,24.670416666666668,4.3533333333333335,143.61416666666665,0.8504166666666667,4.841666666666667,224.44458333333333,1.309583333333333,8.312083333333334,222.7758333333333,0.0,43.60416666666666,0.0,24.132916666666663,1017.8908333333334,8.706249999999999,0.1329166666666666,0.0,0.3400000000000001
MAR,Marmion Reef,Feb. 9,"2025, 11 a.m.",9-Feb-25   11 a.m.,3,Glassy,"Long slow swell, reaching deep and throwing divers around. Horrible viz at Marmion reef.",2025,11 AM,Feb 9 2025 11 AM,2025-02-09 11:00:00,2025-02-09 11:00:00+08:00,2025-02-09 03:00:00+00:00,2025-02-09,03:00:00,38,2025-02-09,22.488333333333333,26.22208333333333,7.375416666666666,266.76166666666666,1.3404166666666668,4.754166666666666,256.22166666666664,1.0433333333333332,8.018749999999999,247.49041666666668,43.4625,66.85833333333333,0.08,24.132916666666663,1004.1845833333332,7.843333333333334,0.41,22.488333333333333,26.22208333333333,7.375416666666666,266.76166666666666,1.3404166666666668,4.754166666666666,256.22166666666664,1.0433333333333332,8.018749999999999,247.49041666666668,43.4625,66.85833333333333,0.08,24.132916666666663,1004.1845833333332,7.843333333333334,0.41,22.488333333333333,26.22208333333333,7.375416666666666,266.76166666666666,1.3404166666666668,4.754166666666666,256.22166666666664,1.0433333333333332,8.018749999999999,247.49041666666668,43.4625,66.85833333333333,0.08,24.132916666666663,1004.1845833333332,7.843333333333334,0.41,0.04,0.04
RTS,Rottnest South,Feb. 9,"2025, 10 a.m.",9-Feb-25   10 a.m.,20,Fair,Crystal Palace,2025,10 AM,Feb 9 2025 10 AM,2025-02-09 10:00:00,2025-02-09 10:00:00+08:00,2025-02-09 02:00:00+00:00,2025-02-09,02:00:00,39,2025-02-09,22.488333333333333,24.27416666666667,7.375416666666666,266.76166666666666,1.5270833333333331,5.072916666666667,258.89625,1.0433333333333332,8.018749999999999,247.49041666666668,43.4625,66.85833333333333,0.08,24.132916666666663,1004.1845833333332,7.843333333333334,0.3958333333333333,22.488333333333333,24.27416666666667,7.375416666666666,266.76166666666666,1.5270833333333331,5.072916666666667,258.89625,1.0433333333333332,8.018749999999999,247.49041666666668,43.4625,66.85833333333333,0.08,24.132916666666663,1004.1845833333332,7.843333333333334,0.3958333333333333,22.488333333333333,24.27416666666667,7.375416666666666,266.76166666666666,1.5270833333333331,5.072916666666667,258.89625,1.0433333333333332,8.018749999999999,247.49041666666668,43.4625,66.85833333333333,0.08,24.132916666666663,1004.1845833333332,7.843333333333334,0.3958333333333333,0.04,0.04
RKM,Rockingham Dive Trail,Feb. 9,"2025, 9 a.m.",9-Feb-25   9 a.m.,6,Fair,-,2025,9 AM,Feb 9 2025 9 AM,2025-02-09 09:00:00,2025-02-09 09:00:00+08:00,2025-02-09 01:00:00+00:00,2025-02-09,01:00:00,40,2025-02-09,22.166666666666668,25.91958333333333,7.65875,274.46541666666667,0.4704166666666666,3.4425000000000003,254.18833333333336,0.9254166666666668,8.69375,252.88916666666668,72.41250000000001,69.58749999999999,0.42,24.132916666666663,1003.78125,8.142916666666666,0.4091666666666667,22.166666666666668,25.91958333333333,7.65875,274.46541666666667,0.4704166666666666,3.4425000000000003,254.18833333333336,0.9254166666666668,8.69375,252.88916666666668,72.41250000000001,69.58749999999999,0.42,24.132916666666663,1003.78125,8.142916666666666,0.4091666666666667,22.166666666666668,25.91958333333333,7.65875,274.46541666666667,0.4704166666666666,3.4425000000000003,254.18833333333336,0.9254166666666668,8.69375,252.88916666666668,72.41250000000001,69.58749999999999,0.42,24.132916666666663,1003.78125,8.142916666666666,0.4091666666666667,0.12,0.12
KGT,Kwinana Grain Terminal,Feb. 9,"2025, 8 a.m.",9-Feb-25   8 a.m.,2,Fair,-,2025,8 AM,Feb 9 2025 8 AM,2025-02-09 08:00:00,2025-02-09 08:00:00+08:00,2025-02-09 00:00:00+00:00,2025-02-09,00:00:00,41,2025-02-09,22.166666666666668,25.91958333333333,7.65875,274.46541666666667,0.4704166666666666,3.4425000000000003,254.18833333333336,0.9254166666666668,8.69375,252.88916666666668,72.41250000000001,69.58749999999999,0.42,24.132916666666663,1003.78125,8.142916666666666,0.4091666666666667,22.166666666666668,25.91958333333333,7.65875,274.46541666666667,0.4704166666666666,3.4425000000000003,254.18833333333336,0.9254166666666668,8.69375,252.88916666666668,72.41250000000001,69.58749999999999,0.42,24.132916666666663,1003.78125,8.142916666666666,0.4091666666666667,22.166666666666668,25.91958333333333,7.65875,274.46541666666667,0.4704166666666666,3.4425000000000003,254.18833333333336,0.9254166666666668,8.69375,252.88916666666668,72.41250000000001,69.58749999999999,0.42,24.132916666666663,1003.78125,8.142916666666666,0.4091666666666667,0.09,0.09
AMJ,Ammo Jetty,Feb. 2,"2025, 9 a.m.",2-Feb-25   9 a.m.,3,Fair,Vis 2-3m. Cloudy and pretty grim. Good dive though.,2025,9 AM,Feb 2 2025 9 AM,2025-02-02 09:00:00,2025-02-02 09:00:00+08:00,2025-02-02 01:00:00+00:00,2025-02-02,01:00:00,42,2025-02-02,25.2475,26.385,3.6658333333333335,192.95541666666668,1.007083333333333,5.564166666666666,226.88333333333333,1.65625,9.715416666666666,232.67708333333331,2.5125,51.43333333333334,0.0,24.13416666666667,1009.015,5.5225,0.3391666666666666,25.2475,26.385,3.6658333333333335,192.95541666666668,1.007083333333333,5.564166666666666,226.88333333333333,1.65625,9.715416666666666,232.67708333333331,2.5125,51.43333333333334,0.0,24.13416666666667,1009.015,5.5225,0.3391666666666666,25.2475,26.385,3.6658333333333335,192.95541666666668,1.007083333333333,5.564166666666666,226.88333333333333,1.65625,9.715416666666666,232.67708333333331,2.5125,51.43333333333334,0.0,24.13416666666667,1009.015,5.5225,0.3391666666666666,0.0,0.0
CMT,Coogee Maritime Trail,Feb. 2,"2025, 9 a.m.",2-Feb-25   9 a.m.,4,Glassy,Flat and calm but quite green and silty still.,2025,9 AM,Feb 2 2025 9 AM,2025-02-02 09:00:00,2025-02-02 09:00:00+08:00,2025-02-02 01:00:00+00:00,2025-02-02,01:00:00,43,2025-02-02,25.2475,26.385,3.6658333333333335,192.95541666666668,1.007083333333333,5.564166666666666,226.88333333333333,1.65625,9.715416666666666,232.67708333333331,2.5125,51.43333333333334,0.0,24.13416666666667,1009.015,5.5225,0.3391666666666666,25.2475,26.385,3.6658333333333335,192.95541666666668,1.007083333333333,5.564166666666666,226.88333333333333,1.65625,9.715416666666666,232.67708333333331,2.5125,51.43333333333334,0.0,24.13416666666667,1009.015,5.5225,0.3391666666666666,25.2475,26.385,3.6658333333333335,192.95541666666668,1.007083333333333,5.564166666666666,226.88333333333333,1.65625,9.715416666666666,232.67708333333331,2.5125,51.43333333333334,0.0,24.13416666666667,1009.015,5.5225,0.3391666666666666,0.0,0.0
FRE,South Fremantle,Jan. 31,"2025, 8 a.m.",31-Jan-25   8 a.m.,4,Fair,Bathers Bay better around pylons to the south,2025,8 AM,Jan 31 2025 8 AM,2025-01-31 08:00:00,2025-01-31 08:00:00+08:00,2025-01-31 00:00:00+00:00,2025-01-31,00:00:00,44,2025-01-31,22.457916666666662,26.220416666666665,7.8775,194.78083333333333,0.9,5.512083333333333,224.5883333333333,1.43125,10.0175,226.3166666666667,0.45,77.72916666666667,0.0,24.13625,1007.9970833333332,8.812083333333334,0.4383333333333333,22.457916666666662,26.220416666666665,7.8775,194.78083333333333,0.9,5.512083333333333,224.5883333333333,1.43125,10.0175,226.3166666666667,0.45,77.72916666666667,0.0,24.13625,1007.9970833333332,8.812083333333334,0.4383333333333333,22.457916666666662,26.220416666666665,7.8775,194.78083333333333,0.9,5.512083333333333,224.5883333333333,1.43125,10.0175,226.3166666666667,0.45,77.72916666666667,0.0,24.13625,1007.9970833333332,8.812083333333334,0.4383333333333333,0.0,0.0
PPR,Point Peron,Jan. 30,"2025, 11 a.m.",30-Jan-25   11 a.m.,5,Fair,Vis better in shore,2025,11 AM,Jan 30 2025 11 AM,2025-01-30 11:00:00,2025-01-30 11:00:00+08:00,2025-01-30 03:00:00+00:00,2025-01-30,03:00:00,45,2025-01-30,23.9175,25.71291666666667,6.342083333333334,195.74958333333333,1.4958333333333331,6.6375,224.75791666666663,1.3416666666666668,10.3375,225.9375,22.1375,72.75416666666666,0.0,24.13416666666667,1006.8854166666666,8.235416666666667,0.4325,23.9175,25.71291666666667,6.342083333333334,195.74958333333333,1.4958333333333331,6.6375,224.75791666666663,1.3416666666666668,10.3375,225.9375,22.1375,72.75416666666666,0.0,24.13416666666667,1006.8854166666666,8.235416666666667,0.4325,23.9175,25.71291666666667,6.342083333333334,195.74958333333333,1.4958333333333331,6.6375,224.75791666666663,1.3416666666666668,10.3375,225.9375,22.1375,72.75416666666666,0.0,24.13416666666667,1006.8854166666666,8.235416666666667,0.4325,0.0,0.0
RKM,Rockingham Dive Trail,Jan. 29,"2025, 4 p.m.",29-Jan-25   4 p.m.,5,Fair,palm beach jetty,2025,4 PM,Jan 29 2025 4 PM,2025-01-29 16:00:00,2025-01-29 16:00:00+08:00,2025-01-29 08:00:00+00:00,2025-01-29,08:00:00,46,2025-01-29,24.86916666666667,25.284166666666668,7.63375,161.24375,1.2854166666666669,5.120416666666666,219.62291666666667,1.0091666666666663,9.10625,228.6725,0.1999999999999999,63.2625,0.0,24.1325,1011.5383333333332,10.554583333333332,0.3316666666666666,24.86916666666667,25.284166666666668,7.63375,161.24375,1.2854166666666669,5.120416666666666,219.62291666666667,1.0091666666666663,9.10625,228.6725,0.1999999999999999,63.2625,0.0,24.1325,1011.5383333333332,10.554583333333332,0.3316666666666666,24.86916666666667,25.284166666666668,7.63375,161.24375,1.2854166666666669,5.120416666666666,219.62291666666667,1.0091666666666663,9.10625,228.6725,0.1999999999999999,63.2625,0.0,24.1325,1011.5383333333332,10.554583333333332,0.3316666666666666,0.0,0.0
WOO,Woodman Point,Jan. 27,"2025, 9 a.m.",27-Jan-25   9 a.m.,5,Windy,Snotty and green. Vis seemed a bit better in the shallows on the south side of the groyne.,2025,9 AM,Jan 27 2025 9 AM,2025-01-27 09:00:00,2025-01-27 09:00:00+08:00,2025-01-27 01:00:00+00:00,2025-01-27,01:00:00,47,2025-01-27,22.011666666666667,25.380416666666665,9.307083333333331,156.0875,1.7170833333333333,4.98625,211.4183333333333,1.1158333333333337,8.47375,226.56041666666667,0.0,66.28333333333333,0.0,24.13583333333333,1015.12625,11.048333333333334,0.31375,22.011666666666667,25.380416666666665,9.307083333333331,156.0875,1.7170833333333333,4.98625,211.4183333333333,1.1158333333333337,8.47375,226.56041666666667,0.0,66.28333333333333,0.0,24.13583333333333,1015.12625,11.048333333333334,0.31375,22.011666666666667,25.380416666666665,9.307083333333331,156.0875,1.7170833333333333,4.98625,211.4183333333333,1.1158333333333337,8.47375,226.56041666666667,0.0,66.28333333333333,0.0,24.13583333333333,1015.12625,11.048333333333334,0.31375,0.0,0.03
PPR,Point Peron,Jan. 27,"2025, 9 a.m.",27-Jan-25   9 a.m.,6,Fair,-,2025,9 AM,Jan 27 2025 9 AM,2025-01-27 09:00:00,2025-01-27 09:00:00+08:00,2025-01-27 01:00:00+00:00,2025-01-27,01:00:00,48,2025-01-27,21.37375,25.380416666666665,9.703333333333331,158.29916666666665,1.3808333333333334,4.7058333333333335,214.95416666666665,0.8858333333333334,8.79625,231.62166666666667,0.0,63.85416666666666,0.0,24.13583333333333,1015.7004166666668,11.536666666666669,0.31375,21.37375,25.380416666666665,9.703333333333331,158.29916666666665,1.3808333333333334,4.7058333333333335,214.95416666666665,0.8858333333333334,8.79625,231.62166666666667,0.0,63.85416666666666,0.0,24.13583333333333,1015.7004166666668,11.536666666666669,0.31375,21.37375,25.380416666666665,9.703333333333331,158.29916666666665,1.3808333333333334,4.7058333333333335,214.95416666666665,0.8858333333333334,8.79625,231.62166666666667,0.0,63.85416666666666,0.0,24.13583333333333,1015.7004166666668,11.536666666666669,0.31375,0.0,0.03
SWA,Ex-HMAS Swan Wreck,Jan. 18,"2025, 9 a.m.",18-Jan-25   9 a.m.,15,Fair,-,2025,9 AM,Jan 18 2025 9 AM,2025-01-18 09:00:00,2025-01-18 09:00:00+08:00,2025-01-18 01:00:00+00:00,2025-01-18,01:00:00,49,2025-01-18,17.77375,21.49375,8.74,167.93458333333334,3.1300000000000003,8.155416666666666,239.2358333333333,2.747916666666667,10.71,235.5375,12.9375,64.01666666666667,0.0,24.13583333333333,1015.27625,9.940833333333334,0.3229166666666667,17.77375,21.49375,8.74,167.93458333333334,3.1300000000000003,8.155416666666666,239.2358333333333,2.747916666666667,10.71,235.5375,12.9375,64.01666666666667,0.0,24.13583333333333,1015.27625,9.940833333333334,0.3229166666666667,17.77375,21.49375,8.74,167.93458333333334,3.1300000000000003,8.155416666666666,239.2358333333333,2.747916666666667,10.71,235.5375,12.9375,64.01666666666667,0.0,24.13583333333333,1015.27625,9.940833333333334,0.3229166666666667,0.52,1.08
AMJ,Ammo Jetty,Jan. 15,"2025, 7 a.m.",15-Jan-25   7 a.m.,4,Fair,-,2025,7 AM,Jan 15 2025 7 AM,2025-01-15 07:00:00,2025-01-15 07:00:00+08:00,2025-01-14 23:00:00+00:00,2025-01-14,23:00:00,50,2025-01-14,20.38625,24.377916666666668,4.676666666666667,183.5245833333333,2.905,7.1308333333333325,226.96541666666667,2.5075,10.700833333333334,234.30083333333332,2.825,42.575,0.02,24.13458333333333,1013.9504166666668,8.020416666666668,0.3125,20.38625,24.377916666666668,4.676666666666667,183.5245833333333,2.905,7.1308333333333325,226.96541666666667,2.5075,10.700833333333334,234.30083333333332,2.825,42.575,0.02,24.13458333333333,1013.9504166666668,8.020416666666668,0.3125,20.38625,24.377916666666668,4.676666666666667,183.5245833333333,2.905,7.1308333333333325,226.96541666666667,2.5075,10.700833333333334,234.30083333333332,2.825,42.575,0.02,24.13458333333333,1013.9504166666668,8.020416666666668,0.3125,0.02,0.03
RTS,Rottnest South,Jan. 12,"2025, 11 a.m.",12-Jan-25   11 a.m.,20,Fair,Crystal palace. Good vis strong swell,2025,11 AM,Jan 12 2025 11 AM,2025-01-12 11:00:00,2025-01-12 11:00:00+08:00,2025-01-12 03:00:00+00:00,2025-01-12,03:00:00,51,2025-01-12,21.205,22.31625,4.955416666666666,190.00708333333333,1.5483333333333331,6.187916666666666,231.19208333333333,1.4433333333333334,8.775416666666667,233.15166666666667,5.2125,81.125,0.06,24.131666666666664,1010.6841666666668,5.817083333333333,0.4066666666666667,21.205,22.31625,4.955416666666666,190.00708333333333,1.5483333333333331,6.187916666666666,231.19208333333333,1.4433333333333334,8.775416666666667,233.15166666666667,5.2125,81.125,0.06,24.131666666666664,1010.6841666666668,5.817083333333333,0.4066666666666667,21.205,22.31625,4.955416666666666,190.00708333333333,1.5483333333333331,6.187916666666666,231.19208333333333,1.4433333333333334,8.775416666666667,233.15166666666667,5.2125,81.125,0.06,24.131666666666664,1010.6841666666668,5.817083333333333,0.4066666666666667,0.0,0.0
RNN,Rottnest North,Jan. 12,"2025, 9 a.m.",12-Jan-25   9 a.m.,12,Fair,Roe reef. Bit green. Big schools of anchovies. Swelly,2025,9 AM,Jan 12 2025 9 AM,2025-01-12 09:00:00,2025-01-12 09:00:00+08:00,2025-01-12 01:00:00+00:00,2025-01-12,01:00:00,52,2025-01-12,21.205,22.31625,4.955416666666666,190.00708333333333,1.5483333333333331,6.187916666666666,231.19208333333333,1.4433333333333334,8.775416666666667,233.15166666666667,5.2125,81.125,0.06,24.131666666666664,1010.6841666666668,5.817083333333333,0.4066666666666667,21.205,22.31625,4.955416666666666,190.00708333333333,1.5483333333333331,6.187916666666666,231.19208333333333,1.4433333333333334,8.775416666666667,233.15166666666667,5.2125,81.125,0.06,24.131666666666664,1010.6841666666668,5.817083333333333,0.4066666666666667,21.205,22.31625,4.955416666666666,190.00708333333333,1.5483333333333331,6.187916666666666,231.19208333333333,1.4433333333333334,8.775416666666667,233.15166666666667,5.2125,81.125,0.06,24.131666666666664,1010.6841666666668,5.817083333333333,0.4066666666666667,0.0,0.0
WOO,Woodman Point,Jan. 12,"2025, 8 a.m.",12-Jan-25   8 a.m.,7,Fair,-,2025,8 AM,Jan 12 2025 8 AM,2025-01-12 08:00:00,2025-01-12 08:00:00+08:00,2025-01-12 00:00:00+00:00,2025-01-12,00:00:00,53,2025-01-12,21.205,23.55666666666667,4.955416666666666,190.00708333333333,1.5483333333333331,6.187916666666666,231.19208333333333,1.4433333333333334,8.775416666666667,233.15166666666667,5.2125,81.125,0.06,24.131666666666664,1010.6841666666668,5.817083333333333,0.39625,21.205,23.55666666666667,4.955416666666666,190.00708333333333,1.5483333333333331,6.187916666666666,231.19208333333333,1.4433333333333334,8.775416666666667,233.15166666666667,5.2125,81.125,0.06,24.131666666666664,1010.6841666666668,5.817083333333333,0.39625,21.205,23.55666666666667,4.955416666666666,190.00708333333333,1.5483333333333331,6.187916666666666,231.19208333333333,1.4433333333333334,8.775416666666667,233.15166666666667,5.2125,81.125,0.06,24.131666666666664,1010.6841666666668,5.817083333333333,0.39625,0.0,0.0
PRT,Port Beach,Jan. 8,"2025, 7 p.m.",8-Jan-25   7 p.m.,4,Fair,"4-6m, clearer deeper.",2025,7 PM,Jan 8 2025 7 PM,2025-01-08 19:00:00,2025-01-08 19:00:00+08:00,2025-01-08 11:00:00+00:00,2025-01-08,11:00:00,54,2025-01-08,19.832083333333333,24.53708333333333,8.109583333333333,185.47541666666663,1.4583333333333333,4.505833333333333,217.4283333333333,0.7833333333333333,6.820416666666667,232.52916666666667,23.65416666666667,70.04583333333333,0.0,24.1375,1013.8629166666666,8.259166666666667,0.3475,19.832083333333333,24.53708333333333,8.109583333333333,185.47541666666663,1.4583333333333333,4.505833333333333,217.4283333333333,0.7833333333333333,6.820416666666667,232.52916666666667,23.65416666666667,70.04583333333333,0.0,24.1375,1013.8629166666666,8.259166666666667,0.3475,19.832083333333333,24.53708333333333,8.109583333333333,185.47541666666663,1.4583333333333333,4.505833333333333,217.4283333333333,0.7833333333333333,6.820416666666667,232.52916666666667,23.65416666666667,70.04583333333333,0.0,24.1375,1013.8629166666666,8.259166666666667,0.3475,0.0,1.1700000000000002
ROL,Rollison Road Artificial Reef,Jan. 7,"2025, 5 p.m.",7-Jan-25   5 p.m.,5,Windy,"Very choppy, and quite a bit of surge pushing sand around.",2025,5 PM,Jan 7 2025 5 PM,2025-01-07 17:00:00,2025-01-07 17:00:00+08:00,2025-01-07 09:00:00+00:00,2025-01-07,09:00:00,55,2025-01-07,25.38291666666667,24.59958333333333,4.38375,210.5870833333333,1.6579166666666667,4.495833333333334,215.56208333333333,0.6845833333333333,8.041666666666666,241.0575,14.979166666666666,47.69583333333333,0.12,24.13625,1011.2720833333332,7.121666666666666,0.3479166666666666,25.38291666666667,24.59958333333333,4.38375,210.5870833333333,1.6579166666666667,4.495833333333334,215.56208333333333,0.6845833333333333,8.041666666666666,241.0575,14.979166666666666,47.69583333333333,0.12,24.13625,1011.2720833333332,7.121666666666666,0.3479166666666666,25.38291666666667,24.59958333333333,4.38375,210.5870833333333,1.6579166666666667,4.495833333333334,215.56208333333333,0.6845833333333333,8.041666666666666,241.0575,14.979166666666666,47.69583333333333,0.12,24.13625,1011.2720833333332,7.121666666666666,0.3479166666666666,0.15,0.15
CEN,Centaur Reef,Jan. 6,"2025, noon",6-Jan-25   12 p.m.,10,Rough,4/1/2025 hyc club dive 2 south centaur,2025,12 PM,Jan 6 2025 12 PM,2025-01-06 12:00:00,2025-01-06 12:00:00+08:00,2025-01-06 04:00:00+00:00,2025-01-06,04:00:00,56,2025-01-06,23.25125,24.47833333333333,7.702916666666667,162.81708333333333,1.1833333333333331,4.894166666666666,218.00250000000003,0.9329166666666668,8.112083333333333,228.00541666666663,14.220833333333331,71.31666666666666,0.95,23.99833333333333,1010.34625,10.35,0.3554166666666666,23.25125,24.47833333333333,7.702916666666667,162.81708333333333,1.1833333333333331,4.894166666666666,218.00250000000003,0.9329166666666668,8.112083333333333,228.00541666666663,14.220833333333331,71.31666666666666,0.95,23.99833333333333,1010.34625,10.35,0.3554166666666666,23.25125,24.47833333333333,7.702916666666667,162.81708333333333,1.1833333333333331,4.894166666666666,218.00250000000003,0.9329166666666668,8.112083333333333,228.00541666666663,14.220833333333331,71.31666666666666,0.95,23.99833333333333,1010.34625,10.35,0.3554166666666666,0.0,0.0
CEN,Centaur Reef,Jan. 6,"2025, 9 a.m.",6-Jan-25   9 a.m.,12,Fair,4/1/2025 hyc club dive,2025,9 AM,Jan 6 2025 9 AM,2025-01-06 09:00:00,2025-01-06 09:00:00+08:00,2025-01-06 01:00:00+00:00,2025-01-06,01:00:00,57,2025-01-06,23.25125,24.47833333333333,7.702916666666667,162.81708333333333,1.1833333333333331,4.894166666666666,218.00250000000003,0.9329166666666668,8.112083333333333,228.00541666666663,14.220833333333331,71.31666666666666,0.95,23.99833333333333,1010.34625,10.35,0.3554166666666666,23.25125,24.47833333333333,7.702916666666667,162.81708333333333,1.1833333333333331,4.894166666666666,218.00250000000003,0.9329166666666668,8.112083333333333,228.00541666666663,14.220833333333331,71.31666666666666,0.95,23.99833333333333,1010.34625,10.35,0.3554166666666666,23.25125,24.47833333333333,7.702916666666667,162.81708333333333,1.1833333333333331,4.894166666666666,218.00250000000003,0.9329166666666668,8.112083333333333,228.00541666666663,14.220833333333331,71.31666666666666,0.95,23.99833333333333,1010.34625,10.35,0.3554166666666666,0.0,0.0
RKM,Rockingham Dive Trail,Jan. 5,"2025, 8 a.m.",5-Jan-25   8 a.m.,5,Glassy,AOW course. Vis ok until we hit the bottom. Light current cleared silt quite quickly,2025,8 AM,Jan 5 2025 8 AM,2025-01-05 08:00:00,2025-01-05 08:00:00+08:00,2025-01-05 00:00:00+00:00,2025-01-05,00:00:00,58,2025-01-05,21.110416666666666,23.33083333333333,8.170833333333333,155.12958333333333,1.33,5.232916666666667,226.3575,1.1295833333333334,8.81875,233.1795833333333,15.720833333333331,64.16666666666667,0.0,24.133750000000003,1014.31625,10.6725,0.3370833333333333,21.110416666666666,23.33083333333333,8.170833333333333,155.12958333333333,1.33,5.232916666666667,226.3575,1.1295833333333334,8.81875,233.1795833333333,15.720833333333331,64.16666666666667,0.0,24.133750000000003,1014.31625,10.6725,0.3370833333333333,21.110416666666666,23.33083333333333,8.170833333333333,155.12958333333333,1.33,5.232916666666667,226.3575,1.1295833333333334,8.81875,233.1795833333333,15.720833333333331,64.16666666666667,0.0,24.133750000000003,1014.31625,10.6725,0.3370833333333333,0.0,0.0
ROB,Robbs Jetty,Jan. 1,"2025, 11 a.m.",1-Jan-25   11 a.m.,5,Fair,"Fair to poor viz at 5m, milky",2025,11 AM,Jan 1 2025 11 AM,2025-01-01 11:00:00,2025-01-01 11:00:00+08:00,2025-01-01 03:00:00+00:00,2025-01-01,03:00:00,59,2025-01-01,29.8475,23.855416666666667,2.634583333333333,178.26833333333332,2.3679166666666664,11.183750000000002,227.89666666666668,2.2470833333333333,11.599166666666669,229.1575,29.7125,34.96666666666667,0.0,24.13416666666667,1010.33875,3.2891666666666666,0.4154166666666666,29.8475,23.855416666666667,2.634583333333333,178.26833333333332,2.3679166666666664,11.183750000000002,227.89666666666668,2.2470833333333333,11.599166666666669,229.1575,29.7125,34.96666666666667,0.0,24.13416666666667,1010.33875,3.2891666666666666,0.4154166666666666,29.8475,23.855416666666667,2.634583333333333,178.26833333333332,2.3679166666666664,11.183750000000002,227.89666666666668,2.2470833333333333,11.599166666666669,229.1575,29.7125,34.96666666666667,0.0,24.13416666666667,1010.33875,3.2891666666666666,0.4154166666666666,0.0,0.0
BUL,Bulk Jetty,Jan. 1,"2025, 8 a.m.",1-Jan-25   8 a.m.,5,Fair,Plenty of Snapper,2025,8 AM,Jan 1 2025 8 AM,2025-01-01 08:00:00,2025-01-01 08:00:00+08:00,2025-01-01 00:00:00+00:00,2025-01-01,00:00:00,60,2025-01-01,29.8475,23.68041666666667,2.634583333333333,178.26833333333332,2.3679166666666664,11.183750000000002,227.89666666666668,2.2470833333333333,11.599166666666669,229.1575,29.7125,34.96666666666667,0.0,24.13416666666667,1010.33875,3.2891666666666666,0.4066666666666667,29.8475,23.68041666666667,2.634583333333333,178.26833333333332,2.3679166666666664,11.183750000000002,227.89666666666668,2.2470833333333333,11.599166666666669,229.1575,29.7125,34.96666666666667,0.0,24.13416666666667,1010.33875,3.2891666666666666,0.4066666666666667,29.8475,23.68041666666667,2.634583333333333,178.26833333333332,2.3679166666666664,11.183750000000002,227.89666666666668,2.2470833333333333,11.599166666666669,229.1575,29.7125,34.96666666666667,0.0,24.13416666666667,1010.33875,3.2891666666666666,0.4066666666666667,0.0,0.0
AMJ,Ammo Jetty,Dec. 31,"2024, 10 a.m.",31-Dec-24   10 a.m.,4,Fair,Vis 2-5m with some improvement at the end. Lots of seahorses and occy,2024,10 AM,Dec 31 2024 10 AM,2024-12-31 10:00:00,2024-12-31 10:00:00+08:00,2024-12-31 02:00:00+00:00,2024-12-31,02:00:00,61,2024-12-31,28.625416666666663,23.58833333333333,4.745833333333334,137.46041666666667,2.225,7.6575,225.6654166666667,2.119166666666666,10.382916666666668,227.38791666666668,11.895833333333334,33.12083333333333,0.0,24.13416666666667,1011.7929166666668,9.954583333333334,0.3275,28.625416666666663,23.58833333333333,4.745833333333334,137.46041666666667,2.225,7.6575,225.6654166666667,2.119166666666666,10.382916666666668,227.38791666666668,11.895833333333334,33.12083333333333,0.0,24.13416666666667,1011.7929166666668,9.954583333333334,0.3275,28.625416666666663,23.58833333333333,4.745833333333334,137.46041666666667,2.225,7.6575,225.6654166666667,2.119166666666666,10.382916666666668,227.38791666666668,11.895833333333334,33.12083333333333,0.0,24.13416666666667,1011.7929166666668,9.954583333333334,0.3275,0.0,0.01
MET,Mettam’s Pool,Dec. 29,"2024, 10 a.m.",29-Dec-24   10 a.m.,5,Fair,"Very busy, got more silty as the morning progressed, and further south on the outside reef.",2024,10 AM,Dec 29 2024 10 AM,2024-12-29 10:00:00,2024-12-29 10:00:00+08:00,2024-12-29 02:00:00+00:00,2024-12-29,02:00:00,62,2024-12-29,25.425416666666667,23.071250000000003,3.108333333333333,164.92541666666668,1.99,5.835833333333333,216.39916666666667,1.367916666666667,10.110416666666667,225.85333333333327,57.18333333333334,32.225,0.01,23.911666666666665,1011.66875,5.863333333333333,0.2491666666666666,25.425416666666667,23.071250000000003,3.108333333333333,164.92541666666668,1.99,5.835833333333333,216.39916666666667,1.367916666666667,10.110416666666667,225.85333333333327,57.18333333333334,32.225,0.01,23.911666666666665,1011.66875,5.863333333333333,0.2491666666666666,25.425416666666667,23.071250000000003,3.108333333333333,164.92541666666668,1.99,5.835833333333333,216.39916666666667,1.367916666666667,10.110416666666667,225.85333333333327,57.18333333333334,32.225,0.01,23.911666666666665,1011.66875,5.863333333333333,0.2491666666666666,0.0,0.0
PRT,Port Beach,Dec. 23,"2024, 7 p.m.",23-Dec-24   7 p.m.,3,Fair,2-3m vis. Silty. 22deg,2024,7 PM,Dec 23 2024 7 PM,2024-12-23 19:00:00,2024-12-23 19:00:00+08:00,2024-12-23 11:00:00+00:00,2024-12-23,11:00:00,63,2024-12-23,22.895,24.81458333333333,8.747916666666667,176.18791666666667,2.0108333333333333,5.736666666666667,224.9,1.29,10.184583333333334,238.8070833333333,2.620833333333333,72.25,0.0,24.13875,1006.2216666666668,11.488333333333337,0.38,22.895,24.81458333333333,8.747916666666667,176.18791666666667,2.0108333333333333,5.736666666666667,224.9,1.29,10.184583333333334,238.8070833333333,2.620833333333333,72.25,0.0,24.13875,1006.2216666666668,11.488333333333337,0.38,22.895,24.81458333333333,8.747916666666667,176.18791666666667,2.0108333333333333,5.736666666666667,224.9,1.29,10.184583333333334,238.8070833333333,2.620833333333333,72.25,0.0,24.13875,1006.2216666666668,11.488333333333337,0.38,0.0,0.0
CMB,The Coombe & Mosman Bay,Dec. 22,"2024, 9 a.m.",22-Dec-24   9 a.m.,3,Windy,-,2024,9 AM,Dec 22 2024 9 AM,2024-12-22 09:00:00,2024-12-22 09:00:00+08:00,2024-12-22 01:00:00+00:00,2024-12-22,01:00:00,64,2024-12-22,33.56041666666667,24.71583333333333,4.676666666666667,99.69916666666668,1.71,6.16,227.25708333333333,1.4662499999999998,10.525833333333331,233.4975,13.95,18.9,0.0,24.138333333333332,1009.43125,9.495,0.2991666666666666,33.56041666666667,24.71583333333333,4.676666666666667,99.69916666666668,1.71,6.16,227.25708333333333,1.4662499999999998,10.525833333333331,233.4975,13.95,18.9,0.0,24.138333333333332,1009.43125,9.495,0.2991666666666666,33.56041666666667,24.71583333333333,4.676666666666667,99.69916666666668,1.71,6.16,227.25708333333333,1.4662499999999998,10.525833333333331,233.4975,13.95,18.9,0.0,24.138333333333332,1009.43125,9.495,0.2991666666666666,0.0,0.0
AMJ,Ammo Jetty,Dec. 22,"2024, 9 a.m.",22-Dec-24   9 a.m.,1,Fair,Pea soup. Not great vis but could tell lots of fish around if you could see them!,2024,9 AM,Dec 22 2024 9 AM,2024-12-22 09:00:00,2024-12-22 09:00:00+08:00,2024-12-22 01:00:00+00:00,2024-12-22,01:00:00,65,2024-12-22,33.56041666666667,24.71583333333333,4.676666666666667,99.69916666666668,1.71,6.16,227.25708333333333,1.4662499999999998,10.525833333333331,233.4975,13.95,18.9,0.0,24.138333333333332,1009.43125,9.495,0.2991666666666666,33.56041666666667,24.71583333333333,4.676666666666667,99.69916666666668,1.71,6.16,227.25708333333333,1.4662499999999998,10.525833333333331,233.4975,13.95,18.9,0.0,24.138333333333332,1009.43125,9.495,0.2991666666666666,33.56041666666667,24.71583333333333,4.676666666666667,99.69916666666668,1.71,6.16,227.25708333333333,1.4662499999999998,10.525833333333331,233.4975,13.95,18.9,0.0,24.138333333333332,1009.43125,9.495,0.2991666666666666,0.0,0.0
CAM,Camilla Wreck,Dec. 21,"2024, 8 a.m.",21-Dec-24   8 a.m.,6,Fair,Snorkelling WA Facebook group,2024,8 AM,Dec 21 2024 8 AM,2024-12-21 08:00:00,2024-12-21 08:00:00+08:00,2024-12-21 00:00:00+00:00,2024-12-21,00:00:00,66,2024-12-21,30.124166666666667,23.19875,5.9025,137.22833333333332,2.154166666666667,5.9925,221.58416666666668,1.5191666666666668,9.525833333333331,234.22375,4.3,26.429166666666664,0.0,24.13125,1011.6679166666668,11.387916666666667,0.2608333333333333,30.124166666666667,23.19875,5.9025,137.22833333333332,2.154166666666667,5.9925,221.58416666666668,1.5191666666666668,9.525833333333331,234.22375,4.3,26.429166666666664,0.0,24.13125,1011.6679166666668,11.387916666666667,0.2608333333333333,30.124166666666667,23.19875,5.9025,137.22833333333332,2.154166666666667,5.9925,221.58416666666668,1.5191666666666668,9.525833333333331,234.22375,4.3,26.429166666666664,0.0,24.13125,1011.6679166666668,11.387916666666667,0.2608333333333333,0.0,0.0
KGT,Kwinana Grain Terminal,Dec. 21,"2024, 8 a.m.",21-Dec-24   8 a.m.,3,Fair,Salmon were running,2024,8 AM,Dec 21 2024 8 AM,2024-12-21 08:00:00,2024-12-21 08:00:00+08:00,2024-12-21 00:00:00+00:00,2024-12-21,00:00:00,67,2024-12-21,22.99083333333333,23.19875,8.616666666666665,160.13291666666666,1.7300000000000002,5.742083333333333,225.5354166666667,1.23625,9.517083333333334,237.65041666666664,13.608333333333334,62.325,0.0,24.13125,1012.9304166666668,12.4175,0.2608333333333333,22.99083333333333,23.19875,8.616666666666665,160.13291666666666,1.7300000000000002,5.742083333333333,225.5354166666667,1.23625,9.517083333333334,237.65041666666664,13.608333333333334,62.325,0.0,24.13125,1012.9304166666668,12.4175,0.2608333333333333,22.99083333333333,23.19875,8.616666666666665,160.13291666666666,1.7300000000000002,5.742083333333333,225.5354166666667,1.23625,9.517083333333334,237.65041666666664,13.608333333333334,62.325,0.0,24.13125,1012.9304166666668,12.4175,0.2608333333333333,0.0,0.0
SCR,South Cottesloe Reef,Dec. 21,"2024, 7 a.m.",21-Dec-24   7 a.m.,2,Fair,"vis 1-2m,",2024,7 AM,Dec 21 2024 7 AM,2024-12-21 07:00:00,2024-12-21 07:00:00+08:00,2024-12-20 23:00:00+00:00,2024-12-20,23:00:00,68,2024-12-20,21.97833333333333,24.23125,8.571666666666667,168.5825,2.3991666666666664,7.211666666666667,227.44333333333336,2.1629166666666664,10.45,232.0545833333333,0.0,67.14166666666667,0.0,24.131666666666664,1013.4533333333334,11.145,0.2341666666666666,21.97833333333333,24.23125,8.571666666666667,168.5825,2.3991666666666664,7.211666666666667,227.44333333333336,2.1629166666666664,10.45,232.0545833333333,0.0,67.14166666666667,0.0,24.131666666666664,1013.4533333333334,11.145,0.2341666666666666,21.97833333333333,24.23125,8.571666666666667,168.5825,2.3991666666666664,7.211666666666667,227.44333333333336,2.1629166666666664,10.45,232.0545833333333,0.0,67.14166666666667,0.0,24.131666666666664,1013.4533333333334,11.145,0.2341666666666666,0.0,0.0
RNN,Rottnest North,Dec. 14,"2024, 1 p.m.",14-Dec-24   1 p.m.,8,Fair,Fayes Bay,2024,1 PM,Dec 14 2024 1 PM,2024-12-14 13:00:00,2024-12-14 13:00:00+08:00,2024-12-14 05:00:00+00:00,2024-12-14,05:00:00,69,2024-12-14,19.890833333333333,22.110416666666666,5.584166666666667,227.35833333333332,1.2704166666666667,5.452916666666667,242.15416666666667,1.0733333333333337,10.202916666666669,245.73291666666668,8.299999999999999,79.50833333333334,0.08,24.135416666666668,1006.61875,6.1000000000000005,0.4820833333333333,19.890833333333333,22.110416666666666,5.584166666666667,227.35833333333332,1.2704166666666667,5.452916666666667,242.15416666666667,1.0733333333333337,10.202916666666669,245.73291666666668,8.299999999999999,79.50833333333334,0.08,24.135416666666668,1006.61875,6.1000000000000005,0.4820833333333333,19.890833333333333,22.110416666666666,5.584166666666667,227.35833333333332,1.2704166666666667,5.452916666666667,242.15416666666667,1.0733333333333337,10.202916666666669,245.73291666666668,8.299999999999999,79.50833333333334,0.08,24.135416666666668,1006.61875,6.1000000000000005,0.4820833333333333,0.0,0.04
RKM,Rockingham Dive Trail,Dec. 14,"2024, 11 a.m.",14-Dec-24   11 a.m.,3,Fair,"OW Course, so vis was terrible. 0.5 to about 3m, on close wrecks. Decent current, especially PM",2024,11 AM,Dec 14 2024 11 AM,2024-12-14 11:00:00,2024-12-14 11:00:00+08:00,2024-12-14 03:00:00+00:00,2024-12-14,03:00:00,70,2024-12-14,19.6525,24.261666666666667,5.52875,234.64125,1.1045833333333337,5.218333333333333,246.43666666666664,0.9141666666666668,10.194583333333332,248.44916666666663,19.0875,78.79166666666667,0.15,24.135416666666668,1006.4404166666668,6.0754166666666665,0.49,19.6525,24.261666666666667,5.52875,234.64125,1.1045833333333337,5.218333333333333,246.43666666666664,0.9141666666666668,10.194583333333332,248.44916666666663,19.0875,78.79166666666667,0.15,24.135416666666668,1006.4404166666668,6.0754166666666665,0.49,19.6525,24.261666666666667,5.52875,234.64125,1.1045833333333337,5.218333333333333,246.43666666666664,0.9141666666666668,10.194583333333332,248.44916666666663,19.0875,78.79166666666667,0.15,24.135416666666668,1006.4404166666668,6.0754166666666665,0.49,0.0,0.0
MET,Mettam’s Pool,Dec. 13,"2024, 9 a.m.",13-Dec-24   9 a.m.,6,Fair,"Vis quite good on the outside of the reef, churned up more on the inside",2024,9 AM,Dec 13 2024 9 AM,2024-12-13 09:00:00,2024-12-13 09:00:00+08:00,2024-12-13 01:00:00+00:00,2024-12-13,01:00:00,71,2024-12-13,26.1525,23.74291666666667,2.7570833333333336,249.86125,1.26,5.470416666666666,236.98375,0.8983333333333333,9.457916666666668,237.90125,51.16666666666666,54.0,1.51,23.856666666666666,1003.6941666666668,3.814583333333333,0.4666666666666666,26.1525,23.74291666666667,2.7570833333333336,249.86125,1.26,5.470416666666666,236.98375,0.8983333333333333,9.457916666666668,237.90125,51.16666666666666,54.0,1.51,23.856666666666666,1003.6941666666668,3.814583333333333,0.4666666666666666,26.1525,23.74291666666667,2.7570833333333336,249.86125,1.26,5.470416666666666,236.98375,0.8983333333333333,9.457916666666668,237.90125,51.16666666666666,54.0,1.51,23.856666666666666,1003.6941666666668,3.814583333333333,0.4666666666666666,0.51,0.51
RKM,Rockingham Dive Trail,Dec. 12,"2024, 2 p.m.",12-Dec-24   2 p.m.,4,Fair,"Vis varied from 1m to 4m, only did close wrecks.",2024,2 PM,Dec 12 2024 2 PM,2024-12-12 14:00:00,2024-12-12 14:00:00+08:00,2024-12-12 06:00:00+00:00,2024-12-12,06:00:00,72,2024-12-12,21.975,23.74833333333333,5.97625,154.70083333333332,1.12625,5.22875,228.96125,0.9866666666666668,8.817916666666667,232.0183333333333,3.3166666666666664,81.49166666666666,0.0,24.13583333333333,1004.5145833333332,7.997083333333333,0.4004166666666666,21.975,23.74833333333333,5.97625,154.70083333333332,1.12625,5.22875,228.96125,0.9866666666666668,8.817916666666667,232.0183333333333,3.3166666666666664,81.49166666666666,0.0,24.13583333333333,1004.5145833333332,7.997083333333333,0.4004166666666666,21.975,23.74833333333333,5.97625,154.70083333333332,1.12625,5.22875,228.96125,0.9866666666666668,8.817916666666667,232.0183333333333,3.3166666666666664,81.49166666666666,0.0,24.13583333333333,1004.5145833333332,7.997083333333333,0.4004166666666666,0.0,0.0
MET,Mettam’s Pool,Dec. 12,"2024, 8 a.m.",12-Dec-24   8 a.m.,4,Fair,-,2024,8 AM,Dec 12 2024 8 AM,2024-12-12 08:00:00,2024-12-12 08:00:00+08:00,2024-12-12 00:00:00+00:00,2024-12-12,00:00:00,73,2024-12-12,31.19083333333333,23.620833333333334,2.779583333333333,158.55291666666668,1.3949999999999998,5.675833333333333,226.16666666666663,1.21,8.735,229.22083333333333,9.445833333333333,34.44166666666667,0.14,24.13583333333333,1004.1866666666666,3.7458333333333336,0.4095833333333333,31.19083333333333,23.620833333333334,2.779583333333333,158.55291666666668,1.3949999999999998,5.675833333333333,226.16666666666663,1.21,8.735,229.22083333333333,9.445833333333333,34.44166666666667,0.14,24.13583333333333,1004.1866666666666,3.7458333333333336,0.4095833333333333,31.19083333333333,23.620833333333334,2.779583333333333,158.55291666666668,1.3949999999999998,5.675833333333333,226.16666666666663,1.21,8.735,229.22083333333333,9.445833333333333,34.44166666666667,0.14,24.13583333333333,1004.1866666666666,3.7458333333333336,0.4095833333333333,0.0,0.0
RNN,Rottnest North,Dec. 8,"2024, 9 a.m.",8-Dec-24   9 a.m.,15,Fair,Opera House,2024,9 AM,Dec 8 2024 9 AM,2024-12-08 09:00:00,2024-12-08 09:00:00+08:00,2024-12-08 01:00:00+00:00,2024-12-08,01:00:00,74,2024-12-08,20.68166666666667,20.505,10.746666666666668,180.23416666666665,1.975833333333333,5.235416666666667,213.17541666666668,1.225833333333333,8.515833333333333,227.65291666666667,0.0,75.04583333333333,0.0,24.135,1008.9833333333332,13.952916666666669,0.19625,20.68166666666667,20.505,10.746666666666668,180.23416666666665,1.975833333333333,5.235416666666667,213.17541666666668,1.225833333333333,8.515833333333333,227.65291666666667,0.0,75.04583333333333,0.0,24.135,1008.9833333333332,13.952916666666669,0.19625,20.68166666666667,20.505,10.746666666666668,180.23416666666665,1.975833333333333,5.235416666666667,213.17541666666668,1.225833333333333,8.515833333333333,227.65291666666667,0.0,75.04583333333333,0.0,24.135,1008.9833333333332,13.952916666666669,0.19625,1.21,1.21
BUL,Bulk Jetty,Dec. 8,"2024, 8 a.m.",8-Dec-24   8 a.m.,4,Fair,Viz improved at end of jetty,2024,8 AM,Dec 8 2024 8 AM,2024-12-08 08:00:00,2024-12-08 08:00:00+08:00,2024-12-08 00:00:00+00:00,2024-12-08,00:00:00,75,2024-12-08,26.885416666666668,21.669166666666666,4.2475,149.73791666666668,1.975833333333333,5.235416666666667,213.17541666666668,1.225833333333333,8.515833333333333,227.65291666666667,0.5416666666666666,43.07916666666667,0.04,24.135,1008.28625,8.373333333333333,0.17875,26.885416666666668,21.669166666666666,4.2475,149.73791666666668,1.975833333333333,5.235416666666667,213.17541666666668,1.225833333333333,8.515833333333333,227.65291666666667,0.5416666666666666,43.07916666666667,0.04,24.135,1008.28625,8.373333333333333,0.17875,26.885416666666668,21.669166666666666,4.2475,149.73791666666668,1.975833333333333,5.235416666666667,213.17541666666668,1.225833333333333,8.515833333333333,227.65291666666667,0.5416666666666666,43.07916666666667,0.04,24.135,1008.28625,8.373333333333333,0.17875,0.3299999999999999,0.33
AMJ,Ammo Jetty,Dec. 4,"2024, 7 p.m.",4-Dec-24   7 p.m.,3,Fair,Patchy vis between 1 and 5m. Port Jackson Central tonight,2024,7 PM,Dec 4 2024 7 PM,2024-12-04 19:00:00,2024-12-04 19:00:00+08:00,2024-12-04 11:00:00+00:00,2024-12-04,11:00:00,76,2024-12-04,18.61375,21.487916666666667,3.742083333333333,202.06375,2.0116666666666667,6.359166666666667,239.5954166666667,1.9108333333333332,8.145,242.93833333333336,19.54583333333333,60.60416666666666,0.27,24.1375,1011.39125,5.9625,0.3279166666666667,18.61375,21.487916666666667,3.742083333333333,202.06375,2.0116666666666667,6.359166666666667,239.5954166666667,1.9108333333333332,8.145,242.93833333333336,19.54583333333333,60.60416666666666,0.27,24.1375,1011.39125,5.9625,0.3279166666666667,18.61375,21.487916666666667,3.742083333333333,202.06375,2.0116666666666667,6.359166666666667,239.5954166666667,1.9108333333333332,8.145,242.93833333333336,19.54583333333333,60.60416666666666,0.27,24.1375,1011.39125,5.9625,0.3279166666666667,0.3999999999999999,0.57
ROB,Robbs Jetty,Dec. 1,"2024, 8 a.m.",1-Dec-24   8 a.m.,8,Fair,Low viz @ 3 meters depth,2024,8 AM,Dec 1 2024 8 AM,2024-12-01 08:00:00,2024-12-01 08:00:00+08:00,2024-12-01 00:00:00+00:00,2024-12-01,00:00:00,77,2024-12-01,18.4175,21.6375,5.257083333333333,259.91041666666666,2.23375,6.513750000000001,238.77083333333331,1.9595833333333332,10.375416666666666,237.8733333333333,68.52499999999999,61.98333333333333,1.92,22.354166666666668,1003.6558333333334,8.115833333333333,0.3845833333333333,18.4175,21.6375,5.257083333333333,259.91041666666666,2.23375,6.513750000000001,238.77083333333331,1.9595833333333332,10.375416666666666,237.8733333333333,68.52499999999999,61.98333333333333,1.92,22.354166666666668,1003.6558333333334,8.115833333333333,0.3845833333333333,18.4175,21.6375,5.257083333333333,259.91041666666666,2.23375,6.513750000000001,238.77083333333331,1.9595833333333332,10.375416666666666,237.8733333333333,68.52499999999999,61.98333333333333,1.92,22.354166666666668,1003.6558333333334,8.115833333333333,0.3845833333333333,0.09,0.09
SWA,Ex-HMAS Swan Wreck,Nov. 23,"2024, 8 a.m.",23-Nov-24   8 a.m.,15,Fair,Tech divers,2024,8 AM,Nov 23 2024 8 AM,2024-11-23 08:00:00,2024-11-23 08:00:00+08:00,2024-11-23 00:00:00+00:00,2024-11-23,00:00:00,78,2024-11-23,16.52125,19.159166666666668,6.704583333333333,146.785,1.669166666666667,6.630416666666666,232.95,1.5370833333333334,9.514583333333333,238.25291666666664,0.325,71.95833333333333,0.0,24.131666666666664,1018.4425,7.607916666666667,0.2608333333333333,16.52125,19.159166666666668,6.704583333333333,146.785,1.669166666666667,6.630416666666666,232.95,1.5370833333333334,9.514583333333333,238.25291666666664,0.325,71.95833333333333,0.0,24.131666666666664,1018.4425,7.607916666666667,0.2608333333333333,16.52125,19.159166666666668,6.704583333333333,146.785,1.669166666666667,6.630416666666666,232.95,1.5370833333333334,9.514583333333333,238.25291666666664,0.325,71.95833333333333,0.0,24.131666666666664,1018.4425,7.607916666666667,0.2608333333333333,0.06,0.98
BWR,Blackwall Reach,Nov. 21,"2024, 9 a.m.",21-Nov-24   9 a.m.,8,Fair,Best I've ever seen it. Near bottom on incoming tide,2024,9 AM,Nov 21 2024 9 AM,2024-11-21 09:00:00,2024-11-21 09:00:00+08:00,2024-11-21 01:00:00+00:00,2024-11-21,01:00:00,79,2024-11-21,17.387916666666666,19.91541666666667,3.960833333333333,205.65875000000003,1.7300000000000002,13.79375,256.94416666666666,0.93875,13.79375,256.1829166666667,58.958333333333336,68.625,0.78,24.13458333333333,1011.7075,6.546250000000001,0.3575,17.387916666666666,19.91541666666667,3.960833333333333,205.65875000000003,1.7300000000000002,13.79375,256.94416666666666,0.93875,13.79375,256.1829166666667,58.958333333333336,68.625,0.78,24.13458333333333,1011.7075,6.546250000000001,0.3575,17.387916666666666,19.91541666666667,3.960833333333333,205.65875000000003,1.7300000000000002,13.79375,256.94416666666666,0.93875,13.79375,256.1829166666667,58.958333333333336,68.625,0.78,24.13458333333333,1011.7075,6.546250000000001,0.3575,1.9,29.28
RKM,Rockingham Dive Trail,Nov. 17,"2024, 8 a.m.",17-Nov-24   8 a.m.,2,Glassy,Palm Beach Jetty. Murky even without silt.,2024,8 AM,Nov 17 2024 8 AM,2024-11-17 08:00:00,2024-11-17 08:00:00+08:00,2024-11-17 00:00:00+00:00,2024-11-17,00:00:00,80,2024-11-17,18.06458333333333,19.26458333333333,8.878333333333332,145.99041666666668,1.4595833333333337,11.780833333333334,243.71541666666667,0.9195833333333332,14.04375,237.24125,3.458333333333333,60.2625,0.0,24.135416666666668,1016.2266666666666,11.799166666666666,0.1904166666666666,18.06458333333333,19.26458333333333,8.878333333333332,145.99041666666668,1.4595833333333337,11.780833333333334,243.71541666666667,0.9195833333333332,14.04375,237.24125,3.458333333333333,60.2625,0.0,24.135416666666668,1016.2266666666666,11.799166666666666,0.1904166666666666,18.06458333333333,19.26458333333333,8.878333333333332,145.99041666666668,1.4595833333333337,11.780833333333334,243.71541666666667,0.9195833333333332,14.04375,237.24125,3.458333333333333,60.2625,0.0,24.135416666666668,1016.2266666666666,11.799166666666666,0.1904166666666666,0.0,0.0
RKM,Rockingham Dive Trail,Nov. 17,"2024, 7 a.m.",17-Nov-24   7 a.m.,4,Fair,Worse at the deep wreck,2024,7 AM,Nov 17 2024 7 AM,2024-11-17 07:00:00,2024-11-17 07:00:00+08:00,2024-11-16 23:00:00+00:00,2024-11-16,23:00:00,81,2024-11-16,15.5825,19.291666666666668,10.70375,162.5375,1.9366666666666668,9.697083333333332,232.40875,0.8491666666666666,12.758333333333333,243.6654166666667,0.0,63.15833333333333,0.0,24.135,1018.8441666666666,12.129166666666668,0.1841666666666666,15.5825,19.291666666666668,10.70375,162.5375,1.9366666666666668,9.697083333333332,232.40875,0.8491666666666666,12.758333333333333,243.6654166666667,0.0,63.15833333333333,0.0,24.135,1018.8441666666666,12.129166666666668,0.1841666666666666,15.5825,19.291666666666668,10.70375,162.5375,1.9366666666666668,9.697083333333332,232.40875,0.8491666666666666,12.758333333333333,243.6654166666667,0.0,63.15833333333333,0.0,24.135,1018.8441666666666,12.129166666666668,0.1841666666666666,0.0,0.0
BWR,Blackwall Reach,Nov. 16,"2024, 8 a.m.",16-Nov-24   8 a.m.,4,Fair,Strong current,2024,8 AM,Nov 16 2024 8 AM,2024-11-16 08:00:00,2024-11-16 08:00:00+08:00,2024-11-16 00:00:00+00:00,2024-11-16,00:00:00,82,2024-11-16,17.479583333333334,19.28708333333333,4.7820833333333335,148.7204166666667,1.7929166666666667,9.302083333333334,241.06500000000003,1.0075,12.104583333333332,245.7675,0.0,38.17916666666667,0.0,24.135,1017.5041666666666,9.234583333333331,0.18125,17.479583333333334,19.28708333333333,4.7820833333333335,148.7204166666667,1.7929166666666667,9.302083333333334,241.06500000000003,1.0075,12.104583333333332,245.7675,0.0,38.17916666666667,0.0,24.135,1017.5041666666666,9.234583333333331,0.18125,17.479583333333334,19.28708333333333,4.7820833333333335,148.7204166666667,1.7929166666666667,9.302083333333334,241.06500000000003,1.0075,12.104583333333332,245.7675,0.0,38.17916666666667,0.0,24.135,1017.5041666666666,9.234583333333331,0.18125,0.0,0.0
RNN,Rottnest North,Nov. 13,"2024, 10 a.m.",13-Nov-24   10 a.m.,25,Fair,City of York wreck,2024,10 AM,Nov 13 2024 10 AM,2024-11-13 10:00:00,2024-11-13 10:00:00+08:00,2024-11-13 02:00:00+00:00,2024-11-13,02:00:00,83,2024-11-13,18.97,19.51125,8.31625,178.94125,1.6154166666666667,12.308750000000002,251.41166666666663,1.1191666666666666,12.308750000000002,249.31708333333333,54.35,77.05833333333334,0.0,24.13458333333333,1013.9820833333332,10.444583333333334,0.1645833333333333,18.97,19.51125,8.31625,178.94125,1.6154166666666667,12.308750000000002,251.41166666666663,1.1191666666666666,12.308750000000002,249.31708333333333,54.35,77.05833333333334,0.0,24.13458333333333,1013.9820833333332,10.444583333333334,0.1645833333333333,18.97,19.51125,8.31625,178.94125,1.6154166666666667,12.308750000000002,251.41166666666663,1.1191666666666666,12.308750000000002,249.31708333333333,54.35,77.05833333333334,0.0,24.13458333333333,1013.9820833333332,10.444583333333334,0.1645833333333333,0.0,0.09
RKM,Rockingham Dive Trail,Nov. 10,"2024, 8 a.m.",10-Nov-24   8 a.m.,5,Fair,Observed by tech divers,2024,8 AM,Nov 10 2024 8 AM,2024-11-10 08:00:00,2024-11-10 08:00:00+08:00,2024-11-10 00:00:00+00:00,2024-11-10,00:00:00,84,2024-11-10,16.28,19.19375,7.937083333333334,179.23375,1.471666666666667,12.37375,249.1925,1.0329166666666667,12.19,241.3408333333333,0.6,72.05416666666666,0.0,24.13625,1019.8395833333334,7.920833333333333,0.17,16.28,19.19375,7.937083333333334,179.23375,1.471666666666667,12.37375,249.1925,1.0329166666666667,12.19,241.3408333333333,0.6,72.05416666666666,0.0,24.13625,1019.8395833333334,7.920833333333333,0.17,16.28,19.19375,7.937083333333334,179.23375,1.471666666666667,12.37375,249.1925,1.0329166666666667,12.19,241.3408333333333,0.6,72.05416666666666,0.0,24.13625,1019.8395833333334,7.920833333333333,0.17,0.0,1.58
RKM,Rockingham Dive Trail,Oct. 31,"2024, noon",31-Oct-24   12 p.m.,5,Fair,-,2024,12 PM,Oct 31 2024 12 PM,2024-10-31 12:00:00,2024-10-31 12:00:00+08:00,2024-10-31 04:00:00+00:00,2024-10-31,04:00:00,85,2024-10-31,19.11625,18.90625,5.23375,187.44625,1.215,11.824583333333337,255.0795833333333,1.13375,11.824583333333337,247.39,60.725,73.80833333333334,0.0,24.133750000000003,1014.48125,6.35125,0.2325,19.11625,18.90625,5.23375,187.44625,1.215,11.824583333333337,255.0795833333333,1.13375,11.824583333333337,247.39,60.725,73.80833333333334,0.0,24.133750000000003,1014.48125,6.35125,0.2325,19.11625,18.90625,5.23375,187.44625,1.215,11.824583333333337,255.0795833333333,1.13375,11.824583333333337,247.39,60.725,73.80833333333334,0.0,24.133750000000003,1014.48125,6.35125,0.2325,0.0,0.0
FRE,South Fremantle,Oct. 31,"2024, 8 a.m.",31-Oct-24   8 a.m.,5,Fair,"Bathers beach, worse towards south end",2024,8 AM,Oct 31 2024 8 AM,2024-10-31 08:00:00,2024-10-31 08:00:00+08:00,2024-10-31 00:00:00+00:00,2024-10-31,00:00:00,86,2024-10-31,19.645,19.201666666666668,5.591666666666666,176.3345833333333,1.1404166666666666,11.86,258.9125,1.0658333333333332,11.86,250.78375000000003,49.40833333333333,74.03333333333333,0.0,24.133750000000003,1014.1066666666668,7.0425,0.2358333333333333,19.645,19.201666666666668,5.591666666666666,176.3345833333333,1.1404166666666666,11.86,258.9125,1.0658333333333332,11.86,250.78375000000003,49.40833333333333,74.03333333333333,0.0,24.133750000000003,1014.1066666666668,7.0425,0.2358333333333333,19.645,19.201666666666668,5.591666666666666,176.3345833333333,1.1404166666666666,11.86,258.9125,1.0658333333333332,11.86,250.78375000000003,49.40833333333333,74.03333333333333,0.0,24.133750000000003,1014.1066666666668,7.0425,0.2358333333333333,0.0,0.0
CMT,Coogee Maritime Trail,Oct. 29,"2024, 9 a.m.",29-Oct-24   9 a.m.,10,Fair,"Big cobbler under the wreck, could see the bottom from the end of the rock wall",2024,9 AM,Oct 29 2024 9 AM,2024-10-29 09:00:00,2024-10-29 09:00:00+08:00,2024-10-29 01:00:00+00:00,2024-10-29,01:00:00,87,2024-10-29,24.605,18.825,3.5387500000000003,161.21541666666667,1.919166666666667,14.475833333333334,256.4058333333333,1.5579166666666666,14.454583333333334,250.6483333333333,5.429166666666667,38.016666666666666,0.0,24.133333333333336,1017.8891666666668,6.619166666666668,0.1583333333333333,24.605,18.825,3.5387500000000003,161.21541666666667,1.919166666666667,14.475833333333334,256.4058333333333,1.5579166666666666,14.454583333333334,250.6483333333333,5.429166666666667,38.016666666666666,0.0,24.133333333333336,1017.8891666666668,6.619166666666668,0.1583333333333333,24.605,18.825,3.5387500000000003,161.21541666666667,1.919166666666667,14.475833333333334,256.4058333333333,1.5579166666666666,14.454583333333334,250.6483333333333,5.429166666666667,38.016666666666666,0.0,24.133333333333336,1017.8891666666668,6.619166666666668,0.1583333333333333,0.0,0.0
RKM,Rockingham Dive Trail,Oct. 27,"2024, 11 a.m.",27-Oct-24   11 a.m.,4,Fair,-,2024,11 AM,Oct 27 2024 11 AM,2024-10-27 11:00:00,2024-10-27 11:00:00+08:00,2024-10-27 03:00:00+00:00,2024-10-27,03:00:00,88,2024-10-27,17.134583333333335,18.464583333333334,7.333333333333333,162.08541666666667,1.7916666666666667,12.7175,251.14583333333331,1.5533333333333337,12.7175,243.6383333333333,0.0,68.90416666666667,0.0,24.13458333333333,1021.8195833333332,8.991666666666667,0.08125,17.134583333333335,18.464583333333334,7.333333333333333,162.08541666666667,1.7916666666666667,12.7175,251.14583333333331,1.5533333333333337,12.7175,243.6383333333333,0.0,68.90416666666667,0.0,24.13458333333333,1021.8195833333332,8.991666666666667,0.08125,17.134583333333335,18.464583333333334,7.333333333333333,162.08541666666667,1.7916666666666667,12.7175,251.14583333333331,1.5533333333333337,12.7175,243.6383333333333,0.0,68.90416666666667,0.0,24.13458333333333,1021.8195833333332,8.991666666666667,0.08125,0.0,0.0
CMB,The Coombe & Mosman Bay,Oct. 26,"2024, 11 a.m.",26-Oct-24   11 a.m.,1,Fair,"Coombe Deep, a bit better in Mosman Bay",2024,11 AM,Oct 26 2024 11 AM,2024-10-26 11:00:00,2024-10-26 11:00:00+08:00,2024-10-26 03:00:00+00:00,2024-10-26,03:00:00,89,2024-10-26,17.273333333333333,18.734583333333333,4.199166666666667,167.11666666666667,1.9258333333333333,12.86875,255.25041666666667,1.5120833333333332,12.545,249.34458333333336,0.0,52.00833333333333,0.0,24.136666666666667,1021.2366666666668,7.978750000000001,0.07875,17.273333333333333,18.734583333333333,4.199166666666667,167.11666666666667,1.9258333333333333,12.86875,255.25041666666667,1.5120833333333332,12.545,249.34458333333336,0.0,52.00833333333333,0.0,24.136666666666667,1021.2366666666668,7.978750000000001,0.07875,17.273333333333333,18.734583333333333,4.199166666666667,167.11666666666667,1.9258333333333333,12.86875,255.25041666666667,1.5120833333333332,12.545,249.34458333333336,0.0,52.00833333333333,0.0,24.136666666666667,1021.2366666666668,7.978750000000001,0.07875,0.0,0.0
FRE,South Fremantle,Oct. 25,"2024, 9 a.m.",25-Oct-24   9 a.m.,5,Windy,Bather's beach,2024,9 AM,Oct 25 2024 9 AM,2024-10-25 09:00:00,2024-10-25 09:00:00+08:00,2024-10-25 01:00:00+00:00,2024-10-25,01:00:00,90,2024-10-25,16.7575,18.91958333333333,10.474583333333332,182.91875,1.8358333333333332,11.351666666666668,256.16791666666666,0.9108333333333332,13.111666666666666,252.54583333333332,18.666666666666668,73.91250000000001,0.0,24.135416666666668,1017.6333333333332,11.003333333333332,0.1041666666666666,16.7575,18.91958333333333,10.474583333333332,182.91875,1.8358333333333332,11.351666666666668,256.16791666666666,0.9108333333333332,13.111666666666666,252.54583333333332,18.666666666666668,73.91250000000001,0.0,24.135416666666668,1017.6333333333332,11.003333333333332,0.1041666666666666,16.7575,18.91958333333333,10.474583333333332,182.91875,1.8358333333333332,11.351666666666668,256.16791666666666,0.9108333333333332,13.111666666666666,252.54583333333332,18.666666666666668,73.91250000000001,0.0,24.135416666666668,1017.6333333333332,11.003333333333332,0.1041666666666666,0.0,0.0
CMB,The Coombe & Mosman Bay,Oct. 18,"2024, 10 a.m.",18-Oct-24   10 a.m.,4,Fair,Worse deeper,2024,10 AM,Oct 18 2024 10 AM,2024-10-18 10:00:00,2024-10-18 10:00:00+08:00,2024-10-18 02:00:00+00:00,2024-10-18,02:00:00,91,2024-10-18,18.02958333333333,19.102083333333333,2.9729166666666664,249.57375,1.7533333333333332,11.577083333333334,258.9166666666667,1.7533333333333332,11.577083333333334,261.4791666666667,85.02916666666667,65.03750000000001,0.0,24.1325,1016.3204166666666,4.340833333333333,0.2566666666666666,18.02958333333333,19.102083333333333,2.9729166666666664,249.57375,1.7533333333333332,11.577083333333334,258.9166666666667,1.7533333333333332,11.577083333333334,261.4791666666667,85.02916666666667,65.03750000000001,0.0,24.1325,1016.3204166666666,4.340833333333333,0.2566666666666666,18.02958333333333,19.102083333333333,2.9729166666666664,249.57375,1.7533333333333332,11.577083333333334,258.9166666666667,1.7533333333333332,11.577083333333334,261.4791666666667,85.02916666666667,65.03750000000001,0.0,24.1325,1016.3204166666666,4.340833333333333,0.2566666666666666,0.04,3.27
BSJ,Busselton Jetty,Oct. 13,"2024, 11 a.m.",13-Oct-24   11 a.m.,25,Glassy,Exceptional Dive. Amazing Vis,2024,11 AM,Oct 13 2024 11 AM,2024-10-13 11:00:00,2024-10-13 11:00:00+08:00,2024-10-13 03:00:00+00:00,2024-10-13,03:00:00,92,2024-10-13,15.790833333333332,18.59208333333333,3.356666666666667,177.60708333333332,1.8441666666666665,8.50625,239.39791666666667,1.7979166666666666,9.599166666666669,238.89083333333332,7.475,79.90416666666667,0.09,24.137083333333333,1014.4741666666667,3.9391666666666665,0.2958333333333333,15.790833333333332,18.59208333333333,3.356666666666667,177.60708333333332,1.8441666666666665,8.50625,239.39791666666667,1.7979166666666666,9.599166666666669,238.89083333333332,7.475,79.90416666666667,0.09,24.137083333333333,1014.4741666666667,3.9391666666666665,0.2958333333333333,15.790833333333332,18.59208333333333,3.356666666666667,177.60708333333332,1.8441666666666665,8.50625,239.39791666666667,1.7979166666666666,9.599166666666669,238.89083333333332,7.475,79.90416666666667,0.09,24.137083333333333,1014.4741666666667,3.9391666666666665,0.2958333333333333,0.0,0.0
RNN,Rottnest North,Oct. 13,"2024, 10 a.m.",13-Oct-24   10 a.m.,15,Fair,Swirl Reef,2024,10 AM,Oct 13 2024 10 AM,2024-10-13 10:00:00,2024-10-13 10:00:00+08:00,2024-10-13 02:00:00+00:00,2024-10-13,02:00:00,93,2024-10-13,17.867083333333333,19.35833333333333,4.270416666666667,227.21375,1.42125,13.078333333333331,254.92083333333332,1.336666666666667,12.343333333333334,250.9575,35.825,75.10000000000001,0.01,24.137083333333333,1014.6225,4.2941666666666665,0.3075,17.867083333333333,19.35833333333333,4.270416666666667,227.21375,1.42125,13.078333333333331,254.92083333333332,1.336666666666667,12.343333333333334,250.9575,35.825,75.10000000000001,0.01,24.137083333333333,1014.6225,4.2941666666666665,0.3075,17.867083333333333,19.35833333333333,4.270416666666667,227.21375,1.42125,13.078333333333331,254.92083333333332,1.336666666666667,12.343333333333334,250.9575,35.825,75.10000000000001,0.01,24.137083333333333,1014.6225,4.2941666666666665,0.3075,0.0,0.0
BSJ,Busselton Jetty,Oct. 12,"2024, 7 p.m.",12-Oct-24   7 p.m.,20,Glassy,Night dive great conditions.,2024,7 PM,Oct 12 2024 7 PM,2024-10-12 19:00:00,2024-10-12 19:00:00+08:00,2024-10-12 11:00:00+00:00,2024-10-12,11:00:00,94,2024-10-12,15.947083333333332,18.496666666666663,5.227916666666666,173.535,2.0875,7.3066666666666675,234.4704166666667,1.9295833333333332,9.89375,239.13916666666668,4.745833333333334,72.58333333333333,0.0,24.13583333333333,1017.4208333333332,7.287083333333332,0.24,15.947083333333332,18.496666666666663,5.227916666666666,173.535,2.0875,7.3066666666666675,234.4704166666667,1.9295833333333332,9.89375,239.13916666666668,4.745833333333334,72.58333333333333,0.0,24.13583333333333,1017.4208333333332,7.287083333333332,0.24,15.947083333333332,18.496666666666663,5.227916666666666,173.535,2.0875,7.3066666666666675,234.4704166666667,1.9295833333333332,9.89375,239.13916666666668,4.745833333333334,72.58333333333333,0.0,24.13583333333333,1017.4208333333332,7.287083333333332,0.24,0.0,0.0
CAN,Canal Rocks,Oct. 12,"2024, 11 a.m.",12-Oct-24   11 a.m.,15,Fair,1.1m swell. Vis better near boat ramp than in the channel,2024,11 AM,Oct 12 2024 11 AM,2024-10-12 11:00:00,2024-10-12 11:00:00+08:00,2024-10-12 03:00:00+00:00,2024-10-12,03:00:00,95,2024-10-12,15.724583333333332,18.877916666666668,8.159583333333332,161.05541666666667,2.0875,7.3066666666666675,234.4704166666667,1.9295833333333332,9.89375,239.13916666666668,2.4916666666666667,75.9375,0.0,24.13583333333333,1017.9616666666668,8.733333333333333,0.24125,15.724583333333332,18.877916666666668,8.159583333333332,161.05541666666667,2.0875,7.3066666666666675,234.4704166666667,1.9295833333333332,9.89375,239.13916666666668,2.4916666666666667,75.9375,0.0,24.13583333333333,1017.9616666666668,8.733333333333333,0.24125,15.724583333333332,18.877916666666668,8.159583333333332,161.05541666666667,2.0875,7.3066666666666675,234.4704166666667,1.9295833333333332,9.89375,239.13916666666668,2.4916666666666667,75.9375,0.0,24.13583333333333,1017.9616666666668,8.733333333333333,0.24125,0.0,0.0
SCR,South Cottesloe Reef,Oct. 8,"2024, 7 a.m.",8-Oct-24   7 a.m.,1,Fair,"Fair conditions, very seaweedy, not great vis.",2024,7 AM,Oct 8 2024 7 AM,2024-10-08 07:00:00,2024-10-08 07:00:00+08:00,2024-10-07 23:00:00+00:00,2024-10-07,23:00:00,96,2024-10-07,17.157083333333333,19.250416666666663,4.942916666666666,182.09666666666664,1.4579166666666667,14.371250000000002,258.4995833333333,1.3445833333333337,13.122083333333334,254.1,8.775,76.00416666666666,0.0,24.13583333333333,1018.9929166666668,4.93,0.2670833333333333,17.157083333333333,19.250416666666663,4.942916666666666,182.09666666666664,1.4579166666666667,14.371250000000002,258.4995833333333,1.3445833333333337,13.122083333333334,254.1,8.775,76.00416666666666,0.0,24.13583333333333,1018.9929166666668,4.93,0.2670833333333333,17.157083333333333,19.250416666666663,4.942916666666666,182.09666666666664,1.4579166666666667,14.371250000000002,258.4995833333333,1.3445833333333337,13.122083333333334,254.1,8.775,76.00416666666666,0.0,24.13583333333333,1018.9929166666668,4.93,0.2670833333333333,0.0,0.0
KGT,Kwinana Grain Terminal,Oct. 6,"2024, 11 a.m.",6-Oct-24   11 a.m.,5,Fair,"Variable vis, but murky. Surface great. Saw baby Pt Jackson.",2024,11 AM,Oct 6 2024 11 AM,2024-10-06 11:00:00,2024-10-06 11:00:00+08:00,2024-10-06 03:00:00+00:00,2024-10-06,03:00:00,97,2024-10-06,17.051666666666666,19.19625,3.2550000000000003,185.1916666666667,1.46125,12.784583333333332,250.78125,1.10375,12.940416666666666,250.965,48.275,73.28750000000001,0.01,24.135416666666668,1017.565,3.4466666666666668,0.2891666666666666,17.051666666666666,19.19625,3.2550000000000003,185.1916666666667,1.46125,12.784583333333332,250.78125,1.10375,12.940416666666666,250.965,48.275,73.28750000000001,0.01,24.135416666666668,1017.565,3.4466666666666668,0.2891666666666666,17.051666666666666,19.19625,3.2550000000000003,185.1916666666667,1.46125,12.784583333333332,250.78125,1.10375,12.940416666666666,250.965,48.275,73.28750000000001,0.01,24.135416666666668,1017.565,3.4466666666666668,0.2891666666666666,0.36,1.03
PPR,Point Peron,Sept. 26,"2024, 11 a.m.",26-Sep-24   11 a.m.,15,Glassy,Clear and Glassy. Not much sea life on southern side,2024,11 AM,Sep 26 2024 11 AM,2024-09-26 11:00:00,2024-09-26 11:00:00+08:00,2024-09-26 03:00:00+00:00,2024-09-26,03:00:00,98,2024-09-26,17.346666666666668,18.679583333333333,7.199166666666667,242.1233333333333,1.20625,12.808333333333332,252.29916666666668,0.92625,12.80625,249.69583333333333,43.40416666666667,71.62083333333334,5.99,21.450416666666666,1009.51,9.163333333333334,0.2954166666666666,17.346666666666668,18.679583333333333,7.199166666666667,242.1233333333333,1.20625,12.808333333333332,252.29916666666668,0.92625,12.80625,249.69583333333333,43.40416666666667,71.62083333333334,5.99,21.450416666666666,1009.51,9.163333333333334,0.2954166666666666,17.346666666666668,18.679583333333333,7.199166666666667,242.1233333333333,1.20625,12.808333333333332,252.29916666666668,0.92625,12.80625,249.69583333333333,43.40416666666667,71.62083333333334,5.99,21.450416666666666,1009.51,9.163333333333334,0.2954166666666666,0.0,0.0
KGT,Kwinana Grain Terminal,Sept. 23,"2024, 9 a.m.",23-Sep-24   9 a.m.,7,Glassy,Vis was variable across the dive but almost always had the surface visible from the bottom,2024,9 AM,Sep 23 2024 9 AM,2024-09-23 09:00:00,2024-09-23 09:00:00+08:00,2024-09-23 01:00:00+00:00,2024-09-23,01:00:00,99,2024-09-23,15.195833333333333,18.710416666666667,8.862499999999999,175.98874999999998,1.975833333333333,13.281666666666666,251.86791666666667,1.5545833333333334,13.281666666666666,244.73875,46.3125,74.93333333333334,0.03,24.135416666666668,1015.9775,9.48625,0.1804166666666666,15.195833333333333,18.710416666666667,8.862499999999999,175.98874999999998,1.975833333333333,13.281666666666666,251.86791666666667,1.5545833333333334,13.281666666666666,244.73875,46.3125,74.93333333333334,0.03,24.135416666666668,1015.9775,9.48625,0.1804166666666666,15.195833333333333,18.710416666666667,8.862499999999999,175.98874999999998,1.975833333333333,13.281666666666666,251.86791666666667,1.5545833333333334,13.281666666666666,244.73875,46.3125,74.93333333333334,0.03,24.135416666666668,1015.9775,9.48625,0.1804166666666666,0.0,0.0
SGR,Sue's Groyne,Sept. 18,"2024, 7 p.m.",18-Sep-24   7 p.m.,10,Glassy,Great conditions. Cobbler central tonight.  At least 10m vis.,2024,7 PM,Sep 18 2024 7 PM,2024-09-18 19:00:00,2024-09-18 19:00:00+08:00,2024-09-18 11:00:00+00:00,2024-09-18,11:00:00,100,2024-09-18,15.989583333333334,18.9925,4.045833333333333,149.83833333333334,1.3683333333333332,12.709583333333336,259.5225,0.9270833333333334,11.397083333333333,253.37250000000003,3.266666666666667,57.55,0.0,24.13583333333333,1021.9370833333332,8.025,0.27375,15.989583333333334,18.9925,4.045833333333333,149.83833333333334,1.3683333333333332,12.709583333333336,259.5225,0.9270833333333334,11.397083333333333,253.37250000000003,3.266666666666667,57.55,0.0,24.13583333333333,1021.9370833333332,8.025,0.27375,15.989583333333334,18.9925,4.045833333333333,149.83833333333334,1.3683333333333332,12.709583333333336,259.5225,0.9270833333333334,11.397083333333333,253.37250000000003,3.266666666666667,57.55,0.0,24.13583333333333,1021.9370833333332,8.025,0.27375,0.0,0.0
PRT,Port Beach,Sept. 18,"2024, 7 p.m.",18-Sep-24   7 p.m.,6,Fair,4-6m. Bit of swell. 19deg,2024,7 PM,Sep 18 2024 7 PM,2024-09-18 19:00:00,2024-09-18 19:00:00+08:00,2024-09-18 11:00:00+00:00,2024-09-18,11:00:00,101,2024-09-18,15.668333333333337,18.9925,9.063333333333334,150.03916666666666,1.3683333333333332,12.709583333333336,259.5225,0.9270833333333334,11.397083333333333,253.37250000000003,0.1666666666666666,73.03750000000001,0.0,24.13583333333333,1022.4966666666666,9.416666666666666,0.27375,15.668333333333337,18.9925,9.063333333333334,150.03916666666666,1.3683333333333332,12.709583333333336,259.5225,0.9270833333333334,11.397083333333333,253.37250000000003,0.1666666666666666,73.03750000000001,0.0,24.13583333333333,1022.4966666666666,9.416666666666666,0.27375,15.668333333333337,18.9925,9.063333333333334,150.03916666666666,1.3683333333333332,12.709583333333336,259.5225,0.9270833333333334,11.397083333333333,253.37250000000003,0.1666666666666666,73.03750000000001,0.0,24.13583333333333,1022.4966666666666,9.416666666666666,0.27375,0.0,0.0
RKM,Rockingham Dive Trail,July 16,"2024, 11 a.m.",16-Jul-24   11 a.m.,3,Fair,-,2024,11 AM,July 16 2024 11 AM,2024-07-16 11:00:00,2024-07-16 11:00:00+08:00,2024-07-16 03:00:00+00:00,2024-07-16,03:00:00,102,2024-07-16,18.48583333333333,20.341666666666665,8.016666666666667,22.405416666666667,2.29625,15.68125,261.51916666666665,2.212916666666666,15.68125,260.71,13.679166666666667,60.520833333333336,0.02,24.13583333333333,1020.1429166666668,10.89625,0.3829166666666666,18.48583333333333,20.341666666666665,8.016666666666667,22.405416666666667,2.29625,15.68125,261.51916666666665,2.212916666666666,15.68125,260.71,13.679166666666667,60.520833333333336,0.02,24.13583333333333,1020.1429166666668,10.89625,0.3829166666666666,18.48583333333333,20.341666666666665,8.016666666666667,22.405416666666667,2.29625,15.68125,261.51916666666665,2.212916666666666,15.68125,260.71,13.679166666666667,60.520833333333336,0.02,24.13583333333333,1020.1429166666668,10.89625,0.3829166666666666,0.0,3.49
WOO,Woodman Point,June 23,"2024, 10 a.m.",23-Jun-24   10 a.m.,4,Fair,4m+ South side. 2m North side.,2024,10 AM,June 23 2024 10 AM,2024-06-23 10:00:00,2024-06-23 10:00:00+08:00,2024-06-23 02:00:00+00:00,2024-06-23,02:00:00,103,2024-06-23,16.210416666666667,20.36625,5.963333333333334,153.6175,2.1275,12.60125,251.59458333333336,2.12625,12.60125,246.75375,62.4625,63.05416666666667,1.12,23.03833333333333,1026.4816666666668,6.378333333333333,0.3491666666666667,16.210416666666667,20.36625,5.963333333333334,153.6175,2.1275,12.60125,251.59458333333336,2.12625,12.60125,246.75375,62.4625,63.05416666666667,1.12,23.03833333333333,1026.4816666666668,6.378333333333333,0.3491666666666667,16.210416666666667,20.36625,5.963333333333334,153.6175,2.1275,12.60125,251.59458333333336,2.12625,12.60125,246.75375,62.4625,63.05416666666667,1.12,23.03833333333333,1026.4816666666668,6.378333333333333,0.3491666666666667,0.78,6.75
FWB,Freshwater Bay,June 22,"2024, 7 p.m.",22-Jun-24   7 p.m.,4,Glassy,17 deg.,2024,7 PM,June 22 2024 7 PM,2024-06-22 19:00:00,2024-06-22 19:00:00+08:00,2024-06-22 11:00:00+00:00,2024-06-22,11:00:00,104,2024-06-22,14.087916666666668,20.33375,3.06375,158.26916666666668,2.6212500000000003,11.832083333333332,257.0054166666667,2.36,12.79625,251.27083333333331,57.98333333333333,53.57916666666667,0.03,24.133333333333336,1023.0475,5.396250000000001,0.3920833333333333,14.087916666666668,20.33375,3.06375,158.26916666666668,2.6212500000000003,11.832083333333332,257.0054166666667,2.36,12.79625,251.27083333333331,57.98333333333333,53.57916666666667,0.03,24.133333333333336,1023.0475,5.396250000000001,0.3920833333333333,14.087916666666668,20.33375,3.06375,158.26916666666668,2.6212500000000003,11.832083333333332,257.0054166666667,2.36,12.79625,251.27083333333331,57.98333333333333,53.57916666666667,0.03,24.133333333333336,1023.0475,5.396250000000001,0.3920833333333333,9.54,9.54
WAR,Warnbro Sound,May 26,"2024, 8 a.m.",26-May-24   8 a.m.,10,Fair,"Dove artificial reef. 2 Occy's, Seahorses. Murky over sand, clear over weed.",2024,8 AM,May 26 2024 8 AM,2024-05-26 08:00:00,2024-05-26 08:00:00+08:00,2024-05-26 00:00:00+00:00,2024-05-26,00:00:00,105,2024-05-26,20.8425,23.00208333333333,4.017083333333333,252.07666666666668,2.84,13.635,243.94000000000003,2.83625,13.65,243.88166666666663,46.225,67.73333333333333,6.23,20.875416666666663,1020.4129166666668,6.79,0.5691666666666667,20.8425,23.00208333333333,4.017083333333333,252.07666666666668,2.84,13.635,243.94000000000003,2.83625,13.65,243.88166666666663,46.225,67.73333333333333,6.23,20.875416666666663,1020.4129166666668,6.79,0.5691666666666667,20.8425,23.00208333333333,4.017083333333333,252.07666666666668,2.84,13.635,243.94000000000003,2.83625,13.65,243.88166666666663,46.225,67.73333333333333,6.23,20.875416666666663,1020.4129166666668,6.79,0.5691666666666667,2.6,6.529999999999999
CEN,Centaur Reef,May 18,"2024, 9 a.m.",18-May-24   9 a.m.,15,Fair,Centaur wreck,2024,9 AM,May 18 2024 9 AM,2024-05-18 09:00:00,2024-05-18 09:00:00+08:00,2024-05-18 01:00:00+00:00,2024-05-18,01:00:00,106,2024-05-18,22.230833333333333,22.32625,7.0183333333333335,67.30416666666666,1.5625,10.4075,225.80041666666668,1.3591666666666666,12.29625,227.8841666666667,45.75416666666666,48.35,0.0,24.135,1025.6479166666666,11.220833333333331,0.4933333333333333,22.230833333333333,22.32625,7.0183333333333335,67.30416666666666,1.5625,10.4075,225.80041666666668,1.3591666666666666,12.29625,227.8841666666667,45.75416666666666,48.35,0.0,24.135,1025.6479166666666,11.220833333333331,0.4933333333333333,22.230833333333333,22.32625,7.0183333333333335,67.30416666666666,1.5625,10.4075,225.80041666666668,1.3591666666666666,12.29625,227.8841666666667,45.75416666666666,48.35,0.0,24.135,1025.6479166666666,11.220833333333331,0.4933333333333333,0.0,0.0
PRT,Port Beach,May 12,"2024, 8 a.m.",12-May-24   8 a.m.,2,Glassy,0-2m in close around Sandtracks. 2-4m further out.,2024,8 AM,May 12 2024 8 AM,2024-05-12 08:00:00,2024-05-12 08:00:00+08:00,2024-05-12 00:00:00+00:00,2024-05-12,00:00:00,107,2024-05-12,21.357083333333332,22.26708333333333,5.083333333333333,140.49958333333333,1.9308333333333327,11.31125,228.15833333333333,1.8983333333333332,11.584166666666668,229.8125,99.8,68.27916666666667,1.56,24.136666666666667,1016.325,5.394583333333333,0.4733333333333333,21.357083333333332,22.26708333333333,5.083333333333333,140.49958333333333,1.9308333333333327,11.31125,228.15833333333333,1.8983333333333332,11.584166666666668,229.8125,99.8,68.27916666666667,1.56,24.136666666666667,1016.325,5.394583333333333,0.4733333333333333,21.357083333333332,22.26708333333333,5.083333333333333,140.49958333333333,1.9308333333333327,11.31125,228.15833333333333,1.8983333333333332,11.584166666666668,229.8125,99.8,68.27916666666667,1.56,24.136666666666667,1016.325,5.394583333333333,0.4733333333333333,0.24,4.180000000000001
SWA,Ex-HMAS Swan Wreck,May 11,"2024, 10 a.m.",11-May-24   10 a.m.,8,Fair,Murky. Only one mooring point.,2024,10 AM,May 11 2024 10 AM,2024-05-11 10:00:00,2024-05-11 10:00:00+08:00,2024-05-11 02:00:00+00:00,2024-05-11,02:00:00,108,2024-05-11,18.04041666666667,21.094583333333333,4.14625,167.405,2.646666666666667,8.18625,242.10541666666663,2.52125,8.321250000000001,243.77083333333331,30.4875,65.52499999999999,0.0,24.133750000000003,1022.4620833333332,4.2387500000000005,0.45375,18.04041666666667,21.094583333333333,4.14625,167.405,2.646666666666667,8.18625,242.10541666666663,2.52125,8.321250000000001,243.77083333333331,30.4875,65.52499999999999,0.0,24.133750000000003,1022.4620833333332,4.2387500000000005,0.45375,18.04041666666667,21.094583333333333,4.14625,167.405,2.646666666666667,8.18625,242.10541666666663,2.52125,8.321250000000001,243.77083333333331,30.4875,65.52499999999999,0.0,24.133750000000003,1022.4620833333332,4.2387500000000005,0.45375,2.27,6.52
BIC,Bicton Baths,May 5,"2024, 10 a.m.",5-May-24   10 a.m.,7,Fair,ALC40 wreck with MAAWA,2024,10 AM,May 5 2024 10 AM,2024-05-05 10:00:00,2024-05-05 10:00:00+08:00,2024-05-05 02:00:00+00:00,2024-05-05,02:00:00,109,2024-05-05,16.49,21.702916666666667,4.625,163.05291666666668,2.07875,12.342916666666667,226.39791666666667,2.060833333333333,12.500416666666666,227.03875,25.34166666666667,63.79583333333333,0.0,24.13,1020.1254166666666,3.6291666666666655,0.4416666666666666,16.49,21.702916666666667,4.625,163.05291666666668,2.07875,12.342916666666667,226.39791666666667,2.060833333333333,12.500416666666666,227.03875,25.34166666666667,63.79583333333333,0.0,24.13,1020.1254166666666,3.6291666666666655,0.4416666666666666,16.49,21.702916666666667,4.625,163.05291666666668,2.07875,12.342916666666667,226.39791666666667,2.060833333333333,12.500416666666666,227.03875,25.34166666666667,63.79583333333333,0.0,24.13,1020.1254166666666,3.6291666666666655,0.4416666666666666,0.0,0.0
CMT,Coogee Maritime Trail,May 4,"2024, 7 p.m.",4-May-24   7 p.m.,1,Windy,Omeo,2024,7 PM,May 4 2024 7 PM,2024-05-04 19:00:00,2024-05-04 19:00:00+08:00,2024-05-04 11:00:00+00:00,2024-05-04,11:00:00,110,2024-05-04,16.49416666666667,22.049166666666665,6.07,154.89958333333334,2.523333333333333,12.369166666666668,227.5295833333333,2.4754166666666664,12.699166666666663,229.3108333333333,16.1125,61.95416666666667,0.0,24.135416666666668,1021.4033333333332,5.43875,0.4641666666666666,16.49416666666667,22.049166666666665,6.07,154.89958333333334,2.523333333333333,12.369166666666668,227.5295833333333,2.4754166666666664,12.699166666666663,229.3108333333333,16.1125,61.95416666666667,0.0,24.135416666666668,1021.4033333333332,5.43875,0.4641666666666666,16.49416666666667,22.049166666666665,6.07,154.89958333333334,2.523333333333333,12.369166666666668,227.5295833333333,2.4754166666666664,12.699166666666663,229.3108333333333,16.1125,61.95416666666667,0.0,24.135416666666668,1021.4033333333332,5.43875,0.4641666666666666,0.0,0.48
WAT,Watermans/North Beach,May 3,"2024, 9 a.m.",3-May-24   9 a.m.,4,Fair,small waves,2024,9 AM,May 3 2024 9 AM,2024-05-03 09:00:00,2024-05-03 09:00:00+08:00,2024-05-03 01:00:00+00:00,2024-05-03,01:00:00,111,2024-05-03,19.03833333333333,21.582916666666662,5.714166666666666,173.76833333333332,2.4566666666666666,12.546666666666669,221.55875,2.419166666666667,12.899166666666666,222.9466666666667,70.89583333333333,67.19583333333334,0.53,24.11125,1022.50125,6.396249999999999,0.50375,19.03833333333333,21.582916666666662,5.714166666666666,173.76833333333332,2.4566666666666666,12.546666666666669,221.55875,2.419166666666667,12.899166666666666,222.9466666666667,70.89583333333333,67.19583333333334,0.53,24.11125,1022.50125,6.396249999999999,0.50375,19.03833333333333,21.582916666666662,5.714166666666666,173.76833333333332,2.4566666666666666,12.546666666666669,221.55875,2.419166666666667,12.899166666666666,222.9466666666667,70.89583333333333,67.19583333333334,0.53,24.11125,1022.50125,6.396249999999999,0.50375,1.94,4.32
MET,Mettam’s Pool,May 1,"2024, 4 p.m.",1-May-24   4 p.m.,4,Fair,Bennion with small waves,2024,4 PM,May 1 2024 4 PM,2024-05-01 16:00:00,2024-05-01 16:00:00+08:00,2024-05-01 08:00:00+00:00,2024-05-01,08:00:00,112,2024-05-01,20.54375,20.967916666666667,5.835833333333333,39.240833333333335,1.035,8.727916666666667,244.90708333333336,0.93,10.077083333333333,233.4075,94.08333333333331,67.8125,3.76,21.61625,1019.83875,6.0304166666666665,0.5179166666666667,20.54375,20.967916666666667,5.835833333333333,39.240833333333335,1.035,8.727916666666667,244.90708333333336,0.93,10.077083333333333,233.4075,94.08333333333331,67.8125,3.76,21.61625,1019.83875,6.0304166666666665,0.5179166666666667,20.54375,20.967916666666667,5.835833333333333,39.240833333333335,1.035,8.727916666666667,244.90708333333336,0.93,10.077083333333333,233.4075,94.08333333333331,67.8125,3.76,21.61625,1019.83875,6.0304166666666665,0.5179166666666667,2.99,5.040000000000001
RKM,Rockingham Dive Trail,April 24,"2024, 8 a.m.",24-Apr-24   8 a.m.,4,Fair,4m across most depths.,2024,8 AM,April 24 2024 8 AM,2024-04-24 08:00:00,2024-04-24 08:00:00+08:00,2024-04-24 00:00:00+00:00,2024-04-24,00:00:00,113,2024-04-24,19.027916666666663,20.87333333333333,7.396249999999999,95.44,1.3170833333333334,9.355416666666668,202.03833333333333,1.1191666666666666,11.637916666666667,224.7775,91.27916666666664,53.24583333333334,0.0,24.1325,1026.5841666666668,11.578333333333331,0.3420833333333333,19.027916666666663,20.87333333333333,7.396249999999999,95.44,1.3170833333333334,9.355416666666668,202.03833333333333,1.1191666666666666,11.637916666666667,224.7775,91.27916666666664,53.24583333333334,0.0,24.1325,1026.5841666666668,11.578333333333331,0.3420833333333333,19.027916666666663,20.87333333333333,7.396249999999999,95.44,1.3170833333333334,9.355416666666668,202.03833333333333,1.1191666666666666,11.637916666666667,224.7775,91.27916666666664,53.24583333333334,0.0,24.1325,1026.5841666666668,11.578333333333331,0.3420833333333333,0.0,0.02
PRT,Port Beach,April 22,"2024, 7 p.m.",22-Apr-24   7 p.m.,4,Windy,"2-6m, cloudy. little bit of swell around.",2024,7 PM,April 22 2024 7 PM,2024-04-22 19:00:00,2024-04-22 19:00:00+08:00,2024-04-22 11:00:00+00:00,2024-04-22,11:00:00,114,2024-04-22,18.067083333333333,21.337083333333336,10.0775,145.4575,2.6308333333333334,10.08625,213.39458333333332,2.2783333333333333,11.809166666666668,227.64083333333332,87.19166666666666,60.0625,0.03,24.133750000000003,1026.5108333333333,12.337916666666668,0.3766666666666666,18.067083333333333,21.337083333333336,10.0775,145.4575,2.6308333333333334,10.08625,213.39458333333332,2.2783333333333333,11.809166666666668,227.64083333333332,87.19166666666666,60.0625,0.03,24.133750000000003,1026.5108333333333,12.337916666666668,0.3766666666666666,18.067083333333333,21.337083333333336,10.0775,145.4575,2.6308333333333334,10.08625,213.39458333333332,2.2783333333333333,11.809166666666668,227.64083333333332,87.19166666666666,60.0625,0.03,24.133750000000003,1026.5108333333333,12.337916666666668,0.3766666666666666,0.35,0.35
WAT,Watermans/North Beach,April 20,"2024, 9 a.m.",20-Apr-24   9 a.m.,10,Glassy,"8-12+m, slightly cloudy, low swell.",2024,9 AM,April 20 2024 9 AM,2024-04-20 09:00:00,2024-04-20 09:00:00+08:00,2024-04-20 01:00:00+00:00,2024-04-20,01:00:00,115,2024-04-20,21.892916666666668,21.31,4.179166666666666,130.03791666666666,1.4408333333333332,11.846666666666666,240.995,1.4120833333333334,12.202916666666669,239.33125,43.0375,51.225,0.0,24.136666666666667,1022.0870833333332,5.743333333333333,0.4666666666666666,21.892916666666668,21.31,4.179166666666666,130.03791666666666,1.4408333333333332,11.846666666666666,240.995,1.4120833333333334,12.202916666666669,239.33125,43.0375,51.225,0.0,24.136666666666667,1022.0870833333332,5.743333333333333,0.4666666666666666,21.892916666666668,21.31,4.179166666666666,130.03791666666666,1.4408333333333332,11.846666666666666,240.995,1.4120833333333334,12.202916666666669,239.33125,43.0375,51.225,0.0,24.136666666666667,1022.0870833333332,5.743333333333333,0.4666666666666666,0.0,0.0
WOO,Woodman Point,April 20,"2024, 9 a.m.",20-Apr-24   9 a.m.,10,Glassy,-,2024,9 AM,April 20 2024 9 AM,2024-04-20 09:00:00,2024-04-20 09:00:00+08:00,2024-04-20 01:00:00+00:00,2024-04-20,01:00:00,116,2024-04-20,21.892916666666668,22.020416666666662,3.179583333333333,139.63625,1.2441666666666666,11.9075,251.2470833333333,1.2375,12.02,250.7770833333333,43.0375,51.225,0.0,24.136666666666667,1022.0870833333332,5.743333333333333,0.475,21.892916666666668,22.020416666666662,3.179583333333333,139.63625,1.2441666666666666,11.9075,251.2470833333333,1.2375,12.02,250.7770833333333,43.0375,51.225,0.0,24.136666666666667,1022.0870833333332,5.743333333333333,0.475,21.892916666666668,22.020416666666662,3.179583333333333,139.63625,1.2441666666666666,11.9075,251.2470833333333,1.2375,12.02,250.7770833333333,43.0375,51.225,0.0,24.136666666666667,1022.0870833333332,5.743333333333333,0.475,0.0,0.0
MET,Mettam’s Pool,April 19,"2024, 11 a.m.",19-Apr-24   11 a.m.,3,Fair,small waves with surfers out,2024,11 AM,April 19 2024 11 AM,2024-04-19 11:00:00,2024-04-19 11:00:00+08:00,2024-04-19 03:00:00+00:00,2024-04-19,03:00:00,117,2024-04-19,23.37625,21.445000000000004,4.9783333333333335,101.81333333333332,1.2295833333333333,10.737083333333333,236.1654166666667,1.1670833333333337,11.496250000000002,234.7108333333333,0.45,24.78333333333333,0.0,24.13416666666667,1023.2291666666666,7.439583333333334,0.4666666666666666,23.37625,21.445000000000004,4.9783333333333335,101.81333333333332,1.2295833333333333,10.737083333333333,236.1654166666667,1.1670833333333337,11.496250000000002,234.7108333333333,0.45,24.78333333333333,0.0,24.13416666666667,1023.2291666666666,7.439583333333334,0.4666666666666666,23.37625,21.445000000000004,4.9783333333333335,101.81333333333332,1.2295833333333333,10.737083333333333,236.1654166666667,1.1670833333333337,11.496250000000002,234.7108333333333,0.45,24.78333333333333,0.0,24.13416666666667,1023.2291666666666,7.439583333333334,0.4666666666666666,0.0,0.0
PRT,Port Beach,April 18,"2024, 8 p.m.",18-Apr-24   8 p.m.,6,Glassy,Slight cloudiness to the water. 20deg,2024,8 PM,April 18 2024 8 PM,2024-04-18 20:00:00,2024-04-18 20:00:00+08:00,2024-04-18 12:00:00+00:00,2024-04-18,12:00:00,118,2024-04-18,23.45,21.34,4.335,102.7,1.02,11.234583333333331,231.4625,0.9725,11.9,232.9079166666667,1.1625,57.5625,0.0,24.135416666666668,1022.9095833333334,8.312916666666666,0.4558333333333333,23.45,21.34,4.335,102.7,1.02,11.234583333333331,231.4625,0.9725,11.9,232.9079166666667,1.1625,57.5625,0.0,24.135416666666668,1022.9095833333334,8.312916666666666,0.4558333333333333,23.45,21.34,4.335,102.7,1.02,11.234583333333331,231.4625,0.9725,11.9,232.9079166666667,1.1625,57.5625,0.0,24.135416666666668,1022.9095833333334,8.312916666666666,0.4558333333333333,0.0,0.0
WAT,Watermans/North Beach,April 17,"2024, 9 a.m.",17-Apr-24   9 a.m.,3,Fair,MAAC cloudy vis with thigh high set waves,2024,9 AM,April 17 2024 9 AM,2024-04-17 09:00:00,2024-04-17 09:00:00+08:00,2024-04-17 01:00:00+00:00,2024-04-17,01:00:00,119,2024-04-17,23.395416666666662,21.27875,6.142083333333333,111.08083333333332,1.28625,9.643333333333333,203.62125,1.19375,10.681666666666668,213.07666666666668,0.0,58.76666666666667,0.0,24.1375,1023.0166666666668,10.394166666666669,0.4275,23.395416666666662,21.27875,6.142083333333333,111.08083333333332,1.28625,9.643333333333333,203.62125,1.19375,10.681666666666668,213.07666666666668,0.0,58.76666666666667,0.0,24.1375,1023.0166666666668,10.394166666666669,0.4275,23.395416666666662,21.27875,6.142083333333333,111.08083333333332,1.28625,9.643333333333333,203.62125,1.19375,10.681666666666668,213.07666666666668,0.0,58.76666666666667,0.0,24.1375,1023.0166666666668,10.394166666666669,0.4275,0.0,0.0
MET,Mettam’s Pool,April 13,"2024, 10 a.m.",13-Apr-24   10 a.m.,8,Fair,Out the back ranged from 4m to 10+,2024,10 AM,April 13 2024 10 AM,2024-04-13 10:00:00,2024-04-13 10:00:00+08:00,2024-04-13 02:00:00+00:00,2024-04-13,02:00:00,120,2024-04-13,20.5525,21.29375,5.295,144.53,1.0116666666666667,9.163333333333332,208.8683333333333,0.9066666666666666,10.47375,216.0258333333333,35.579166666666666,49.50416666666666,0.0,24.137083333333333,1018.7029166666666,5.557916666666667,0.5283333333333333,20.5525,21.29375,5.295,144.53,1.0116666666666667,9.163333333333332,208.8683333333333,0.9066666666666666,10.47375,216.0258333333333,35.579166666666666,49.50416666666666,0.0,24.137083333333333,1018.7029166666666,5.557916666666667,0.5283333333333333,20.5525,21.29375,5.295,144.53,1.0116666666666667,9.163333333333332,208.8683333333333,0.9066666666666666,10.47375,216.0258333333333,35.579166666666666,49.50416666666666,0.0,24.137083333333333,1018.7029166666666,5.557916666666667,0.5283333333333333,1.21,1.39
CMT,Coogee Maritime Trail,April 13,"2024, 8 a.m.",13-Apr-24   8 a.m.,15,Glassy,Amazing vis,2024,8 AM,April 13 2024 8 AM,2024-04-13 08:00:00,2024-04-13 08:00:00+08:00,2024-04-13 00:00:00+00:00,2024-04-13,00:00:00,121,2024-04-13,20.5525,21.109583333333333,4.525416666666667,147.63583333333335,0.8870833333333333,9.20625,215.965,0.8216666666666667,10.162916666666666,221.55375,35.579166666666666,49.50416666666666,0.0,24.137083333333333,1018.7029166666666,5.557916666666667,0.53,20.5525,21.109583333333333,4.525416666666667,147.63583333333335,0.8870833333333333,9.20625,215.965,0.8216666666666667,10.162916666666666,221.55375,35.579166666666666,49.50416666666666,0.0,24.137083333333333,1018.7029166666666,5.557916666666667,0.53,20.5525,21.109583333333333,4.525416666666667,147.63583333333335,0.8870833333333333,9.20625,215.965,0.8216666666666667,10.162916666666666,221.55375,35.579166666666666,49.50416666666666,0.0,24.137083333333333,1018.7029166666666,5.557916666666667,0.53,1.37,1.39
SCR,South Cottesloe Reef,April 7,"2024, 8 p.m.",7-Apr-24   8 p.m.,10,Glassy,10-15m. 21degree,2024,8 PM,April 7 2024 8 PM,2024-04-07 20:00:00,2024-04-07 20:00:00+08:00,2024-04-07 12:00:00+00:00,2024-04-07,12:00:00,122,2024-04-07,22.50333333333333,21.352083333333336,7.540833333333333,131.18041666666667,1.7625,10.065833333333334,199.89125,1.5629166666666665,11.3925,213.7625,17.645833333333332,62.23333333333333,0.0,24.136666666666667,1015.9466666666668,11.024166666666666,0.3804166666666667,22.50333333333333,21.352083333333336,7.540833333333333,131.18041666666667,1.7625,10.065833333333334,199.89125,1.5629166666666665,11.3925,213.7625,17.645833333333332,62.23333333333333,0.0,24.136666666666667,1015.9466666666668,11.024166666666666,0.3804166666666667,22.50333333333333,21.352083333333336,7.540833333333333,131.18041666666667,1.7625,10.065833333333334,199.89125,1.5629166666666665,11.3925,213.7625,17.645833333333332,62.23333333333333,0.0,24.136666666666667,1015.9466666666668,11.024166666666666,0.3804166666666667,0.0,0.0
GDN,Garden Island (North),April 7,"2024, 11 a.m.",7-Apr-24   11 a.m.,15,Fair,And Orizaba wreck-7 PJsharks+Wobby. Great viz,2024,11 AM,April 7 2024 11 AM,2024-04-07 11:00:00,2024-04-07 11:00:00+08:00,2024-04-07 03:00:00+00:00,2024-04-07,03:00:00,123,2024-04-07,22.50333333333333,21.620416666666667,6.617083333333333,132.06333333333333,1.5033333333333332,10.231666666666667,204.57666666666668,1.34,11.568333333333332,218.60875,17.645833333333332,62.23333333333333,0.0,24.136666666666667,1015.9466666666668,11.024166666666666,0.3733333333333333,22.50333333333333,21.620416666666667,6.617083333333333,132.06333333333333,1.5033333333333332,10.231666666666667,204.57666666666668,1.34,11.568333333333332,218.60875,17.645833333333332,62.23333333333333,0.0,24.136666666666667,1015.9466666666668,11.024166666666666,0.3733333333333333,22.50333333333333,21.620416666666667,6.617083333333333,132.06333333333333,1.5033333333333332,10.231666666666667,204.57666666666668,1.34,11.568333333333332,218.60875,17.645833333333332,62.23333333333333,0.0,24.136666666666667,1015.9466666666668,11.024166666666666,0.3733333333333333,0.0,0.0
AMJ,Ammo Jetty,April 7,"2024, 9 a.m.",7-Apr-24   9 a.m.,10,Glassy,-,2024,9 AM,April 7 2024 9 AM,2024-04-07 09:00:00,2024-04-07 09:00:00+08:00,2024-04-07 01:00:00+00:00,2024-04-07,01:00:00,124,2024-04-07,25.97083333333333,21.352083333333336,7.540833333333333,131.18041666666667,1.7625,10.065833333333334,199.89125,1.5629166666666665,11.3925,213.7625,24.633333333333336,34.87083333333333,0.0,24.136666666666667,1015.7820833333334,12.199166666666663,0.3804166666666667,25.97083333333333,21.352083333333336,7.540833333333333,131.18041666666667,1.7625,10.065833333333334,199.89125,1.5629166666666665,11.3925,213.7625,24.633333333333336,34.87083333333333,0.0,24.136666666666667,1015.7820833333334,12.199166666666663,0.3804166666666667,25.97083333333333,21.352083333333336,7.540833333333333,131.18041666666667,1.7625,10.065833333333334,199.89125,1.5629166666666665,11.3925,213.7625,24.633333333333336,34.87083333333333,0.0,24.136666666666667,1015.7820833333334,12.199166666666663,0.3804166666666667,0.0,0.0
CMT,Coogee Maritime Trail,April 7,"2024, 9 a.m.",7-Apr-24   9 a.m.,8,Fair,🫡,2024,9 AM,April 7 2024 9 AM,2024-04-07 09:00:00,2024-04-07 09:00:00+08:00,2024-04-07 01:00:00+00:00,2024-04-07,01:00:00,125,2024-04-07,25.97083333333333,21.352083333333336,7.540833333333333,131.18041666666667,1.7625,10.065833333333334,199.89125,1.5629166666666665,11.3925,213.7625,24.633333333333336,34.87083333333333,0.0,24.136666666666667,1015.7820833333334,12.199166666666663,0.3804166666666667,25.97083333333333,21.352083333333336,7.540833333333333,131.18041666666667,1.7625,10.065833333333334,199.89125,1.5629166666666665,11.3925,213.7625,24.633333333333336,34.87083333333333,0.0,24.136666666666667,1015.7820833333334,12.199166666666663,0.3804166666666667,25.97083333333333,21.352083333333336,7.540833333333333,131.18041666666667,1.7625,10.065833333333334,199.89125,1.5629166666666665,11.3925,213.7625,24.633333333333336,34.87083333333333,0.0,24.136666666666667,1015.7820833333334,12.199166666666663,0.3804166666666667,0.0,0.0
CAM,Camilla Wreck,April 7,"2024, 8 a.m.",7-Apr-24   8 a.m.,12,Fair,Impressive vis! MAAWA site inspection,2024,8 AM,April 7 2024 8 AM,2024-04-07 08:00:00,2024-04-07 08:00:00+08:00,2024-04-07 00:00:00+00:00,2024-04-07,00:00:00,126,2024-04-07,25.97083333333333,21.620416666666667,6.617083333333333,132.06333333333333,1.5033333333333332,10.231666666666667,204.57666666666668,1.34,11.568333333333332,218.60875,24.633333333333336,34.87083333333333,0.0,24.136666666666667,1015.7820833333334,12.199166666666663,0.3733333333333333,25.97083333333333,21.620416666666667,6.617083333333333,132.06333333333333,1.5033333333333332,10.231666666666667,204.57666666666668,1.34,11.568333333333332,218.60875,24.633333333333336,34.87083333333333,0.0,24.136666666666667,1015.7820833333334,12.199166666666663,0.3733333333333333,25.97083333333333,21.620416666666667,6.617083333333333,132.06333333333333,1.5033333333333332,10.231666666666667,204.57666666666668,1.34,11.568333333333332,218.60875,24.633333333333336,34.87083333333333,0.0,24.136666666666667,1015.7820833333334,12.199166666666663,0.3733333333333333,0.0,0.0
PRT,Port Beach,April 6,"2024, 8 p.m.",6-Apr-24   8 p.m.,10,Fair,"5-15m vis, dirty patches in places, but lovely in others.",2024,8 PM,April 6 2024 8 PM,2024-04-06 20:00:00,2024-04-06 20:00:00+08:00,2024-04-06 12:00:00+00:00,2024-04-06,12:00:00,127,2024-04-06,22.6875,21.42125,3.44875,136.78958333333333,1.23875,12.19375,218.715,1.231666666666667,12.320833333333333,218.99125,39.15,60.07083333333333,0.0,24.133333333333336,1014.1125,4.530833333333333,0.3995833333333333,22.6875,21.42125,3.44875,136.78958333333333,1.23875,12.19375,218.715,1.231666666666667,12.320833333333333,218.99125,39.15,60.07083333333333,0.0,24.133333333333336,1014.1125,4.530833333333333,0.3995833333333333,22.6875,21.42125,3.44875,136.78958333333333,1.23875,12.19375,218.715,1.231666666666667,12.320833333333333,218.99125,39.15,60.07083333333333,0.0,24.133333333333336,1014.1125,4.530833333333333,0.3995833333333333,0.0,0.0
MET,Mettam’s Pool,April 6,"2024, 7 a.m.",6-Apr-24   7 a.m.,10,Fair,-,2024,7 AM,April 6 2024 7 AM,2024-04-06 07:00:00,2024-04-06 07:00:00+08:00,2024-04-05 23:00:00+00:00,2024-04-05,23:00:00,128,2024-04-05,25.08333333333333,21.4725,2.86875,129.225,1.33375,12.474583333333332,215.66458333333333,1.3075,12.746666666666668,217.19916666666663,70.77916666666667,21.28333333333333,0.0,24.135,1015.2041666666668,5.1775,0.3691666666666666,25.08333333333333,21.4725,2.86875,129.225,1.33375,12.474583333333332,215.66458333333333,1.3075,12.746666666666668,217.19916666666663,70.77916666666667,21.28333333333333,0.0,24.135,1015.2041666666668,5.1775,0.3691666666666666,25.08333333333333,21.4725,2.86875,129.225,1.33375,12.474583333333332,215.66458333333333,1.3075,12.746666666666668,217.19916666666663,70.77916666666667,21.28333333333333,0.0,24.135,1015.2041666666668,5.1775,0.3691666666666666,0.0,0.0
RNN,Rottnest North,April 1,"2024, 11 a.m.",1-Apr-24   11 a.m.,15,Windy,Roe Reef,2024,11 AM,April 1 2024 11 AM,2024-04-01 11:00:00,2024-04-01 11:00:00+08:00,2024-04-01 03:00:00+00:00,2024-04-01,03:00:00,129,2024-04-01,20.35,21.38583333333333,6.93875,138.44833333333335,1.455,8.715833333333334,206.68125,1.3179166666666666,9.871666666666666,217.1891666666667,44.35,60.66666666666666,0.0,24.138333333333332,1024.2575,9.239583333333334,0.225,20.35,21.38583333333333,6.93875,138.44833333333335,1.455,8.715833333333334,206.68125,1.3179166666666666,9.871666666666666,217.1891666666667,44.35,60.66666666666666,0.0,24.138333333333332,1024.2575,9.239583333333334,0.225,20.35,21.38583333333333,6.93875,138.44833333333335,1.455,8.715833333333334,206.68125,1.3179166666666666,9.871666666666666,217.1891666666667,44.35,60.66666666666666,0.0,24.138333333333332,1024.2575,9.239583333333334,0.225,0.0,0.0
WAT,Watermans/North Beach,April 1,"2024, 9 a.m.",1-Apr-24   9 a.m.,2,Glassy,"Little swell, fresh easterly -no waves, snotty viz everywhere",2024,9 AM,April 1 2024 9 AM,2024-04-01 09:00:00,2024-04-01 09:00:00+08:00,2024-04-01 01:00:00+00:00,2024-04-01,01:00:00,130,2024-04-01,20.35,21.68541666666667,8.614583333333334,138.18333333333334,1.7008333333333334,8.443333333333333,198.15041666666664,1.43,10.256666666666666,215.18375,44.35,60.66666666666666,0.0,24.138333333333332,1024.2575,9.239583333333334,0.2358333333333333,20.35,21.68541666666667,8.614583333333334,138.18333333333334,1.7008333333333334,8.443333333333333,198.15041666666664,1.43,10.256666666666666,215.18375,44.35,60.66666666666666,0.0,24.138333333333332,1024.2575,9.239583333333334,0.2358333333333333,20.35,21.68541666666667,8.614583333333334,138.18333333333334,1.7008333333333334,8.443333333333333,198.15041666666664,1.43,10.256666666666666,215.18375,44.35,60.66666666666666,0.0,24.138333333333332,1024.2575,9.239583333333334,0.2358333333333333,0.0,0.0
BSJ,Busselton Jetty,March 30,"2024, 8 a.m.",30-Mar-24   8 a.m.,10,Fair,Calm but with Algae blocking vis,2024,8 AM,March 30 2024 8 AM,2024-03-30 08:00:00,2024-03-30 08:00:00+08:00,2024-03-30 00:00:00+00:00,2024-03-30,00:00:00,131,2024-03-30,18.641666666666666,20.83708333333333,4.422916666666667,206.44291666666663,2.4654166666666666,8.485,242.58541666666667,2.32375,10.877916666666666,243.4970833333333,89.3875,77.24583333333334,0.0,24.13083333333333,1023.1541666666668,6.9437500000000005,0.2458333333333333,18.641666666666666,20.83708333333333,4.422916666666667,206.44291666666663,2.4654166666666666,8.485,242.58541666666667,2.32375,10.877916666666666,243.4970833333333,89.3875,77.24583333333334,0.0,24.13083333333333,1023.1541666666668,6.9437500000000005,0.2458333333333333,18.641666666666666,20.83708333333333,4.422916666666667,206.44291666666663,2.4654166666666666,8.485,242.58541666666667,2.32375,10.877916666666666,243.4970833333333,89.3875,77.24583333333334,0.0,24.13083333333333,1023.1541666666668,6.9437500000000005,0.2458333333333333,0.0,0.0
RKM,Rockingham Dive Trail,March 27,"2024, 7 p.m.",27-Mar-24   7 p.m.,5,Glassy,"5m when silt not stirred up. Scorpionfish, leatherjackets, boxfish.",2024,7 PM,March 27 2024 7 PM,2024-03-27 19:00:00,2024-03-27 19:00:00+08:00,2024-03-27 11:00:00+00:00,2024-03-27,11:00:00,132,2024-03-27,21.340416666666663,21.42458333333333,3.050416666666667,201.96041666666667,0.9591666666666666,10.345416666666669,227.66416666666663,0.9479166666666666,10.547916666666667,228.17916666666667,0.0,65.56666666666666,0.0,24.13416666666667,1018.7491666666666,4.891666666666667,0.31875,21.340416666666663,21.42458333333333,3.050416666666667,201.96041666666667,0.9591666666666666,10.345416666666669,227.66416666666663,0.9479166666666666,10.547916666666667,228.17916666666667,0.0,65.56666666666666,0.0,24.13416666666667,1018.7491666666666,4.891666666666667,0.31875,21.340416666666663,21.42458333333333,3.050416666666667,201.96041666666667,0.9591666666666666,10.345416666666669,227.66416666666663,0.9479166666666666,10.547916666666667,228.17916666666667,0.0,65.56666666666666,0.0,24.13416666666667,1018.7491666666666,4.891666666666667,0.31875,0.0,0.0
MET,Mettam’s Pool,March 27,"2024, 9 a.m.",27-Mar-24   9 a.m.,5,Glassy,"Out the back, a little cloudy out the back",2024,9 AM,March 27 2024 9 AM,2024-03-27 09:00:00,2024-03-27 09:00:00+08:00,2024-03-27 01:00:00+00:00,2024-03-27,01:00:00,133,2024-03-27,25.31125,21.36125,3.685,192.8275,1.2391666666666663,10.095416666666669,218.6845833333333,1.2041666666666666,10.497916666666669,219.67208333333332,0.0,26.825,0.0,24.13416666666667,1018.38,3.3216666666666668,0.32,25.31125,21.36125,3.685,192.8275,1.2391666666666663,10.095416666666669,218.6845833333333,1.2041666666666666,10.497916666666669,219.67208333333332,0.0,26.825,0.0,24.13416666666667,1018.38,3.3216666666666668,0.32,25.31125,21.36125,3.685,192.8275,1.2391666666666663,10.095416666666669,218.6845833333333,1.2041666666666666,10.497916666666669,219.67208333333332,0.0,26.825,0.0,24.13416666666667,1018.38,3.3216666666666668,0.32,0.0,0.0
MET,Mettam’s Pool,March 25,"2024, 5 p.m.",25-Mar-24   5 p.m.,10,Glassy,5m out the back,2024,5 PM,March 25 2024 5 PM,2024-03-25 17:00:00,2024-03-25 17:00:00+08:00,2024-03-25 09:00:00+00:00,2024-03-25,09:00:00,134,2024-03-25,22.507500000000004,21.269583333333333,4.60375,149.51874999999998,1.3075,11.079166666666666,215.135,1.2754166666666666,11.4975,216.62291666666667,0.0375,26.73333333333333,0.0,24.131666666666664,1018.69625,3.701666666666666,0.3129166666666667,22.507500000000004,21.269583333333333,4.60375,149.51874999999998,1.3075,11.079166666666666,215.135,1.2754166666666666,11.4975,216.62291666666667,0.0375,26.73333333333333,0.0,24.131666666666664,1018.69625,3.701666666666666,0.3129166666666667,22.507500000000004,21.269583333333333,4.60375,149.51874999999998,1.3075,11.079166666666666,215.135,1.2754166666666666,11.4975,216.62291666666667,0.0375,26.73333333333333,0.0,24.131666666666664,1018.69625,3.701666666666666,0.3129166666666667,0.0,0.0
RTS,Rottnest South,March 24,"2024, 11 a.m.",24-Mar-24   11 a.m.,25,Fair,Little salmon bay and Parker point,2024,11 AM,March 24 2024 11 AM,2024-03-24 11:00:00,2024-03-24 11:00:00+08:00,2024-03-24 03:00:00+00:00,2024-03-24,03:00:00,135,2024-03-24,20.905416666666667,21.485416666666666,4.929166666666666,116.99375,1.174583333333333,10.087083333333334,211.72916666666663,1.1254166666666665,10.689166666666669,216.51541666666665,0.0,61.45,0.0,24.1325,1022.7258333333334,7.34,0.2845833333333333,20.905416666666667,21.485416666666666,4.929166666666666,116.99375,1.174583333333333,10.087083333333334,211.72916666666663,1.1254166666666665,10.689166666666669,216.51541666666665,0.0,61.45,0.0,24.1325,1022.7258333333334,7.34,0.2845833333333333,20.905416666666667,21.485416666666666,4.929166666666666,116.99375,1.174583333333333,10.087083333333334,211.72916666666663,1.1254166666666665,10.689166666666669,216.51541666666665,0.0,61.45,0.0,24.1325,1022.7258333333334,7.34,0.2845833333333333,0.0,0.0
RNE,Rottnest East,March 23,"2024, 2 p.m.",23-Mar-24   2 p.m.,8,Fair,Uribes wreck - some swell sets rolling through,2024,2 PM,March 23 2024 2 PM,2024-03-23 14:00:00,2024-03-23 14:00:00+08:00,2024-03-23 06:00:00+00:00,2024-03-23,06:00:00,136,2024-03-23,21.147916666666667,21.508333333333336,6.9437500000000005,106.36375,1.4229166666666666,10.352916666666667,200.985,1.257083333333333,12.095,217.88041666666663,0.0,59.79583333333333,0.0,24.133333333333336,1026.635,10.138333333333334,0.2741666666666666,21.147916666666667,21.508333333333336,6.9437500000000005,106.36375,1.4229166666666666,10.352916666666667,200.985,1.257083333333333,12.095,217.88041666666663,0.0,59.79583333333333,0.0,24.133333333333336,1026.635,10.138333333333334,0.2741666666666666,21.147916666666667,21.508333333333336,6.9437500000000005,106.36375,1.4229166666666666,10.352916666666667,200.985,1.257083333333333,12.095,217.88041666666663,0.0,59.79583333333333,0.0,24.133333333333336,1026.635,10.138333333333334,0.2741666666666666,0.0,0.0
RNN,Rottnest North,March 23,"2024, 9 a.m.",23-Mar-24   9 a.m.,10,Fair,City of York bay shallow. 21C,2024,9 AM,March 23 2024 9 AM,2024-03-23 09:00:00,2024-03-23 09:00:00+08:00,2024-03-23 01:00:00+00:00,2024-03-23,01:00:00,137,2024-03-23,21.147916666666667,21.508333333333336,6.9437500000000005,106.36375,1.4229166666666666,10.352916666666667,200.985,1.257083333333333,12.095,217.88041666666663,0.0,59.79583333333333,0.0,24.133333333333336,1026.635,10.138333333333334,0.2741666666666666,21.147916666666667,21.508333333333336,6.9437500000000005,106.36375,1.4229166666666666,10.352916666666667,200.985,1.257083333333333,12.095,217.88041666666663,0.0,59.79583333333333,0.0,24.133333333333336,1026.635,10.138333333333334,0.2741666666666666,21.147916666666667,21.508333333333336,6.9437500000000005,106.36375,1.4229166666666666,10.352916666666667,200.985,1.257083333333333,12.095,217.88041666666663,0.0,59.79583333333333,0.0,24.133333333333336,1026.635,10.138333333333334,0.2741666666666666,0.0,0.0
MET,Mettam’s Pool,March 21,"2024, 6 a.m.",21-Mar-24   6 a.m.,4,Glassy,"Little to do debris on the sand banks, very clear, more debris on the reef where the waves crash",2024,6 AM,March 21 2024 6 AM,2024-03-21 06:00:00,2024-03-21 06:00:00+08:00,2024-03-20 22:00:00+00:00,2024-03-20,22:00:00,138,2024-03-20,22.705,21.34958333333333,6.858333333333333,111.91291666666666,1.6216666666666668,10.017083333333334,206.4245833333333,1.4879166666666668,11.097499999999998,217.30208333333331,53.675,28.516666666666666,0.0,24.133333333333336,1021.6475,9.784583333333332,0.20875,22.705,21.34958333333333,6.858333333333333,111.91291666666666,1.6216666666666668,10.017083333333334,206.4245833333333,1.4879166666666668,11.097499999999998,217.30208333333331,53.675,28.516666666666666,0.0,24.133333333333336,1021.6475,9.784583333333332,0.20875,22.705,21.34958333333333,6.858333333333333,111.91291666666666,1.6216666666666668,10.017083333333334,206.4245833333333,1.4879166666666668,11.097499999999998,217.30208333333331,53.675,28.516666666666666,0.0,24.133333333333336,1021.6475,9.784583333333332,0.20875,0.0,0.0
AMJ,Ammo Jetty,March 20,"2024, 7 p.m.",20-Mar-24   7 p.m.,15,Glassy,"Amazing Dive. Pt Jackson, Seahorses, Nudi's, Boxfish, Baler Shell. Vis for miles",2024,7 PM,March 20 2024 7 PM,2024-03-20 19:00:00,2024-03-20 19:00:00+08:00,2024-03-20 11:00:00+00:00,2024-03-20,11:00:00,139,2024-03-20,22.705,21.464583333333334,5.851666666666667,108.9,1.4270833333333333,10.154583333333331,214.83166666666668,1.3266666666666669,11.094583333333333,223.2995833333333,53.675,28.516666666666666,0.0,24.133333333333336,1021.6475,9.784583333333332,0.1995833333333333,22.705,21.464583333333334,5.851666666666667,108.9,1.4270833333333333,10.154583333333331,214.83166666666668,1.3266666666666669,11.094583333333333,223.2995833333333,53.675,28.516666666666666,0.0,24.133333333333336,1021.6475,9.784583333333332,0.1995833333333333,22.705,21.464583333333334,5.851666666666667,108.9,1.4270833333333333,10.154583333333331,214.83166666666668,1.3266666666666669,11.094583333333333,223.2995833333333,53.675,28.516666666666666,0.0,24.133333333333336,1021.6475,9.784583333333332,0.1995833333333333,0.0,0.0
MET,Mettam’s Pool,March 20,"2024, 2 p.m.",20-Mar-24   2 p.m.,3,Fair,Out the back,2024,2 PM,March 20 2024 2 PM,2024-03-20 14:00:00,2024-03-20 14:00:00+08:00,2024-03-20 06:00:00+00:00,2024-03-20,06:00:00,140,2024-03-20,22.705,21.34958333333333,6.858333333333333,111.91291666666666,1.6216666666666668,10.017083333333334,206.4245833333333,1.4879166666666668,11.097499999999998,217.30208333333331,53.675,28.516666666666666,0.0,24.133333333333336,1021.6475,9.784583333333332,0.20875,22.705,21.34958333333333,6.858333333333333,111.91291666666666,1.6216666666666668,10.017083333333334,206.4245833333333,1.4879166666666668,11.097499999999998,217.30208333333331,53.675,28.516666666666666,0.0,24.133333333333336,1021.6475,9.784583333333332,0.20875,22.705,21.34958333333333,6.858333333333333,111.91291666666666,1.6216666666666668,10.017083333333334,206.4245833333333,1.4879166666666668,11.097499999999998,217.30208333333331,53.675,28.516666666666666,0.0,24.133333333333336,1021.6475,9.784583333333332,0.20875,0.0,0.0
SCR,South Cottesloe Reef,March 19,"2024, 8 p.m.",19-Mar-24   8 p.m.,10,Glassy,"Best over sponge gardens and outer sand, 23c.",2024,8 PM,March 19 2024 8 PM,2024-03-19 20:00:00,2024-03-19 20:00:00+08:00,2024-03-19 12:00:00+00:00,2024-03-19,12:00:00,141,2024-03-19,20.284166666666668,21.567083333333333,8.68625,103.49333333333334,2.0466666666666664,10.2475,204.14041666666665,1.8075,11.9875,221.55416666666667,99.675,52.6375,0.0,24.137083333333333,1022.4545833333332,11.454583333333334,0.1775,20.284166666666668,21.567083333333333,8.68625,103.49333333333334,2.0466666666666664,10.2475,204.14041666666665,1.8075,11.9875,221.55416666666667,99.675,52.6375,0.0,24.137083333333333,1022.4545833333332,11.454583333333334,0.1775,20.284166666666668,21.567083333333333,8.68625,103.49333333333334,2.0466666666666664,10.2475,204.14041666666665,1.8075,11.9875,221.55416666666667,99.675,52.6375,0.0,24.137083333333333,1022.4545833333332,11.454583333333334,0.1775,0.0,0.0
MET,Mettam’s Pool,March 16,"2024, 10 a.m.",16-Mar-24   10 a.m.,2,Fair,Flat but cloudy vis,2024,10 AM,March 16 2024 10 AM,2024-03-16 10:00:00,2024-03-16 10:00:00+08:00,2024-03-16 02:00:00+00:00,2024-03-16,02:00:00,142,2024-03-16,25.58083333333333,22.015,5.73125,186.2475,1.346666666666667,10.415,217.8033333333333,1.2295833333333337,11.775416666666668,221.85125,97.30625,50.45416666666667,0.0,24.133750000000003,1010.5454166666668,3.7116666666666656,0.3183333333333333,25.58083333333333,22.015,5.73125,186.2475,1.346666666666667,10.415,217.8033333333333,1.2295833333333337,11.775416666666668,221.85125,97.30625,50.45416666666667,0.0,24.133750000000003,1010.5454166666668,3.7116666666666656,0.3183333333333333,25.58083333333333,22.015,5.73125,186.2475,1.346666666666667,10.415,217.8033333333333,1.2295833333333337,11.775416666666668,221.85125,97.30625,50.45416666666667,0.0,24.133750000000003,1010.5454166666668,3.7116666666666656,0.3183333333333333,0.0,0.0
SCR,South Cottesloe Reef,March 16,"2024, 10 a.m.",16-Mar-24   10 a.m.,12,Glassy,"Awesome viz, all the way from the sand up into the reef.",2024,10 AM,March 16 2024 10 AM,2024-03-16 10:00:00,2024-03-16 10:00:00+08:00,2024-03-16 02:00:00+00:00,2024-03-16,02:00:00,143,2024-03-16,21.99625,22.16,5.2675,192.76875,1.205833333333333,10.484166666666669,224.075,1.1183333333333334,11.657916666666669,227.2120833333333,78.28125,83.29166666666667,0.0,24.133750000000003,1010.8520833333332,7.50375,0.3108333333333333,21.99625,22.16,5.2675,192.76875,1.205833333333333,10.484166666666669,224.075,1.1183333333333334,11.657916666666669,227.2120833333333,78.28125,83.29166666666667,0.0,24.133750000000003,1010.8520833333332,7.50375,0.3108333333333333,21.99625,22.16,5.2675,192.76875,1.205833333333333,10.484166666666669,224.075,1.1183333333333334,11.657916666666669,227.2120833333333,78.28125,83.29166666666667,0.0,24.133750000000003,1010.8520833333332,7.50375,0.3108333333333333,0.0,0.0
TWR,Two Rocks,March 16,"2024, 9 a.m.",16-Mar-24   9 a.m.,15,Fair,-,2024,9 AM,March 16 2024 9 AM,2024-03-16 09:00:00,2024-03-16 09:00:00+08:00,2024-03-16 01:00:00+00:00,2024-03-16,01:00:00,144,2024-03-16,22.664583333333336,22.789166666666663,4.901666666666666,182.33541666666667,1.14625,10.270416666666668,217.54916666666668,1.0633333333333332,11.476666666666668,221.5275,90.0,80.36666666666666,0.0,24.133750000000003,1010.64,7.416666666666667,0.3316666666666667,22.664583333333336,22.789166666666663,4.901666666666666,182.33541666666667,1.14625,10.270416666666668,217.54916666666668,1.0633333333333332,11.476666666666668,221.5275,90.0,80.36666666666666,0.0,24.133750000000003,1010.64,7.416666666666667,0.3316666666666667,22.664583333333336,22.789166666666663,4.901666666666666,182.33541666666667,1.14625,10.270416666666668,217.54916666666668,1.0633333333333332,11.476666666666668,221.5275,90.0,80.36666666666666,0.0,24.133750000000003,1010.64,7.416666666666667,0.3316666666666667,0.0,0.0
FRE,South Fremantle,March 15,"2024, 9 p.m.",15-Mar-24   9 p.m.,6,Fair,"South Mole, lots of plankton in the water but otherwise pretty good vis.",2024,9 PM,March 15 2024 9 PM,2024-03-15 21:00:00,2024-03-15 21:00:00+08:00,2024-03-15 13:00:00+00:00,2024-03-15,13:00:00,145,2024-03-15,22.999583333333334,22.285416666666663,5.182916666666666,132.65625,0.9691666666666668,8.741249999999999,213.34708333333333,0.88,9.914166666666668,221.19458333333333,99.56666666666666,78.8,0.0,24.132916666666663,1011.1845833333332,8.217083333333333,0.2595833333333333,22.999583333333334,22.285416666666663,5.182916666666666,132.65625,0.9691666666666668,8.741249999999999,213.34708333333333,0.88,9.914166666666668,221.19458333333333,99.56666666666666,78.8,0.0,24.132916666666663,1011.1845833333332,8.217083333333333,0.2595833333333333,22.999583333333334,22.285416666666663,5.182916666666666,132.65625,0.9691666666666668,8.741249999999999,213.34708333333333,0.88,9.914166666666668,221.19458333333333,99.56666666666666,78.8,0.0,24.132916666666663,1011.1845833333332,8.217083333333333,0.2595833333333333,0.0,0.0
MET,Mettam’s Pool,March 15,"2024, 1 p.m.",15-Mar-24   1 p.m.,2,Fair,Milky AF,2024,1 PM,March 15 2024 1 PM,2024-03-15 13:00:00,2024-03-15 13:00:00+08:00,2024-03-15 05:00:00+00:00,2024-03-15,05:00:00,146,2024-03-15,25.862916666666667,21.89916666666667,5.732500000000001,139.68625,1.1133333333333333,8.60875,206.15125,0.98875,9.96,215.395,98.93333333333334,57.0,0.0,24.132916666666663,1011.3204166666666,8.774166666666668,0.2670833333333333,25.862916666666667,21.89916666666667,5.732500000000001,139.68625,1.1133333333333333,8.60875,206.15125,0.98875,9.96,215.395,98.93333333333334,57.0,0.0,24.132916666666663,1011.3204166666666,8.774166666666668,0.2670833333333333,25.862916666666667,21.89916666666667,5.732500000000001,139.68625,1.1133333333333333,8.60875,206.15125,0.98875,9.96,215.395,98.93333333333334,57.0,0.0,24.132916666666663,1011.3204166666666,8.774166666666668,0.2670833333333333,0.0,0.0
MET,Mettam’s Pool,March 15,"2024, 7 a.m.",15-Mar-24   7 a.m.,2,Fair,Very cloudy vis,2024,7 AM,March 15 2024 7 AM,2024-03-15 07:00:00,2024-03-15 07:00:00+08:00,2024-03-14 23:00:00+00:00,2024-03-14,23:00:00,147,2024-03-14,24.195833333333336,21.639166666666668,6.435416666666666,135.09,1.1970833333333333,8.396666666666667,202.65541666666664,1.0758333333333334,9.649583333333334,214.35041666666663,78.0625,62.22916666666666,0.0,24.131666666666664,1013.0008333333334,9.761666666666668,0.24,24.195833333333336,21.639166666666668,6.435416666666666,135.09,1.1970833333333333,8.396666666666667,202.65541666666664,1.0758333333333334,9.649583333333334,214.35041666666663,78.0625,62.22916666666666,0.0,24.131666666666664,1013.0008333333334,9.761666666666668,0.24,24.195833333333336,21.639166666666668,6.435416666666666,135.09,1.1970833333333333,8.396666666666667,202.65541666666664,1.0758333333333334,9.649583333333334,214.35041666666663,78.0625,62.22916666666666,0.0,24.131666666666664,1013.0008333333334,9.761666666666668,0.24,0.0,0.0
SCR,South Cottesloe Reef,March 14,"2024, 8 p.m.",14-Mar-24   8 p.m.,5,Glassy,"Northern end of Dutch Inn beach, viz even better way out over sand",2024,8 PM,March 14 2024 8 PM,2024-03-14 20:00:00,2024-03-14 20:00:00+08:00,2024-03-14 12:00:00+00:00,2024-03-14,12:00:00,148,2024-03-14,22.6825,22.251666666666665,5.645416666666667,134.0275,1.03,8.598333333333334,207.98333333333332,0.9454166666666668,9.647916666666667,219.0895833333333,66.06666666666666,77.375,0.0,24.131666666666664,1012.8004166666666,9.77375,0.2341666666666666,22.6825,22.251666666666665,5.645416666666667,134.0275,1.03,8.598333333333334,207.98333333333332,0.9454166666666668,9.647916666666667,219.0895833333333,66.06666666666666,77.375,0.0,24.131666666666664,1012.8004166666666,9.77375,0.2341666666666666,22.6825,22.251666666666665,5.645416666666667,134.0275,1.03,8.598333333333334,207.98333333333332,0.9454166666666668,9.647916666666667,219.0895833333333,66.06666666666666,77.375,0.0,24.131666666666664,1012.8004166666666,9.77375,0.2341666666666666,0.0,0.0
MET,Mettam’s Pool,March 14,"2024, 6 a.m.",14-Mar-24   6 a.m.,3,Fair,Flat but milky as,2024,6 AM,March 14 2024 6 AM,2024-03-14 06:00:00,2024-03-14 06:00:00+08:00,2024-03-13 22:00:00+00:00,2024-03-13,22:00:00,149,2024-03-13,24.25583333333333,21.685,6.444166666666667,143.54999999999998,1.6620833333333334,9.950833333333334,211.59916666666663,1.5329166666666667,11.019583333333337,216.67166666666665,5.445833333333333,59.91666666666666,0.0,24.132916666666663,1012.44375,9.0175,0.2474999999999999,24.25583333333333,21.685,6.444166666666667,143.54999999999998,1.6620833333333334,9.950833333333334,211.59916666666663,1.5329166666666667,11.019583333333337,216.67166666666665,5.445833333333333,59.91666666666666,0.0,24.132916666666663,1012.44375,9.0175,0.2474999999999999,24.25583333333333,21.685,6.444166666666667,143.54999999999998,1.6620833333333334,9.950833333333334,211.59916666666663,1.5329166666666667,11.019583333333337,216.67166666666665,5.445833333333333,59.91666666666666,0.0,24.132916666666663,1012.44375,9.0175,0.2474999999999999,0.0,0.0
SCR,South Cottesloe Reef,March 13,"2024, 6 a.m.",13-Mar-24   6 a.m.,2,Fair,Super flat but super milky,2024,6 AM,March 13 2024 6 AM,2024-03-13 06:00:00,2024-03-13 06:00:00+08:00,2024-03-12 22:00:00+00:00,2024-03-12,22:00:00,150,2024-03-12,21.722916666666663,22.04958333333333,5.285833333333334,136.3420833333333,2.205416666666667,13.540416666666667,221.1875,1.9525,12.565,221.90625,0.325,75.60000000000001,0.0,24.13458333333333,1013.05,7.54,0.2070833333333333,21.722916666666663,22.04958333333333,5.285833333333334,136.3420833333333,2.205416666666667,13.540416666666667,221.1875,1.9525,12.565,221.90625,0.325,75.60000000000001,0.0,24.13458333333333,1013.05,7.54,0.2070833333333333,21.722916666666663,22.04958333333333,5.285833333333334,136.3420833333333,2.205416666666667,13.540416666666667,221.1875,1.9525,12.565,221.90625,0.325,75.60000000000001,0.0,24.13458333333333,1013.05,7.54,0.2070833333333333,0.0,0.0
CMT,Coogee Maritime Trail,March 8,"2024, 10 a.m.",8-Mar-24   10 a.m.,5,Glassy,Milky,2024,10 AM,March 8 2024 10 AM,2024-03-08 10:00:00,2024-03-08 10:00:00+08:00,2024-03-08 02:00:00+00:00,2024-03-08,02:00:00,152,2024-03-08,21.074583333333333,22.37875,9.142083333333334,195.9183333333333,2.30125,9.289166666666668,220.89666666666668,1.7766666666666666,11.002916666666666,230.82375,22.745833333333334,60.66666666666666,1.81,24.06041666666667,1010.42625,8.70875,0.2325,21.074583333333333,22.37875,9.142083333333334,195.9183333333333,2.30125,9.289166666666668,220.89666666666668,1.7766666666666666,11.002916666666666,230.82375,22.745833333333334,60.66666666666666,1.81,24.06041666666667,1010.42625,8.70875,0.2325,21.074583333333333,22.37875,9.142083333333334,195.9183333333333,2.30125,9.289166666666668,220.89666666666668,1.7766666666666666,11.002916666666666,230.82375,22.745833333333334,60.66666666666666,1.81,24.06041666666667,1010.42625,8.70875,0.2325,2.06,2.06
CAM,Camilla Wreck,March 8,"2024, 9 a.m.",8-Mar-24   9 a.m.,4,Fair,Milky,2024,9 AM,March 8 2024 9 AM,2024-03-08 09:00:00,2024-03-08 09:00:00+08:00,2024-03-08 01:00:00+00:00,2024-03-08,01:00:00,153,2024-03-08,21.074583333333333,22.220416666666665,8.995833333333334,198.0925,2.07875,9.17875,225.52625,1.600833333333333,10.856666666666667,235.18166666666664,22.745833333333334,60.66666666666666,1.81,24.06041666666667,1010.42625,8.70875,0.2254166666666666,21.074583333333333,22.220416666666665,8.995833333333334,198.0925,2.07875,9.17875,225.52625,1.600833333333333,10.856666666666667,235.18166666666664,22.745833333333334,60.66666666666666,1.81,24.06041666666667,1010.42625,8.70875,0.2254166666666666,21.074583333333333,22.220416666666665,8.995833333333334,198.0925,2.07875,9.17875,225.52625,1.600833333333333,10.856666666666667,235.18166666666664,22.745833333333334,60.66666666666666,1.81,24.06041666666667,1010.42625,8.70875,0.2254166666666666,1.72,1.7200000000000002
SCR,South Cottesloe Reef,March 4,"2024, 6 a.m.",4-Mar-24   6 a.m.,1,Fair,"Lots of debri in the water , wind starting to pick up",2024,6 AM,March 4 2024 6 AM,2024-03-04 06:00:00,2024-03-04 06:00:00+08:00,2024-03-03 22:00:00+00:00,2024-03-03,22:00:00,154,2024-03-03,22.480833333333333,22.77541666666667,3.6825,202.24916666666664,1.3266666666666669,10.637083333333331,221.5354166666667,1.2816666666666665,11.016666666666666,222.38291666666663,28.5875,86.71249999999999,2.08,24.133750000000003,1008.9666666666668,6.798333333333333,0.23625,22.480833333333333,22.77541666666667,3.6825,202.24916666666664,1.3266666666666669,10.637083333333331,221.5354166666667,1.2816666666666665,11.016666666666666,222.38291666666663,28.5875,86.71249999999999,2.08,24.133750000000003,1008.9666666666668,6.798333333333333,0.23625,22.480833333333333,22.77541666666667,3.6825,202.24916666666664,1.3266666666666669,10.637083333333331,221.5354166666667,1.2816666666666665,11.016666666666666,222.38291666666663,28.5875,86.71249999999999,2.08,24.133750000000003,1008.9666666666668,6.798333333333333,0.23625,2.65,9.81
NMF,North Mole Fremantle,March 1,"2024, 7 p.m.",1-Mar-24   7 p.m.,2,Windy,"24c, heavy sediment, intermittent surge, pygmies, pipe, sole, tubemouth",2024,7 PM,March 1 2024 7 PM,2024-03-01 19:00:00,2024-03-01 19:00:00+08:00,2024-03-01 11:00:00+00:00,2024-03-01,11:00:00,155,2024-03-01,22.975416666666664,22.15875,7.510000000000001,134.28541666666666,2.4266666666666667,12.05625,211.0758333333333,2.316666666666667,12.86125,216.54916666666668,10.466666666666669,71.66666666666667,2.46,23.36916666666667,1010.7954166666668,11.660833333333334,0.1158333333333333,22.975416666666664,22.15875,7.510000000000001,134.28541666666666,2.4266666666666667,12.05625,211.0758333333333,2.316666666666667,12.86125,216.54916666666668,10.466666666666669,71.66666666666667,2.46,23.36916666666667,1010.7954166666668,11.660833333333334,0.1158333333333333,22.975416666666664,22.15875,7.510000000000001,134.28541666666666,2.4266666666666667,12.05625,211.0758333333333,2.316666666666667,12.86125,216.54916666666668,10.466666666666669,71.66666666666667,2.46,23.36916666666667,1010.7954166666668,11.660833333333334,0.1158333333333333,0.0,0.0
NMF,North Mole Fremantle,Feb. 28,"2024, 6 p.m.",28-Feb-24   6 p.m.,5,Windy,"24c, better viz over sand, a bit surgy at wreck. Lots of pygmy and pipefish",2024,6 PM,Feb 28 2024 6 PM,2024-02-28 18:00:00,2024-02-28 18:00:00+08:00,2024-02-28 10:00:00+00:00,2024-02-28,10:00:00,156,2024-02-28,20.360416666666666,22.260416666666668,6.843333333333334,164.78083333333333,2.0866666666666664,10.163333333333334,215.94416666666663,1.923333333333333,11.076666666666666,220.61041666666665,85.02916666666667,69.82083333333334,0.0,24.133333333333336,1012.0520833333334,9.45625,0.2041666666666667,20.360416666666666,22.260416666666668,6.843333333333334,164.78083333333333,2.0866666666666664,10.163333333333334,215.94416666666663,1.923333333333333,11.076666666666666,220.61041666666665,85.02916666666667,69.82083333333334,0.0,24.133333333333336,1012.0520833333334,9.45625,0.2041666666666667,20.360416666666666,22.260416666666668,6.843333333333334,164.78083333333333,2.0866666666666664,10.163333333333334,215.94416666666663,1.923333333333333,11.076666666666666,220.61041666666665,85.02916666666667,69.82083333333334,0.0,24.133333333333336,1012.0520833333334,9.45625,0.2041666666666667,0.0,0.0
NMF,North Mole Fremantle,Feb. 17,"2024, 8 p.m.",17-Feb-24   8 p.m.,10,Glassy,"23C, excellent conditions",2024,8 PM,Feb 17 2024 8 PM,2024-02-17 20:00:00,2024-02-17 20:00:00+08:00,2024-02-17 12:00:00+00:00,2024-02-17,12:00:00,157,2024-02-17,22.31458333333333,22.825,4.252916666666667,162.27791666666667,1.55375,11.208333333333334,218.3075,1.5320833333333337,11.445833333333333,218.82416666666663,67.01666666666667,74.35000000000001,0.0,24.137083333333333,1015.4845833333334,7.813333333333333,0.1979166666666666,22.31458333333333,22.825,4.252916666666667,162.27791666666667,1.55375,11.208333333333334,218.3075,1.5320833333333337,11.445833333333333,218.82416666666663,67.01666666666667,74.35000000000001,0.0,24.137083333333333,1015.4845833333334,7.813333333333333,0.1979166666666666,22.31458333333333,22.825,4.252916666666667,162.27791666666667,1.55375,11.208333333333334,218.3075,1.5320833333333337,11.445833333333333,218.82416666666663,67.01666666666667,74.35000000000001,0.0,24.137083333333333,1015.4845833333334,7.813333333333333,0.1979166666666666,0.0,0.0
SCR,South Cottesloe Reef,Feb. 14,"2024, 6 p.m.",14-Feb-24   6 p.m.,3,Fair,Coagulated kind of organic suspension,2024,6 PM,Feb 14 2024 6 PM,2024-02-14 18:00:00,2024-02-14 18:00:00+08:00,2024-02-14 10:00:00+00:00,2024-02-14,10:00:00,158,2024-02-14,22.738333333333333,22.18583333333333,5.708333333333333,150.88791666666663,1.6441666666666668,10.28875,210.16708333333332,1.56625,10.977083333333333,212.4820833333333,58.1125,65.39999999999999,0.0,24.13458333333333,1012.2791666666668,8.864166666666668,0.0854166666666666,22.738333333333333,22.18583333333333,5.708333333333333,150.88791666666663,1.6441666666666668,10.28875,210.16708333333332,1.56625,10.977083333333333,212.4820833333333,58.1125,65.39999999999999,0.0,24.13458333333333,1012.2791666666668,8.864166666666668,0.0854166666666666,22.738333333333333,22.18583333333333,5.708333333333333,150.88791666666663,1.6441666666666668,10.28875,210.16708333333332,1.56625,10.977083333333333,212.4820833333333,58.1125,65.39999999999999,0.0,24.13458333333333,1012.2791666666668,8.864166666666668,0.0854166666666666,0.0,0.0
RKM,Rockingham Dive Trail,Feb. 14,"2024, 8 a.m.",14-Feb-24   8 a.m.,4,Fair,"2-6m 2-3m at depth, better in shallow",2024,8 AM,Feb 14 2024 8 AM,2024-02-14 08:00:00,2024-02-14 08:00:00+08:00,2024-02-14 00:00:00+00:00,2024-02-14,00:00:00,159,2024-02-14,22.692916666666665,21.979166666666668,5.5008333333333335,153.43666666666667,1.4083333333333332,10.29125,215.00583333333336,1.33125,11.070833333333333,217.52375,79.00416666666666,64.80833333333334,0.0,24.13458333333333,1012.9745833333332,8.434583333333334,0.09375,22.692916666666665,21.979166666666668,5.5008333333333335,153.43666666666667,1.4083333333333332,10.29125,215.00583333333336,1.33125,11.070833333333333,217.52375,79.00416666666666,64.80833333333334,0.0,24.13458333333333,1012.9745833333332,8.434583333333334,0.09375,22.692916666666665,21.979166666666668,5.5008333333333335,153.43666666666667,1.4083333333333332,10.29125,215.00583333333336,1.33125,11.070833333333333,217.52375,79.00416666666666,64.80833333333334,0.0,24.13458333333333,1012.9745833333332,8.434583333333334,0.09375,0.0,0.0
RKM,Rockingham Dive Trail,Feb. 11,"2024, 10 a.m.",11-Feb-24   10 a.m.,8,Fair,"Good across all depths, jellyfish have left.",2024,10 AM,Feb 11 2024 10 AM,2024-02-11 10:00:00,2024-02-11 10:00:00+08:00,2024-02-11 02:00:00+00:00,2024-02-11,02:00:00,160,2024-02-11,22.11625,22.3175,6.579583333333333,185.30083333333332,1.34875,8.073333333333332,218.05,1.2120833333333334,9.211666666666666,223.1233333333333,0.0,75.85416666666667,0.0,24.1325,1013.33375,11.20375,0.16375,22.11625,22.3175,6.579583333333333,185.30083333333332,1.34875,8.073333333333332,218.05,1.2120833333333334,9.211666666666666,223.1233333333333,0.0,75.85416666666667,0.0,24.1325,1013.33375,11.20375,0.16375,22.11625,22.3175,6.579583333333333,185.30083333333332,1.34875,8.073333333333332,218.05,1.2120833333333334,9.211666666666666,223.1233333333333,0.0,75.85416666666667,0.0,24.1325,1013.33375,11.20375,0.16375,0.0,0.0
CAN,Canal Rocks,Feb. 10,"2024, 9 a.m.",10-Feb-24   9 a.m.,25,Fair,Sat 10/2/24 Sugarloaf too.,2024,9 AM,Feb 10 2024 9 AM,2024-02-10 09:00:00,2024-02-10 09:00:00+08:00,2024-02-10 01:00:00+00:00,2024-02-10,01:00:00,161,2024-02-10,21.5125,20.60375,5.41125,188.91291666666663,1.086666666666667,5.245833333333334,224.92541666666668,0.8920833333333333,7.597083333333334,228.6325,0.075,74.8875,0.0,24.13625,1015.6166666666668,8.393749999999999,0.1295833333333333,21.5125,20.60375,5.41125,188.91291666666663,1.086666666666667,5.245833333333334,224.92541666666668,0.8920833333333333,7.597083333333334,228.6325,0.075,74.8875,0.0,24.13625,1015.6166666666668,8.393749999999999,0.1295833333333333,21.5125,20.60375,5.41125,188.91291666666663,1.086666666666667,5.245833333333334,224.92541666666668,0.8920833333333333,7.597083333333334,228.6325,0.075,74.8875,0.0,24.13625,1015.6166666666668,8.393749999999999,0.1295833333333333,0.0,0.0
PRT,Port Beach,Feb. 7,"2024, 8 p.m.",7-Feb-24   8 p.m.,3,Fair,"Snot filled, but pretty free of Jellyfish. 2-4m",2024,8 PM,Feb 7 2024 8 PM,2024-02-07 20:00:00,2024-02-07 20:00:00+08:00,2024-02-07 12:00:00+00:00,2024-02-07,12:00:00,162,2024-02-07,23.44333333333333,21.74125,4.895833333333333,139.32041666666666,1.028333333333333,7.569166666666667,210.62416666666664,0.9491666666666668,8.32375,216.0570833333333,0.0,57.05833333333334,0.0,24.13458333333333,1016.6604166666666,9.012083333333331,0.0570833333333333,23.44333333333333,21.74125,4.895833333333333,139.32041666666666,1.028333333333333,7.569166666666667,210.62416666666664,0.9491666666666668,8.32375,216.0570833333333,0.0,57.05833333333334,0.0,24.13458333333333,1016.6604166666666,9.012083333333331,0.0570833333333333,23.44333333333333,21.74125,4.895833333333333,139.32041666666666,1.028333333333333,7.569166666666667,210.62416666666664,0.9491666666666668,8.32375,216.0570833333333,0.0,57.05833333333334,0.0,24.13458333333333,1016.6604166666666,9.012083333333331,0.0570833333333333,0.0,0.0
WOO,Woodman Point,Feb. 4,"2024, 9 a.m.",4-Feb-24   9 a.m.,4,Fair,3-4m vis across both sides.,2024,9 AM,Feb 4 2024 9 AM,2024-02-04 09:00:00,2024-02-04 09:00:00+08:00,2024-02-04 01:00:00+00:00,2024-02-04,01:00:00,163,2024-02-04,18.6825,21.611666666666665,9.687916666666666,167.51708333333332,1.98,8.227083333333333,216.5445833333333,1.53625,10.124166666666666,232.1233333333333,5.379166666666666,63.05416666666667,0.0,24.13583333333333,1016.71625,12.62375,0.05375,18.6825,21.611666666666665,9.687916666666666,167.51708333333332,1.98,8.227083333333333,216.5445833333333,1.53625,10.124166666666666,232.1233333333333,5.379166666666666,63.05416666666667,0.0,24.13583333333333,1016.71625,12.62375,0.05375,18.6825,21.611666666666665,9.687916666666666,167.51708333333332,1.98,8.227083333333333,216.5445833333333,1.53625,10.124166666666666,232.1233333333333,5.379166666666666,63.05416666666667,0.0,24.13583333333333,1016.71625,12.62375,0.05375,0.0,0.0
PRT,Port Beach,Feb. 1,"2024, 8 p.m.",1-Feb-24   8 p.m.,3,Fair,"2-3m, worse in close.",2024,8 PM,Feb 1 2024 8 PM,2024-02-01 20:00:00,2024-02-01 20:00:00+08:00,2024-02-01 12:00:00+00:00,2024-02-01,12:00:00,164,2024-02-01,23.93625,22.906666666666663,3.9875,203.8345833333333,1.7591666666666663,11.469583333333333,229.21833333333333,1.7404166666666667,11.665416666666667,229.75458333333333,0.9125,70.85833333333333,0.0,24.136666666666667,1011.6583333333332,7.359999999999999,0.1425,23.93625,22.906666666666663,3.9875,203.8345833333333,1.7591666666666663,11.469583333333333,229.21833333333333,1.7404166666666667,11.665416666666667,229.75458333333333,0.9125,70.85833333333333,0.0,24.136666666666667,1011.6583333333332,7.359999999999999,0.1425,23.93625,22.906666666666663,3.9875,203.8345833333333,1.7591666666666663,11.469583333333333,229.21833333333333,1.7404166666666667,11.665416666666667,229.75458333333333,0.9125,70.85833333333333,0.0,24.136666666666667,1011.6583333333332,7.359999999999999,0.1425,0.0,0.0
RNN,Rottnest North,Jan. 27,"2024, 1 p.m.",27-Jan-24   1 p.m.,8,Fair,Murky and cold at city of York beach. Not as good as elsewhere on the island today,2024,1 PM,Jan 27 2024 1 PM,2024-01-27 13:00:00,2024-01-27 13:00:00+08:00,2024-01-27 05:00:00+00:00,2024-01-27,05:00:00,165,2024-01-27,21.83333333333333,22.43958333333333,5.44,185.16125,1.3529166666666663,8.792083333333332,219.57416666666663,1.2658333333333334,9.536666666666669,222.75333333333333,0.0,69.27499999999999,0.0,24.135,1009.61,7.137083333333333,0.0141666666666666,21.83333333333333,22.43958333333333,5.44,185.16125,1.3529166666666663,8.792083333333332,219.57416666666663,1.2658333333333334,9.536666666666669,222.75333333333333,0.0,69.27499999999999,0.0,24.135,1009.61,7.137083333333333,0.0141666666666666,21.83333333333333,22.43958333333333,5.44,185.16125,1.3529166666666663,8.792083333333332,219.57416666666663,1.2658333333333334,9.536666666666669,222.75333333333333,0.0,69.27499999999999,0.0,24.135,1009.61,7.137083333333333,0.0141666666666666,0.0,0.0
RTS,Rottnest South,Jan. 27,"2024, 10 a.m.",27-Jan-24   10 a.m.,16,Glassy,Little Salmon and Norma bay. Really nice above and below the surface,2024,10 AM,Jan 27 2024 10 AM,2024-01-27 10:00:00,2024-01-27 10:00:00+08:00,2024-01-27 02:00:00+00:00,2024-01-27,02:00:00,166,2024-01-27,21.83333333333333,22.43958333333333,5.44,185.16125,1.3529166666666663,8.792083333333332,219.57416666666663,1.2658333333333334,9.536666666666669,222.75333333333333,0.0,69.27499999999999,0.0,24.135,1009.61,7.137083333333333,0.0141666666666666,21.83333333333333,22.43958333333333,5.44,185.16125,1.3529166666666663,8.792083333333332,219.57416666666663,1.2658333333333334,9.536666666666669,222.75333333333333,0.0,69.27499999999999,0.0,24.135,1009.61,7.137083333333333,0.0141666666666666,21.83333333333333,22.43958333333333,5.44,185.16125,1.3529166666666663,8.792083333333332,219.57416666666663,1.2658333333333334,9.536666666666669,222.75333333333333,0.0,69.27499999999999,0.0,24.135,1009.61,7.137083333333333,0.0141666666666666,0.0,0.0
BSJ,Busselton Jetty,Jan. 26,"2024, 10 a.m.",26-Jan-24   10 a.m.,20,Fair,-,2024,10 AM,Jan 26 2024 10 AM,2024-01-26 10:00:00,2024-01-26 10:00:00+08:00,2024-01-26 02:00:00+00:00,2024-01-26,02:00:00,167,2024-01-26,20.615,21.1625,5.970416666666666,139.74666666666667,1.9595833333333332,6.401666666666667,221.1579166666667,1.7308333333333332,9.39875,229.20708333333332,19.541666666666668,49.975,0.0,24.135416666666668,1016.59375,8.3425,-0.0949999999999999,20.615,21.1625,5.970416666666666,139.74666666666667,1.9595833333333332,6.401666666666667,221.1579166666667,1.7308333333333332,9.39875,229.20708333333332,19.541666666666668,49.975,0.0,24.135416666666668,1016.59375,8.3425,-0.0949999999999999,20.615,21.1625,5.970416666666666,139.74666666666667,1.9595833333333332,6.401666666666667,221.1579166666667,1.7308333333333332,9.39875,229.20708333333332,19.541666666666668,49.975,0.0,24.135416666666668,1016.59375,8.3425,-0.0949999999999999,0.0,0.0
SCR,South Cottesloe Reef,Jan. 22,"2024, 8 p.m.",22-Jan-24   8 p.m.,3,Windy,"3-4m, Vis will only get worse this week because of wind and swell.",2024,8 PM,Jan 22 2024 8 PM,2024-01-22 20:00:00,2024-01-22 20:00:00+08:00,2024-01-22 12:00:00+00:00,2024-01-22,12:00:00,168,2024-01-22,20.914166666666667,22.571250000000003,6.610833333333333,188.6175,1.5429166666666667,8.069583333333332,233.22875,1.3766666666666667,9.100416666666666,239.66166666666663,13.983333333333334,71.22500000000001,0.03,24.13125,1010.9691666666666,8.145,0.0095833333333333,20.914166666666667,22.571250000000003,6.610833333333333,188.6175,1.5429166666666667,8.069583333333332,233.22875,1.3766666666666667,9.100416666666666,239.66166666666663,13.983333333333334,71.22500000000001,0.03,24.13125,1010.9691666666666,8.145,0.0095833333333333,20.914166666666667,22.571250000000003,6.610833333333333,188.6175,1.5429166666666667,8.069583333333332,233.22875,1.3766666666666667,9.100416666666666,239.66166666666663,13.983333333333334,71.22500000000001,0.03,24.13125,1010.9691666666666,8.145,0.0095833333333333,0.01,0.01
CRN,Carnac Island,Jan. 21,"2024, 10 a.m.",21-Jan-24   10 a.m.,6,Windy,Stragglers Rock. Fair bit of surge.,2024,10 AM,Jan 21 2024 10 AM,2024-01-21 10:00:00,2024-01-21 10:00:00+08:00,2024-01-21 02:00:00+00:00,2024-01-21,02:00:00,169,2024-01-21,21.5875,22.743333333333336,8.231250000000001,195.0445833333333,1.6816666666666666,6.997083333333333,222.00625,1.1983333333333333,9.131666666666666,236.5954166666667,4.191666666666666,76.54166666666667,0.01,24.133333333333336,1009.3783333333334,9.879166666666666,0.0266666666666666,21.5875,22.743333333333336,8.231250000000001,195.0445833333333,1.6816666666666666,6.997083333333333,222.00625,1.1983333333333333,9.131666666666666,236.5954166666667,4.191666666666666,76.54166666666667,0.01,24.133333333333336,1009.3783333333334,9.879166666666666,0.0266666666666666,21.5875,22.743333333333336,8.231250000000001,195.0445833333333,1.6816666666666666,6.997083333333333,222.00625,1.1983333333333333,9.131666666666666,236.5954166666667,4.191666666666666,76.54166666666667,0.01,24.133333333333336,1009.3783333333334,9.879166666666666,0.0266666666666666,0.0,0.01
KGT,Kwinana Grain Terminal,Jan. 20,"2024, 8 a.m.",20-Jan-24   8 a.m.,5,Fair,Great conditions top side. Vis murky but visibility reasonable for KGT. Slight green further out.,2024,8 AM,Jan 20 2024 8 AM,2024-01-20 08:00:00,2024-01-20 08:00:00+08:00,2024-01-20 00:00:00+00:00,2024-01-20,00:00:00,170,2024-01-20,22.325,23.59625,6.161666666666666,192.02666666666667,1.2229166666666669,8.36875,228.06625,1.069583333333333,9.791666666666666,234.7829166666667,0.4583333333333333,74.40833333333333,0.0,24.131666666666664,1008.6666666666666,7.925,0.07125,22.325,23.59625,6.161666666666666,192.02666666666667,1.2229166666666669,8.36875,228.06625,1.069583333333333,9.791666666666666,234.7829166666667,0.4583333333333333,74.40833333333333,0.0,24.131666666666664,1008.6666666666666,7.925,0.07125,22.325,23.59625,6.161666666666666,192.02666666666667,1.2229166666666669,8.36875,228.06625,1.069583333333333,9.791666666666666,234.7829166666667,0.4583333333333333,74.40833333333333,0.0,24.131666666666664,1008.6666666666666,7.925,0.07125,0.0,0.21
RTS,Rottnest South,Jan. 19,"2024, 10 a.m.",19-Jan-24   10 a.m.,20,Fair,"Little Salmon Bay. Slight surface chop with SSW wind, but great vis",2024,10 AM,Jan 19 2024 10 AM,2024-01-19 10:00:00,2024-01-19 10:00:00+08:00,2024-01-19 02:00:00+00:00,2024-01-19,02:00:00,171,2024-01-19,21.808333333333334,23.435,6.701250000000001,184.58791666666664,1.5254166666666666,8.619166666666667,223.1825,1.3275,10.116666666666664,228.97375,16.816666666666666,74.86666666666666,0.02,24.13416666666667,1008.9454166666666,7.062916666666666,0.0945833333333333,21.808333333333334,23.435,6.701250000000001,184.58791666666664,1.5254166666666666,8.619166666666667,223.1825,1.3275,10.116666666666664,228.97375,16.816666666666666,74.86666666666666,0.02,24.13416666666667,1008.9454166666666,7.062916666666666,0.0945833333333333,21.808333333333334,23.435,6.701250000000001,184.58791666666664,1.5254166666666666,8.619166666666667,223.1825,1.3275,10.116666666666664,228.97375,16.816666666666666,74.86666666666666,0.02,24.13416666666667,1008.9454166666666,7.062916666666666,0.0945833333333333,0.2,0.29
MET,Mettam’s Pool,Jan. 17,"2024, 10 a.m.",17-Jan-24   10 a.m.,2,Fair,-,2024,10 AM,Jan 17 2024 10 AM,2024-01-17 10:00:00,2024-01-17 10:00:00+08:00,2024-01-17 02:00:00+00:00,2024-01-17,02:00:00,172,2024-01-17,25.6525,23.859583333333333,5.109166666666667,256.0358333333333,1.2508333333333332,10.115416666666668,229.69208333333333,1.19125,10.892916666666666,227.0270833333333,12.808333333333332,59.8375,0.0,24.132916666666663,1005.5325,5.305,0.205,25.6525,23.859583333333333,5.109166666666667,256.0358333333333,1.2508333333333332,10.115416666666668,229.69208333333333,1.19125,10.892916666666666,227.0270833333333,12.808333333333332,59.8375,0.0,24.132916666666663,1005.5325,5.305,0.205,25.6525,23.859583333333333,5.109166666666667,256.0358333333333,1.2508333333333332,10.115416666666668,229.69208333333333,1.19125,10.892916666666666,227.0270833333333,12.808333333333332,59.8375,0.0,24.132916666666663,1005.5325,5.305,0.205,0.15,0.15
PRT,Port Beach,Jan. 15,"2024, 8 p.m.",15-Jan-24   8 p.m.,4,Fair,2-4m very milky. 2m in close better further off shore.,2024,8 PM,Jan 15 2024 8 PM,2024-01-15 20:00:00,2024-01-15 20:00:00+08:00,2024-01-15 12:00:00+00:00,2024-01-15,12:00:00,173,2024-01-15,22.98375,23.90458333333333,2.6279166666666667,226.97458333333336,1.0333333333333334,8.742083333333333,224.11208333333332,1.0295833333333333,8.807083333333333,224.00083333333336,6.995833333333334,86.57083333333333,0.0,24.13625,1004.00375,4.419583333333333,0.1875,22.98375,23.90458333333333,2.6279166666666667,226.97458333333336,1.0333333333333334,8.742083333333333,224.11208333333332,1.0295833333333333,8.807083333333333,224.00083333333336,6.995833333333334,86.57083333333333,0.0,24.13625,1004.00375,4.419583333333333,0.1875,22.98375,23.90458333333333,2.6279166666666667,226.97458333333336,1.0333333333333334,8.742083333333333,224.11208333333332,1.0295833333333333,8.807083333333333,224.00083333333336,6.995833333333334,86.57083333333333,0.0,24.13625,1004.00375,4.419583333333333,0.1875,0.0,0.03
AMJ,Ammo Jetty,Jan. 14,"2024, 11 a.m.",14-Jan-24   11 a.m.,2,Fair,Milky. 23C,2024,11 AM,Jan 14 2024 11 AM,2024-01-14 11:00:00,2024-01-14 11:00:00+08:00,2024-01-14 03:00:00+00:00,2024-01-14,03:00:00,174,2024-01-14,30.98375,23.6125,2.845833333333333,264.40875,0.9779166666666668,10.045,229.41291666666663,0.9704166666666666,10.18625,229.11541666666668,26.820833333333336,41.93333333333333,0.33,24.13583333333333,1004.36,6.642500000000001,0.17875,30.98375,23.6125,2.845833333333333,264.40875,0.9779166666666668,10.045,229.41291666666663,0.9704166666666666,10.18625,229.11541666666668,26.820833333333336,41.93333333333333,0.33,24.13583333333333,1004.36,6.642500000000001,0.17875,30.98375,23.6125,2.845833333333333,264.40875,0.9779166666666668,10.045,229.41291666666663,0.9704166666666666,10.18625,229.11541666666668,26.820833333333336,41.93333333333333,0.33,24.13583333333333,1004.36,6.642500000000001,0.17875,0.52,26.77
SCR,South Cottesloe Reef,Jan. 13,"2024, 9 a.m.",13-Jan-24   9 a.m.,2,Fair,Green and lots of particulate in the water,2024,9 AM,Jan 13 2024 9 AM,2024-01-13 09:00:00,2024-01-13 09:00:00+08:00,2024-01-13 01:00:00+00:00,2024-01-13,01:00:00,175,2024-01-13,24.86125,23.15375,3.0625,222.36916666666664,1.1608333333333334,10.919583333333334,217.855,1.13875,11.248333333333331,218.56,26.445833333333336,69.58749999999999,0.04,24.135416666666668,1004.7625,5.2475,0.1408333333333333,24.86125,23.15375,3.0625,222.36916666666664,1.1608333333333334,10.919583333333334,217.855,1.13875,11.248333333333331,218.56,26.445833333333336,69.58749999999999,0.04,24.135416666666668,1004.7625,5.2475,0.1408333333333333,24.86125,23.15375,3.0625,222.36916666666664,1.1608333333333334,10.919583333333334,217.855,1.13875,11.248333333333331,218.56,26.445833333333336,69.58749999999999,0.04,24.135416666666668,1004.7625,5.2475,0.1408333333333333,3.78,3.78
SGR,Sue's Groyne,Jan. 13,"2024, 8 a.m.",13-Jan-24   8 a.m.,2,Glassy,1m vis in close. Max 2m further out. Saw lots of blowies and little else.,2024,8 AM,Jan 13 2024 8 AM,2024-01-13 08:00:00,2024-01-13 08:00:00+08:00,2024-01-13 00:00:00+00:00,2024-01-13,00:00:00,176,2024-01-13,33.23666666666667,23.15375,3.0625,222.36916666666664,1.1608333333333334,10.919583333333334,217.855,1.13875,11.248333333333331,218.56,62.625,28.291666666666668,0.52,24.135416666666668,1004.8254166666668,11.725833333333334,0.1408333333333333,33.23666666666667,23.15375,3.0625,222.36916666666664,1.1608333333333334,10.919583333333334,217.855,1.13875,11.248333333333331,218.56,62.625,28.291666666666668,0.52,24.135416666666668,1004.8254166666668,11.725833333333334,0.1408333333333333,33.23666666666667,23.15375,3.0625,222.36916666666664,1.1608333333333334,10.919583333333334,217.855,1.13875,11.248333333333331,218.56,62.625,28.291666666666668,0.52,24.135416666666668,1004.8254166666668,11.725833333333334,0.1408333333333333,26.25,26.25
ROB,Robbs Jetty,Jan. 13,"2024, 8 a.m.",13-Jan-24   8 a.m.,2,Fair,"Occys, rays and crays!",2024,8 AM,Jan 13 2024 8 AM,2024-01-13 08:00:00,2024-01-13 08:00:00+08:00,2024-01-13 00:00:00+00:00,2024-01-13,00:00:00,177,2024-01-13,33.23666666666667,23.15375,3.0625,222.36916666666664,1.1608333333333334,10.919583333333334,217.855,1.13875,11.248333333333331,218.56,62.625,28.291666666666668,0.52,24.135416666666668,1004.8254166666668,11.725833333333334,0.1408333333333333,33.23666666666667,23.15375,3.0625,222.36916666666664,1.1608333333333334,10.919583333333334,217.855,1.13875,11.248333333333331,218.56,62.625,28.291666666666668,0.52,24.135416666666668,1004.8254166666668,11.725833333333334,0.1408333333333333,33.23666666666667,23.15375,3.0625,222.36916666666664,1.1608333333333334,10.919583333333334,217.855,1.13875,11.248333333333331,218.56,62.625,28.291666666666668,0.52,24.135416666666668,1004.8254166666668,11.725833333333334,0.1408333333333333,26.25,26.25
PEN,Penguin Island,Jan. 13,"2024, 7 a.m.",13-Jan-24   7 a.m.,3,Fair,Reef on NW of island.,2024,7 AM,Jan 13 2024 7 AM,2024-01-13 07:00:00,2024-01-13 07:00:00+08:00,2024-01-12 23:00:00+00:00,2024-01-12,23:00:00,178,2024-01-12,23.87708333333333,22.484583333333333,6.015833333333333,139.99791666666667,1.3741666666666663,10.0525,215.60666666666663,1.2866666666666666,10.9575,221.04541666666668,65.51666666666667,75.49166666666666,0.89,24.035,1006.9916666666668,8.112499999999999,0.0829166666666666,23.87708333333333,22.484583333333333,6.015833333333333,139.99791666666667,1.3741666666666663,10.0525,215.60666666666663,1.2866666666666666,10.9575,221.04541666666668,65.51666666666667,75.49166666666666,0.89,24.035,1006.9916666666668,8.112499999999999,0.0829166666666666,23.87708333333333,22.484583333333333,6.015833333333333,139.99791666666667,1.3741666666666663,10.0525,215.60666666666663,1.2866666666666666,10.9575,221.04541666666668,65.51666666666667,75.49166666666666,0.89,24.035,1006.9916666666668,8.112499999999999,0.0829166666666666,0.89,0.89
SCR,South Cottesloe Reef,Jan. 12,"2024, 8 p.m.",12-Jan-24   8 p.m.,3,Fair,"Viz better at depth, over sand +5m. Numerous stingers about.",2024,8 PM,Jan 12 2024 8 PM,2024-01-12 20:00:00,2024-01-12 20:00:00+08:00,2024-01-12 12:00:00+00:00,2024-01-12,12:00:00,179,2024-01-12,23.460416666666664,22.593333333333334,6.130416666666666,141.33583333333334,1.60375,9.919166666666667,212.0433333333333,1.52125,10.641666666666667,215.41291666666663,65.13333333333334,76.15416666666667,3.78,23.955,1006.4083333333332,9.000416666666666,0.0779166666666666,23.460416666666664,22.593333333333334,6.130416666666666,141.33583333333334,1.60375,9.919166666666667,212.0433333333333,1.52125,10.641666666666667,215.41291666666663,65.13333333333334,76.15416666666667,3.78,23.955,1006.4083333333332,9.000416666666666,0.0779166666666666,23.460416666666664,22.593333333333334,6.130416666666666,141.33583333333334,1.60375,9.919166666666667,212.0433333333333,1.52125,10.641666666666667,215.41291666666663,65.13333333333334,76.15416666666667,3.78,23.955,1006.4083333333332,9.000416666666666,0.0779166666666666,3.78,3.78
WOO,Woodman Point,Jan. 10,"2024, 8 p.m.",10-Jan-24   8 p.m.,2,Rough,"Vey murky, windy and string current.",2024,8 PM,Jan 10 2024 8 PM,2024-01-10 20:00:00,2024-01-10 20:00:00+08:00,2024-01-10 12:00:00+00:00,2024-01-10,12:00:00,180,2024-01-10,21.39625,22.414166666666663,6.52625,172.04208333333335,1.9129166666666664,10.506666666666666,223.46916666666667,1.7791666666666668,11.477083333333333,226.11916666666664,46.51666666666667,72.6375,0.0,24.133750000000003,1009.2358333333332,8.875416666666666,0.1275,21.39625,22.414166666666663,6.52625,172.04208333333335,1.9129166666666664,10.506666666666666,223.46916666666667,1.7791666666666668,11.477083333333333,226.11916666666664,46.51666666666667,72.6375,0.0,24.133750000000003,1009.2358333333332,8.875416666666666,0.1275,21.39625,22.414166666666663,6.52625,172.04208333333335,1.9129166666666664,10.506666666666666,223.46916666666667,1.7791666666666668,11.477083333333333,226.11916666666664,46.51666666666667,72.6375,0.0,24.133750000000003,1009.2358333333332,8.875416666666666,0.1275,0.0,0.0
D9W,D9 Wreck,Jan. 7,"2024, 11 a.m.",7-Jan-24   11 a.m.,2,Fair,-,2024,11 AM,Jan 7 2024 11 AM,2024-01-07 11:00:00,2024-01-07 11:00:00+08:00,2024-01-07 03:00:00+00:00,2024-01-07,03:00:00,181,2024-01-07,22.37,22.517916666666665,4.36,166.24041666666668,1.6070833333333334,11.861666666666666,232.86416666666665,1.56625,12.312083333333334,234.24166666666667,63.22916666666666,74.85833333333333,0.0,24.132916666666663,1011.2070833333332,7.635833333333333,0.19875,22.37,22.517916666666665,4.36,166.24041666666668,1.6070833333333334,11.861666666666666,232.86416666666665,1.56625,12.312083333333334,234.24166666666667,63.22916666666666,74.85833333333333,0.0,24.132916666666663,1011.2070833333332,7.635833333333333,0.19875,22.37,22.517916666666665,4.36,166.24041666666668,1.6070833333333334,11.861666666666666,232.86416666666665,1.56625,12.312083333333334,234.24166666666667,63.22916666666666,74.85833333333333,0.0,24.132916666666663,1011.2070833333332,7.635833333333333,0.19875,0.0,0.0
PPR,Point Peron,Jan. 6,"2024, 10 a.m.",6-Jan-24   10 a.m.,10,Glassy,Shag Islands (Shoalwater Is MP).,2024,10 AM,Jan 6 2024 10 AM,2024-01-06 10:00:00,2024-01-06 10:00:00+08:00,2024-01-06 02:00:00+00:00,2024-01-06,02:00:00,182,2024-01-06,21.547916666666666,22.285,5.378333333333334,163.25916666666666,1.3683333333333334,10.807916666666666,229.3383333333333,1.2816666666666667,11.842916666666667,232.87833333333333,25.23333333333333,70.72916666666667,0.0,24.13208333333333,1013.7029166666666,8.854999999999999,0.1820833333333333,21.547916666666666,22.285,5.378333333333334,163.25916666666666,1.3683333333333334,10.807916666666666,229.3383333333333,1.2816666666666667,11.842916666666667,232.87833333333333,25.23333333333333,70.72916666666667,0.0,24.13208333333333,1013.7029166666666,8.854999999999999,0.1820833333333333,21.547916666666666,22.285,5.378333333333334,163.25916666666666,1.3683333333333334,10.807916666666666,229.3383333333333,1.2816666666666667,11.842916666666667,232.87833333333333,25.23333333333333,70.72916666666667,0.0,24.13208333333333,1013.7029166666666,8.854999999999999,0.1820833333333333,0.0,0.0
SCR,South Cottesloe Reef,Jan. 5,"2024, 10 a.m.",5-Jan-24   10 a.m.,10,Glassy,"Great conditions, lots of fish about. Watch out for stingers especially further out",2024,10 AM,Jan 5 2024 10 AM,2024-01-05 10:00:00,2024-01-05 10:00:00+08:00,2024-01-05 02:00:00+00:00,2024-01-05,02:00:00,183,2024-01-05,21.16208333333333,22.425,6.952500000000001,133.64083333333335,1.3495833333333334,9.592083333333331,216.9245833333333,1.22375,10.891666666666666,224.88875,20.4125,68.29583333333333,0.0,24.133750000000003,1016.27,9.789166666666668,0.1295833333333333,21.16208333333333,22.425,6.952500000000001,133.64083333333335,1.3495833333333334,9.592083333333331,216.9245833333333,1.22375,10.891666666666666,224.88875,20.4125,68.29583333333333,0.0,24.133750000000003,1016.27,9.789166666666668,0.1295833333333333,21.16208333333333,22.425,6.952500000000001,133.64083333333335,1.3495833333333334,9.592083333333331,216.9245833333333,1.22375,10.891666666666666,224.88875,20.4125,68.29583333333333,0.0,24.133750000000003,1016.27,9.789166666666668,0.1295833333333333,0.0,0.0
NMF,North Mole Fremantle,Jan. 4,"2024, 11 a.m.",4-Jan-24   11 a.m.,15,Fair,-,2024,11 AM,Jan 4 2024 11 AM,2024-01-04 11:00:00,2024-01-04 11:00:00+08:00,2024-01-04 03:00:00+00:00,2024-01-04,03:00:00,184,2024-01-04,21.84,22.35625,7.050833333333333,121.75208333333336,1.4920833333333334,10.427083333333334,211.0716666666667,1.3458333333333332,11.895833333333334,225.1520833333333,5.0125,62.55833333333334,0.0,24.133750000000003,1018.1645833333332,11.17875,0.0770833333333333,21.84,22.35625,7.050833333333333,121.75208333333336,1.4920833333333334,10.427083333333334,211.0716666666667,1.3458333333333332,11.895833333333334,225.1520833333333,5.0125,62.55833333333334,0.0,24.133750000000003,1018.1645833333332,11.17875,0.0770833333333333,21.84,22.35625,7.050833333333333,121.75208333333336,1.4920833333333334,10.427083333333334,211.0716666666667,1.3458333333333332,11.895833333333334,225.1520833333333,5.0125,62.55833333333334,0.0,24.133750000000003,1018.1645833333332,11.17875,0.0770833333333333,0.0,0.0
SCR,South Cottesloe Reef,Jan. 3,"2024, 8 p.m.",3-Jan-24   8 p.m.,20,Glassy,Awesome,2024,8 PM,Jan 3 2024 8 PM,2024-01-03 20:00:00,2024-01-03 20:00:00+08:00,2024-01-03 12:00:00+00:00,2024-01-03,12:00:00,185,2024-01-03,22.0275,22.5875,8.000833333333334,112.83041666666666,1.3795833333333334,8.844583333333334,186.15041666666664,1.09,11.4275,219.29375,0.0,62.7875,0.0,24.133333333333336,1017.9054166666666,12.174166666666666,0.0691666666666666,22.0275,22.5875,8.000833333333334,112.83041666666666,1.3795833333333334,8.844583333333334,186.15041666666664,1.09,11.4275,219.29375,0.0,62.7875,0.0,24.133333333333336,1017.9054166666666,12.174166666666666,0.0691666666666666,22.0275,22.5875,8.000833333333334,112.83041666666666,1.3795833333333334,8.844583333333334,186.15041666666664,1.09,11.4275,219.29375,0.0,62.7875,0.0,24.133333333333336,1017.9054166666666,12.174166666666666,0.0691666666666666,0.0,0.11
PRT,Port Beach,Jan. 3,"2024, 7 p.m.",3-Jan-24   7 p.m.,20,Glassy,"Easterly Wind, amazing night dive. Vis forever, despite a bit of surge.",2024,7 PM,Jan 3 2024 7 PM,2024-01-03 19:00:00,2024-01-03 19:00:00+08:00,2024-01-03 11:00:00+00:00,2024-01-03,11:00:00,186,2024-01-03,22.0275,22.5875,8.000833333333334,112.83041666666666,1.3795833333333334,8.844583333333334,186.15041666666664,1.09,11.4275,219.29375,0.0,62.7875,0.0,24.133333333333336,1017.9054166666666,12.174166666666666,0.0691666666666666,22.0275,22.5875,8.000833333333334,112.83041666666666,1.3795833333333334,8.844583333333334,186.15041666666664,1.09,11.4275,219.29375,0.0,62.7875,0.0,24.133333333333336,1017.9054166666666,12.174166666666666,0.0691666666666666,22.0275,22.5875,8.000833333333334,112.83041666666666,1.3795833333333334,8.844583333333334,186.15041666666664,1.09,11.4275,219.29375,0.0,62.7875,0.0,24.133333333333336,1017.9054166666666,12.174166666666666,0.0691666666666666,0.0,0.11
PPR,Point Peron,Jan. 3,"2024, 11 a.m.",3-Jan-24   11 a.m.,15,Fair,Western side cloudy over and and clear in weeds,2024,11 AM,Jan 3 2024 11 AM,2024-01-03 11:00:00,2024-01-03 11:00:00+08:00,2024-01-03 03:00:00+00:00,2024-01-03,03:00:00,187,2024-01-03,21.9125,22.339166666666667,7.625416666666666,115.74041666666666,1.20125,9.011666666666668,193.00333333333333,0.9575,11.860416666666666,227.13541666666663,0.0,61.75416666666666,0.0,24.133333333333336,1018.8104166666668,12.570416666666668,0.08375,21.9125,22.339166666666667,7.625416666666666,115.74041666666666,1.20125,9.011666666666668,193.00333333333333,0.9575,11.860416666666666,227.13541666666663,0.0,61.75416666666666,0.0,24.133333333333336,1018.8104166666668,12.570416666666668,0.08375,21.9125,22.339166666666667,7.625416666666666,115.74041666666666,1.20125,9.011666666666668,193.00333333333333,0.9575,11.860416666666666,227.13541666666663,0.0,61.75416666666666,0.0,24.133333333333336,1018.8104166666668,12.570416666666668,0.08375,0.0,0.09
PPR,Point Peron,Jan. 1,"2024, 11 a.m.",1-Jan-24   11 a.m.,8,Glassy,John Beach,2024,11 AM,Jan 1 2024 11 AM,2024-01-01 11:00:00,2024-01-01 11:00:00+08:00,2024-01-01 03:00:00+00:00,2024-01-01,03:00:00,188,2024-01-01,20.397916666666667,22.501666666666665,8.170416666666666,174.2854166666667,1.3954166666666667,7.4775,210.5920833333333,1.0208333333333333,10.090416666666666,222.9975,71.9375,73.59583333333333,0.09,24.13416666666667,1015.2279166666668,11.558333333333332,0.135,20.397916666666667,22.501666666666665,8.170416666666666,174.2854166666667,1.3954166666666667,7.4775,210.5920833333333,1.0208333333333333,10.090416666666666,222.9975,71.9375,73.59583333333333,0.09,24.13416666666667,1015.2279166666668,11.558333333333332,0.135,20.397916666666667,22.501666666666665,8.170416666666666,174.2854166666667,1.3954166666666667,7.4775,210.5920833333333,1.0208333333333333,10.090416666666666,222.9975,71.9375,73.59583333333333,0.09,24.13416666666667,1015.2279166666668,11.558333333333332,0.135,0.0,0.0
SCR,South Cottesloe Reef,Jan. 1,"2024, 11 a.m.",1-Jan-24   11 a.m.,15,Fair,"Upto15m. Cloudy in places, also amounts of snot.",2024,11 AM,Jan 1 2024 11 AM,2024-01-01 11:00:00,2024-01-01 11:00:00+08:00,2024-01-01 03:00:00+00:00,2024-01-01,03:00:00,189,2024-01-01,20.55208333333333,22.98875,8.095833333333333,171.3529166666667,1.6125,7.528333333333333,208.3225,1.1916666666666669,9.824166666666668,216.95666666666668,39.9125,73.21249999999999,0.07,24.13416666666667,1014.7133333333333,11.692083333333334,0.1320833333333333,20.55208333333333,22.98875,8.095833333333333,171.3529166666667,1.6125,7.528333333333333,208.3225,1.1916666666666669,9.824166666666668,216.95666666666668,39.9125,73.21249999999999,0.07,24.13416666666667,1014.7133333333333,11.692083333333334,0.1320833333333333,20.55208333333333,22.98875,8.095833333333333,171.3529166666667,1.6125,7.528333333333333,208.3225,1.1916666666666669,9.824166666666668,216.95666666666668,39.9125,73.21249999999999,0.07,24.13416666666667,1014.7133333333333,11.692083333333334,0.1320833333333333,0.0,0.0
KGT,Kwinana Grain Terminal,Dec. 31,"2023, 11 a.m.",31-Dec-23   11 a.m.,6,Fair,Busy dive site with lots of divers,2023,11 AM,Dec 31 2023 11 AM,2023-12-31 11:00:00,2023-12-31 11:00:00+08:00,2023-12-31 03:00:00+00:00,2023-12-31,03:00:00,190,2023-12-31,21.296666666666667,22.489166666666662,6.6691666666666665,169.60791666666668,1.1870833333333333,7.478750000000001,211.48916666666665,0.9529166666666667,9.261666666666668,216.28416666666664,31.7375,72.44166666666666,0.0,24.13791666666667,1014.1058333333334,11.114583333333334,0.1720833333333333,21.296666666666667,22.489166666666662,6.6691666666666665,169.60791666666668,1.1870833333333333,7.478750000000001,211.48916666666665,0.9529166666666667,9.261666666666668,216.28416666666664,31.7375,72.44166666666666,0.0,24.13791666666667,1014.1058333333334,11.114583333333334,0.1720833333333333,21.296666666666667,22.489166666666662,6.6691666666666665,169.60791666666668,1.1870833333333333,7.478750000000001,211.48916666666665,0.9529166666666667,9.261666666666668,216.28416666666664,31.7375,72.44166666666666,0.0,24.13791666666667,1014.1058333333334,11.114583333333334,0.1720833333333333,0.0,4.88
BSJ,Busselton Jetty,Dec. 31,"2023, 8 a.m.",31-Dec-23   8 a.m.,15,Fair,"10-15m, slight cloudiness to the water.",2023,8 AM,Dec 31 2023 8 AM,2023-12-31 08:00:00,2023-12-31 08:00:00+08:00,2023-12-31 00:00:00+00:00,2023-12-31,00:00:00,191,2023-12-31,21.667916666666667,21.33458333333333,6.34125,163.32583333333335,1.2520833333333334,4.432083333333334,203.12291666666667,0.725,9.800416666666669,218.30083333333332,58.79583333333333,62.145833333333336,0.0,24.13791666666667,1015.2370833333332,9.560833333333331,0.1204166666666666,21.667916666666667,21.33458333333333,6.34125,163.32583333333335,1.2520833333333334,4.432083333333334,203.12291666666667,0.725,9.800416666666669,218.30083333333332,58.79583333333333,62.145833333333336,0.0,24.13791666666667,1015.2370833333332,9.560833333333331,0.1204166666666666,21.667916666666667,21.33458333333333,6.34125,163.32583333333335,1.2520833333333334,4.432083333333334,203.12291666666667,0.725,9.800416666666669,218.30083333333332,58.79583333333333,62.145833333333336,0.0,24.13791666666667,1015.2370833333332,9.560833333333331,0.1204166666666666,0.0699999999999999,0.26
BWR,Blackwall Reach,Dec. 30,"2023, 1 p.m.",30-Dec-23   1 p.m.,4,Fair,-,2023,1 PM,Dec 30 2023 1 PM,2023-12-30 13:00:00,2023-12-30 13:00:00+08:00,2023-12-30 05:00:00+00:00,2023-12-30,05:00:00,192,2023-12-30,26.66916666666667,22.6925,5.825,160.78708333333333,1.3045833333333332,9.087083333333334,207.1220833333333,1.2025,10.157916666666669,212.03375000000003,68.14999999999999,41.54166666666666,0.0,24.13791666666667,1010.3270833333332,7.37625,0.1195833333333333,26.66916666666667,22.6925,5.825,160.78708333333333,1.3045833333333332,9.087083333333334,207.1220833333333,1.2025,10.157916666666669,212.03375000000003,68.14999999999999,41.54166666666666,0.0,24.13791666666667,1010.3270833333332,7.37625,0.1195833333333333,26.66916666666667,22.6925,5.825,160.78708333333333,1.3045833333333332,9.087083333333334,207.1220833333333,1.2025,10.157916666666669,212.03375000000003,68.14999999999999,41.54166666666666,0.0,24.13791666666667,1010.3270833333332,7.37625,0.1195833333333333,1.71,1.91
PPR,Point Peron,Dec. 30,"2023, 11 a.m.",30-Dec-23   11 a.m.,15,Windy,Shag Islands (Shoalwater Is MP). V. strong E'ly wind.,2023,11 AM,Dec 30 2023 11 AM,2023-12-30 11:00:00,2023-12-30 11:00:00+08:00,2023-12-30 03:00:00+00:00,2023-12-30,03:00:00,193,2023-12-30,22.38208333333333,22.389166666666668,5.434166666666666,156.31708333333333,1.09125,9.358333333333333,211.31541666666664,1.0108333333333337,10.382083333333334,217.20291666666665,51.8,69.8125,0.0,24.13791666666667,1011.2729166666668,9.775416666666668,0.1191666666666666,22.38208333333333,22.389166666666668,5.434166666666666,156.31708333333333,1.09125,9.358333333333333,211.31541666666664,1.0108333333333337,10.382083333333334,217.20291666666665,51.8,69.8125,0.0,24.13791666666667,1011.2729166666668,9.775416666666668,0.1191666666666666,22.38208333333333,22.389166666666668,5.434166666666666,156.31708333333333,1.09125,9.358333333333333,211.31541666666664,1.0108333333333337,10.382083333333334,217.20291666666665,51.8,69.8125,0.0,24.13791666666667,1011.2729166666668,9.775416666666668,0.1191666666666666,4.88,5.59
MET,Mettam’s Pool,Dec. 30,"2023, 8 a.m.",30-Dec-23   8 a.m.,7,Fair,Decent vis further out. 5m or so closer in.,2023,8 AM,Dec 30 2023 8 AM,2023-12-30 08:00:00,2023-12-30 08:00:00+08:00,2023-12-30 00:00:00+00:00,2023-12-30,00:00:00,194,2023-12-30,26.66916666666667,22.174166666666665,7.535833333333334,163.78541666666666,1.5445833333333334,8.890416666666667,201.81708333333333,1.3420833333333333,10.574583333333331,208.88958333333332,68.14999999999999,41.54166666666666,0.0,24.13791666666667,1010.3270833333332,7.37625,0.13625,26.66916666666667,22.174166666666665,7.535833333333334,163.78541666666666,1.5445833333333334,8.890416666666667,201.81708333333333,1.3420833333333333,10.574583333333331,208.88958333333332,68.14999999999999,41.54166666666666,0.0,24.13791666666667,1010.3270833333332,7.37625,0.13625,26.66916666666667,22.174166666666665,7.535833333333334,163.78541666666666,1.5445833333333334,8.890416666666667,201.81708333333333,1.3420833333333333,10.574583333333331,208.88958333333332,68.14999999999999,41.54166666666666,0.0,24.13791666666667,1010.3270833333332,7.37625,0.13625,1.71,1.91
PPR,Point Peron,Dec. 29,"2023, 11 a.m.",29-Dec-23   11 a.m.,15,Fair,Snorkelled the western side. Cloudy over sand. Clear over weed. Big surge.,2023,11 AM,Dec 29 2023 11 AM,2023-12-29 11:00:00,2023-12-29 11:00:00+08:00,2023-12-29 03:00:00+00:00,2023-12-29,03:00:00,195,2023-12-29,21.105416666666667,22.293333333333333,7.1570833333333335,126.71666666666664,1.3591666666666666,10.387916666666667,202.855,1.18125,12.32375,220.58625,69.40833333333333,71.97083333333333,5.46,19.33,1015.4033333333332,12.010416666666666,0.1008333333333333,21.105416666666667,22.293333333333333,7.1570833333333335,126.71666666666664,1.3591666666666666,10.387916666666667,202.855,1.18125,12.32375,220.58625,69.40833333333333,71.97083333333333,5.46,19.33,1015.4033333333332,12.010416666666666,0.1008333333333333,21.105416666666667,22.293333333333333,7.1570833333333335,126.71666666666664,1.3591666666666666,10.387916666666667,202.855,1.18125,12.32375,220.58625,69.40833333333333,71.97083333333333,5.46,19.33,1015.4033333333332,12.010416666666666,0.1008333333333333,0.7100000000000001,0.71
PPR,Point Peron,Dec. 29,"2023, 9 a.m.",29-Dec-23   9 a.m.,4,Fair,Green and surgey. Mettams was apparently amazing this morning so go figure.,2023,9 AM,Dec 29 2023 9 AM,2023-12-29 09:00:00,2023-12-29 09:00:00+08:00,2023-12-29 01:00:00+00:00,2023-12-29,01:00:00,196,2023-12-29,21.105416666666667,22.293333333333333,7.1570833333333335,126.71666666666664,1.3591666666666666,10.387916666666667,202.855,1.18125,12.32375,220.58625,69.40833333333333,71.97083333333333,5.46,19.33,1015.4033333333332,12.010416666666666,0.1008333333333333,21.105416666666667,22.293333333333333,7.1570833333333335,126.71666666666664,1.3591666666666666,10.387916666666667,202.855,1.18125,12.32375,220.58625,69.40833333333333,71.97083333333333,5.46,19.33,1015.4033333333332,12.010416666666666,0.1008333333333333,21.105416666666667,22.293333333333333,7.1570833333333335,126.71666666666664,1.3591666666666666,10.387916666666667,202.855,1.18125,12.32375,220.58625,69.40833333333333,71.97083333333333,5.46,19.33,1015.4033333333332,12.010416666666666,0.1008333333333333,0.4,0.4
WAT,Watermans/North Beach,Dec. 27,"2023, 4 p.m.",27-Dec-23   4 p.m.,4,Fair,2-6m conditions getting worse.,2023,4 PM,Dec 27 2023 4 PM,2023-12-27 16:00:00,2023-12-27 16:00:00+08:00,2023-12-27 08:00:00+00:00,2023-12-27,08:00:00,197,2023-12-27,19.813333333333333,22.530833333333334,9.5975,165.62541666666667,2.1441666666666666,8.519583333333333,207.9658333333333,1.7329166666666664,10.410833333333334,217.44083333333333,61.5875,70.15833333333333,0.0,24.1325,1014.6966666666668,9.920416666666666,0.1670833333333333,19.813333333333333,22.530833333333334,9.5975,165.62541666666667,2.1441666666666666,8.519583333333333,207.9658333333333,1.7329166666666664,10.410833333333334,217.44083333333333,61.5875,70.15833333333333,0.0,24.1325,1014.6966666666668,9.920416666666666,0.1670833333333333,19.813333333333333,22.530833333333334,9.5975,165.62541666666667,2.1441666666666666,8.519583333333333,207.9658333333333,1.7329166666666664,10.410833333333334,217.44083333333333,61.5875,70.15833333333333,0.0,24.1325,1014.6966666666668,9.920416666666666,0.1670833333333333,0.0,0.0
RNN,Rottnest North,Dec. 27,"2023, 10 a.m.",27-Dec-23   10 a.m.,20,Fair,Roe Reef and Mira Flores,2023,10 AM,Dec 27 2023 10 AM,2023-12-27 10:00:00,2023-12-27 10:00:00+08:00,2023-12-27 02:00:00+00:00,2023-12-27,02:00:00,198,2023-12-27,19.813333333333333,22.71083333333333,8.433333333333334,166.53166666666667,1.8970833333333332,8.507916666666667,211.60541666666663,1.590833333333333,10.095416666666669,219.52666666666667,61.5875,70.15833333333333,0.0,24.1325,1014.6966666666668,9.920416666666666,0.1583333333333333,19.813333333333333,22.71083333333333,8.433333333333334,166.53166666666667,1.8970833333333332,8.507916666666667,211.60541666666663,1.590833333333333,10.095416666666669,219.52666666666667,61.5875,70.15833333333333,0.0,24.1325,1014.6966666666668,9.920416666666666,0.1583333333333333,19.813333333333333,22.71083333333333,8.433333333333334,166.53166666666667,1.8970833333333332,8.507916666666667,211.60541666666663,1.590833333333333,10.095416666666669,219.52666666666667,61.5875,70.15833333333333,0.0,24.1325,1014.6966666666668,9.920416666666666,0.1583333333333333,0.0,0.0
MET,Mettam’s Pool,Dec. 27,"2023, 9 a.m.",27-Dec-23   9 a.m.,5,Fair,"Surgey day, water a little milky rather than green. Heaps of fish",2023,9 AM,Dec 27 2023 9 AM,2023-12-27 09:00:00,2023-12-27 09:00:00+08:00,2023-12-27 01:00:00+00:00,2023-12-27,01:00:00,199,2023-12-27,21.795,22.530833333333334,9.5975,165.62541666666667,2.1441666666666666,8.519583333333333,207.9658333333333,1.7329166666666664,10.410833333333334,217.44083333333333,69.52499999999999,49.925,0.0,24.1325,1014.07,6.795000000000001,0.1670833333333333,21.795,22.530833333333334,9.5975,165.62541666666667,2.1441666666666666,8.519583333333333,207.9658333333333,1.7329166666666664,10.410833333333334,217.44083333333333,69.52499999999999,49.925,0.0,24.1325,1014.07,6.795000000000001,0.1670833333333333,21.795,22.530833333333334,9.5975,165.62541666666667,2.1441666666666666,8.519583333333333,207.9658333333333,1.7329166666666664,10.410833333333334,217.44083333333333,69.52499999999999,49.925,0.0,24.1325,1014.07,6.795000000000001,0.1670833333333333,0.0,0.0
RKM,Rockingham Dive Trail,Dec. 26,"2023, 9 a.m.",26-Dec-23   9 a.m.,8,Fair,Palm Beach Jetty,2023,9 AM,Dec 26 2023 9 AM,2023-12-26 09:00:00,2023-12-26 09:00:00+08:00,2023-12-26 01:00:00+00:00,2023-12-26,01:00:00,200,2023-12-26,19.639166666666668,22.42875,8.080416666666666,197.185,1.58375,7.906666666666666,222.13291666666663,1.2554166666666668,9.925833333333332,230.3395833333333,27.09583333333333,75.61666666666666,0.0,24.135416666666668,1010.215,9.0,0.17125,19.639166666666668,22.42875,8.080416666666666,197.185,1.58375,7.906666666666666,222.13291666666663,1.2554166666666668,9.925833333333332,230.3395833333333,27.09583333333333,75.61666666666666,0.0,24.135416666666668,1010.215,9.0,0.17125,19.639166666666668,22.42875,8.080416666666666,197.185,1.58375,7.906666666666666,222.13291666666663,1.2554166666666668,9.925833333333332,230.3395833333333,27.09583333333333,75.61666666666666,0.0,24.135416666666668,1010.215,9.0,0.17125,0.0,0.0
PPR,Point Peron,Dec. 22,"2023, 9 a.m.",22-Dec-23   9 a.m.,8,Glassy,Shag Islands (Shoalwater Is MP),2023,9 AM,Dec 22 2023 9 AM,2023-12-22 09:00:00,2023-12-22 09:00:00+08:00,2023-12-22 01:00:00+00:00,2023-12-22,01:00:00,201,2023-12-22,21.875,22.59375,4.01125,184.6533333333333,1.2195833333333332,10.183333333333334,221.03125,1.1933333333333334,10.516666666666667,222.1220833333333,11.545833333333334,69.61666666666666,0.0,24.13791666666667,1009.3308333333332,8.52125,0.2475,21.875,22.59375,4.01125,184.6533333333333,1.2195833333333332,10.183333333333334,221.03125,1.1933333333333334,10.516666666666667,222.1220833333333,11.545833333333334,69.61666666666666,0.0,24.13791666666667,1009.3308333333332,8.52125,0.2475,21.875,22.59375,4.01125,184.6533333333333,1.2195833333333332,10.183333333333334,221.03125,1.1933333333333334,10.516666666666667,222.1220833333333,11.545833333333334,69.61666666666666,0.0,24.13791666666667,1009.3308333333332,8.52125,0.2475,0.0,0.0
PRT,Port Beach,Dec. 18,"2023, 7 p.m.",18-Dec-23   7 p.m.,2,Fair,"Surge, kelp/seaweed in the water. 1.4m swell",2023,7 PM,Dec 18 2023 7 PM,2023-12-18 19:00:00,2023-12-18 19:00:00+08:00,2023-12-18 11:00:00+00:00,2023-12-18,11:00:00,202,2023-12-18,20.770416666666662,21.8025,7.9725,135.09833333333333,2.25875,11.701666666666666,210.23333333333332,2.1420833333333333,12.539166666666668,215.78333333333333,31.104166666666668,62.075,0.0,24.136666666666667,1014.4833333333332,13.383333333333333,0.1591666666666666,20.770416666666662,21.8025,7.9725,135.09833333333333,2.25875,11.701666666666666,210.23333333333332,2.1420833333333333,12.539166666666668,215.78333333333333,31.104166666666668,62.075,0.0,24.136666666666667,1014.4833333333332,13.383333333333333,0.1591666666666666,20.770416666666662,21.8025,7.9725,135.09833333333333,2.25875,11.701666666666666,210.23333333333332,2.1420833333333333,12.539166666666668,215.78333333333333,31.104166666666668,62.075,0.0,24.136666666666667,1014.4833333333332,13.383333333333333,0.1591666666666666,0.0,0.0
PPR,Point Peron,Dec. 17,"2023, 10 a.m.",17-Dec-23   10 a.m.,4,Windy,"Wind starting to pick up. Murky, and decent surge. Saw Eagle Ray.",2023,10 AM,Dec 17 2023 10 AM,2023-12-17 10:00:00,2023-12-17 10:00:00+08:00,2023-12-17 02:00:00+00:00,2023-12-17,02:00:00,203,2023-12-17,20.162916666666664,21.672916666666666,9.99375,163.81625,2.092083333333333,8.944583333333332,207.48041666666663,1.5258333333333332,11.807083333333331,221.11416666666665,17.0,68.08333333333333,0.0,24.13625,1010.0158333333334,13.36375,0.18,20.162916666666664,21.672916666666666,9.99375,163.81625,2.092083333333333,8.944583333333332,207.48041666666663,1.5258333333333332,11.807083333333331,221.11416666666665,17.0,68.08333333333333,0.0,24.13625,1010.0158333333334,13.36375,0.18,20.162916666666664,21.672916666666666,9.99375,163.81625,2.092083333333333,8.944583333333332,207.48041666666663,1.5258333333333332,11.807083333333331,221.11416666666665,17.0,68.08333333333333,0.0,24.13625,1010.0158333333334,13.36375,0.18,0.0,0.0
SCR,South Cottesloe Reef,Dec. 16,"2023, 9 a.m.",16-Dec-23   9 a.m.,10,Fair,"Great conditions, lots of fish about. Around 10m vis at end of groyne, 6ish meters closer to shore.",2023,9 AM,Dec 16 2023 9 AM,2023-12-16 09:00:00,2023-12-16 09:00:00+08:00,2023-12-16 01:00:00+00:00,2023-12-16,01:00:00,204,2023-12-16,21.62,22.0925,7.724583333333332,176.0325,1.6883333333333337,8.122083333333334,209.35875,1.4041666666666668,9.66125,217.76583333333332,51.10833333333334,68.35416666666667,0.0,24.13458333333333,1003.7879166666668,12.280416666666667,0.18625,21.62,22.0925,7.724583333333332,176.0325,1.6883333333333337,8.122083333333334,209.35875,1.4041666666666668,9.66125,217.76583333333332,51.10833333333334,68.35416666666667,0.0,24.13458333333333,1003.7879166666668,12.280416666666667,0.18625,21.62,22.0925,7.724583333333332,176.0325,1.6883333333333337,8.122083333333334,209.35875,1.4041666666666668,9.66125,217.76583333333332,51.10833333333334,68.35416666666667,0.0,24.13458333333333,1003.7879166666668,12.280416666666667,0.18625,0.0,0.0
PPR,Point Peron,Dec. 13,"2023, 9 a.m.",13-Dec-23   9 a.m.,5,Fair,Southerly stayed overnight. Green.,2023,9 AM,Dec 13 2023 9 AM,2023-12-13 09:00:00,2023-12-13 09:00:00+08:00,2023-12-13 01:00:00+00:00,2023-12-13,01:00:00,205,2023-12-13,19.540416666666665,21.592916666666667,8.369166666666667,181.53458333333333,1.6695833333333334,8.529583333333333,224.5325,1.3266666666666669,10.70625,237.27166666666665,6.429166666666667,75.53333333333333,0.0,24.136666666666667,1014.78,10.082083333333332,0.2291666666666666,19.540416666666665,21.592916666666667,8.369166666666667,181.53458333333333,1.6695833333333334,8.529583333333333,224.5325,1.3266666666666669,10.70625,237.27166666666665,6.429166666666667,75.53333333333333,0.0,24.136666666666667,1014.78,10.082083333333332,0.2291666666666666,19.540416666666665,21.592916666666667,8.369166666666667,181.53458333333333,1.6695833333333334,8.529583333333333,224.5325,1.3266666666666669,10.70625,237.27166666666665,6.429166666666667,75.53333333333333,0.0,24.136666666666667,1014.78,10.082083333333332,0.2291666666666666,0.0,0.0
MET,Mettam’s Pool,Dec. 13,"2023, 7 a.m.",13-Dec-23   7 a.m.,2,Fair,-,2023,7 AM,Dec 13 2023 7 AM,2023-12-13 07:00:00,2023-12-13 07:00:00+08:00,2023-12-12 23:00:00+00:00,2023-12-12,23:00:00,206,2023-12-12,24.63583333333333,21.41583333333333,4.738333333333333,177.64874999999998,1.63,11.981666666666667,227.49416666666664,1.5854166666666665,12.473333333333334,229.2633333333333,0.0,38.15416666666667,0.0,24.133750000000003,1012.675,5.745833333333334,0.2304166666666667,24.63583333333333,21.41583333333333,4.738333333333333,177.64874999999998,1.63,11.981666666666667,227.49416666666664,1.5854166666666665,12.473333333333334,229.2633333333333,0.0,38.15416666666667,0.0,24.133750000000003,1012.675,5.745833333333334,0.2304166666666667,24.63583333333333,21.41583333333333,4.738333333333333,177.64874999999998,1.63,11.981666666666667,227.49416666666664,1.5854166666666665,12.473333333333334,229.2633333333333,0.0,38.15416666666667,0.0,24.133750000000003,1012.675,5.745833333333334,0.2304166666666667,0.0,0.0
SCR,South Cottesloe Reef,Dec. 12,"2023, 7 a.m.",12-Dec-23   7 a.m.,10,Fair,-,2023,7 AM,Dec 12 2023 7 AM,2023-12-12 07:00:00,2023-12-12 07:00:00+08:00,2023-12-11 23:00:00+00:00,2023-12-11,23:00:00,207,2023-12-11,21.326666666666668,21.64125,5.785416666666666,136.91916666666663,1.2866666666666666,10.22,215.67916666666667,1.19,11.387916666666667,224.18666666666664,0.0,63.04166666666666,0.0,24.135,1018.3483333333334,9.19625,0.1504166666666666,21.326666666666668,21.64125,5.785416666666666,136.91916666666663,1.2866666666666666,10.22,215.67916666666667,1.19,11.387916666666667,224.18666666666664,0.0,63.04166666666666,0.0,24.135,1018.3483333333334,9.19625,0.1504166666666666,21.326666666666668,21.64125,5.785416666666666,136.91916666666663,1.2866666666666666,10.22,215.67916666666667,1.19,11.387916666666667,224.18666666666664,0.0,63.04166666666666,0.0,24.135,1018.3483333333334,9.19625,0.1504166666666666,0.0,0.0
AMJ,Ammo Jetty,Dec. 10,"2023, 10 a.m.",10-Dec-23   10 a.m.,5,Fair,Blue but milky,2023,10 AM,Dec 10 2023 10 AM,2023-12-10 10:00:00,2023-12-10 10:00:00+08:00,2023-12-10 02:00:00+00:00,2023-12-10,02:00:00,208,2023-12-10,23.620833333333334,21.3975,7.06,127.49375,1.2229166666666669,8.405833333333334,199.42791666666668,1.09875,9.547083333333331,215.3370833333333,0.0,23.879166666666663,0.0,24.13458333333333,1022.8345833333332,9.929583333333332,0.075,23.620833333333334,21.3975,7.06,127.49375,1.2229166666666669,8.405833333333334,199.42791666666668,1.09875,9.547083333333331,215.3370833333333,0.0,23.879166666666663,0.0,24.13458333333333,1022.8345833333332,9.929583333333332,0.075,23.620833333333334,21.3975,7.06,127.49375,1.2229166666666669,8.405833333333334,199.42791666666668,1.09875,9.547083333333331,215.3370833333333,0.0,23.879166666666663,0.0,24.13458333333333,1022.8345833333332,9.929583333333332,0.075,0.0,0.0
WOO,Woodman Point,Dec. 10,"2023, 8 a.m.",10-Dec-23   8 a.m.,5,Fair,"Bit green, slightly better in the shallows on the E side of groyne",2023,8 AM,Dec 10 2023 8 AM,2023-12-10 08:00:00,2023-12-10 08:00:00+08:00,2023-12-10 00:00:00+00:00,2023-12-10,00:00:00,209,2023-12-10,20.329166666666666,21.12375,5.77,126.71583333333332,1.04,8.507083333333332,209.09583333333333,0.9454166666666668,9.654583333333331,220.9008333333333,0.0,58.2625,0.0,24.13458333333333,1022.9533333333334,10.23375,0.0829166666666666,20.329166666666666,21.12375,5.77,126.71583333333332,1.04,8.507083333333332,209.09583333333333,0.9454166666666668,9.654583333333331,220.9008333333333,0.0,58.2625,0.0,24.13458333333333,1022.9533333333334,10.23375,0.0829166666666666,20.329166666666666,21.12375,5.77,126.71583333333332,1.04,8.507083333333332,209.09583333333333,0.9454166666666668,9.654583333333331,220.9008333333333,0.0,58.2625,0.0,24.13458333333333,1022.9533333333334,10.23375,0.0829166666666666,0.0,0.0
SGR,Sue's Groyne,Dec. 6,"2023, 7 p.m.",6-Dec-23   7 p.m.,6,Fair,"Sue's Groyne, Night Dive, Great vis, great sea life.",2023,7 PM,Dec 6 2023 7 PM,2023-12-06 19:00:00,2023-12-06 19:00:00+08:00,2023-12-06 11:00:00+00:00,2023-12-06,11:00:00,210,2023-12-06,24.263333333333332,21.40125,8.34875,185.08416666666668,2.2970833333333336,9.4225,218.59916666666663,1.96125,10.851666666666668,225.3408333333333,16.666666666666668,43.01666666666667,0.0,24.136666666666667,1012.4166666666666,5.771249999999999,0.0966666666666666,24.263333333333332,21.40125,8.34875,185.08416666666668,2.2970833333333336,9.4225,218.59916666666663,1.96125,10.851666666666668,225.3408333333333,16.666666666666668,43.01666666666667,0.0,24.136666666666667,1012.4166666666666,5.771249999999999,0.0966666666666666,24.263333333333332,21.40125,8.34875,185.08416666666668,2.2970833333333336,9.4225,218.59916666666663,1.96125,10.851666666666668,225.3408333333333,16.666666666666668,43.01666666666667,0.0,24.136666666666667,1012.4166666666666,5.771249999999999,0.0966666666666666,0.0,0.0
CMT,Coogee Maritime Trail,Dec. 6,"2023, 11 a.m.",6-Dec-23   11 a.m.,5,Windy,Blue but milky,2023,11 AM,Dec 6 2023 11 AM,2023-12-06 11:00:00,2023-12-06 11:00:00+08:00,2023-12-06 03:00:00+00:00,2023-12-06,03:00:00,211,2023-12-06,24.263333333333332,21.40125,8.34875,185.08416666666668,2.2970833333333336,9.4225,218.59916666666663,1.96125,10.851666666666668,225.3408333333333,16.666666666666668,43.01666666666667,0.0,24.136666666666667,1012.4166666666666,5.771249999999999,0.0966666666666666,24.263333333333332,21.40125,8.34875,185.08416666666668,2.2970833333333336,9.4225,218.59916666666663,1.96125,10.851666666666668,225.3408333333333,16.666666666666668,43.01666666666667,0.0,24.136666666666667,1012.4166666666666,5.771249999999999,0.0966666666666666,24.263333333333332,21.40125,8.34875,185.08416666666668,2.2970833333333336,9.4225,218.59916666666663,1.96125,10.851666666666668,225.3408333333333,16.666666666666668,43.01666666666667,0.0,24.136666666666667,1012.4166666666666,5.771249999999999,0.0966666666666666,0.0,0.0
PPR,Point Peron,Dec. 6,"2023, 9 a.m.",6-Dec-23   9 a.m.,4,Fair,Blue but milky. No hammerheads,2023,9 AM,Dec 6 2023 9 AM,2023-12-06 09:00:00,2023-12-06 09:00:00+08:00,2023-12-06 01:00:00+00:00,2023-12-06,01:00:00,212,2023-12-06,19.688333333333333,21.227083333333333,8.419583333333334,184.11875,2.04625,9.298333333333334,222.66291666666663,1.7408333333333337,10.802083333333334,230.54166666666663,17.291666666666668,73.24166666666666,0.0,24.136666666666667,1013.64125,11.00875,0.10375,19.688333333333333,21.227083333333333,8.419583333333334,184.11875,2.04625,9.298333333333334,222.66291666666663,1.7408333333333337,10.802083333333334,230.54166666666663,17.291666666666668,73.24166666666666,0.0,24.136666666666667,1013.64125,11.00875,0.10375,19.688333333333333,21.227083333333333,8.419583333333334,184.11875,2.04625,9.298333333333334,222.66291666666663,1.7408333333333337,10.802083333333334,230.54166666666663,17.291666666666668,73.24166666666666,0.0,24.136666666666667,1013.64125,11.00875,0.10375,0.0,0.02
CMB,The Coombe & Mosman Bay,Dec. 2,"2023, 11 a.m.",2-Dec-23   11 a.m.,6,Fair,Green but good vis,2023,11 AM,Dec 2 2023 11 AM,2023-12-02 11:00:00,2023-12-02 11:00:00+08:00,2023-12-02 03:00:00+00:00,2023-12-02,03:00:00,213,2023-12-02,22.055833333333336,21.93125,5.738333333333333,232.445,1.1441666666666668,7.388333333333333,235.06541666666664,1.03875,8.3325,235.07791666666665,80.6375,61.8,0.09,24.135416666666668,1010.4225,5.448333333333333,0.1979166666666666,22.055833333333336,21.93125,5.738333333333333,232.445,1.1441666666666668,7.388333333333333,235.06541666666664,1.03875,8.3325,235.07791666666665,80.6375,61.8,0.09,24.135416666666668,1010.4225,5.448333333333333,0.1979166666666666,22.055833333333336,21.93125,5.738333333333333,232.445,1.1441666666666668,7.388333333333333,235.06541666666664,1.03875,8.3325,235.07791666666665,80.6375,61.8,0.09,24.135416666666668,1010.4225,5.448333333333333,0.1979166666666666,0.0,0.0
BUL,Bulk Jetty,Dec. 2,"2023, 8 a.m.",2-Dec-23   8 a.m.,7,Fair,"Light southerly wind. Calm conditions above and below. 1-2m at the start, gets better outwards",2023,8 AM,Dec 2 2023 8 AM,2023-12-02 08:00:00,2023-12-02 08:00:00+08:00,2023-12-02 00:00:00+00:00,2023-12-02,00:00:00,214,2023-12-02,22.055833333333336,21.616666666666664,5.345833333333334,235.36541666666668,1.04625,7.420000000000001,239.62791666666664,0.9729166666666668,8.14,239.7945833333333,80.6375,61.8,0.09,24.135416666666668,1010.4225,5.448333333333333,0.1979166666666666,22.055833333333336,21.616666666666664,5.345833333333334,235.36541666666668,1.04625,7.420000000000001,239.62791666666664,0.9729166666666668,8.14,239.7945833333333,80.6375,61.8,0.09,24.135416666666668,1010.4225,5.448333333333333,0.1979166666666666,22.055833333333336,21.616666666666664,5.345833333333334,235.36541666666668,1.04625,7.420000000000001,239.62791666666664,0.9729166666666668,8.14,239.7945833333333,80.6375,61.8,0.09,24.135416666666668,1010.4225,5.448333333333333,0.1979166666666666,0.0,0.0
KGT,Kwinana Grain Terminal,Nov. 29,"2023, 7 p.m.",29-Nov-23   7 p.m.,10,Fair,Great vis. Strong current,2023,7 PM,Nov 29 2023 7 PM,2023-11-29 19:00:00,2023-11-29 19:00:00+08:00,2023-11-29 11:00:00+00:00,2023-11-29,11:00:00,215,2023-11-29,19.922916666666666,21.46291666666667,6.634166666666666,196.73833333333332,1.4895833333333333,8.04625,237.7825,1.3433333333333335,8.938333333333333,244.44,26.445833333333336,78.14583333333333,0.0,24.1325,1010.2416666666668,8.002083333333333,0.2304166666666667,19.922916666666666,21.46291666666667,6.634166666666666,196.73833333333332,1.4895833333333333,8.04625,237.7825,1.3433333333333335,8.938333333333333,244.44,26.445833333333336,78.14583333333333,0.0,24.1325,1010.2416666666668,8.002083333333333,0.2304166666666667,19.922916666666666,21.46291666666667,6.634166666666666,196.73833333333332,1.4895833333333333,8.04625,237.7825,1.3433333333333335,8.938333333333333,244.44,26.445833333333336,78.14583333333333,0.0,24.1325,1010.2416666666668,8.002083333333333,0.2304166666666667,0.1699999999999999,1.51
RNN,Rottnest North,Nov. 29,"2023, 11 a.m.",29-Nov-23   11 a.m.,20,Fair,-,2023,11 AM,Nov 29 2023 11 AM,2023-11-29 11:00:00,2023-11-29 11:00:00+08:00,2023-11-29 03:00:00+00:00,2023-11-29,03:00:00,216,2023-11-29,20.202916666666667,21.825416666666666,6.5,196.5870833333333,1.5854166666666665,8.157083333333334,233.6875,1.4408333333333332,9.001666666666667,239.2491666666667,25.09583333333333,77.10833333333333,0.0,24.1325,1010.2783333333332,7.197500000000001,0.2358333333333333,20.202916666666667,21.825416666666666,6.5,196.5870833333333,1.5854166666666665,8.157083333333334,233.6875,1.4408333333333332,9.001666666666667,239.2491666666667,25.09583333333333,77.10833333333333,0.0,24.1325,1010.2783333333332,7.197500000000001,0.2358333333333333,20.202916666666667,21.825416666666666,6.5,196.5870833333333,1.5854166666666665,8.157083333333334,233.6875,1.4408333333333332,9.001666666666667,239.2491666666667,25.09583333333333,77.10833333333333,0.0,24.1325,1010.2783333333332,7.197500000000001,0.2358333333333333,1.39,2.83
MET,Mettam’s Pool,Nov. 26,"2023, 9 a.m.",26-Nov-23   9 a.m.,5,Fair,-,2023,9 AM,Nov 26 2023 9 AM,2023-11-26 09:00:00,2023-11-26 09:00:00+08:00,2023-11-26 01:00:00+00:00,2023-11-26,01:00:00,217,2023-11-26,25.993333333333336,21.38458333333333,3.73875,256.55125000000004,1.0425,10.700833333333334,224.1808333333333,1.0291666666666666,10.9125,223.7458333333333,77.3625,51.84583333333333,0.18,23.0025,1007.5620833333334,6.084166666666666,0.2625,25.993333333333336,21.38458333333333,3.73875,256.55125000000004,1.0425,10.700833333333334,224.1808333333333,1.0291666666666666,10.9125,223.7458333333333,77.3625,51.84583333333333,0.18,23.0025,1007.5620833333334,6.084166666666666,0.2625,25.993333333333336,21.38458333333333,3.73875,256.55125000000004,1.0425,10.700833333333334,224.1808333333333,1.0291666666666666,10.9125,223.7458333333333,77.3625,51.84583333333333,0.18,23.0025,1007.5620833333334,6.084166666666666,0.2625,0.0,0.53
CMB,The Coombe & Mosman Bay,Nov. 25,"2023, 11 a.m.",25-Nov-23   11 a.m.,6,Fair,"Green but not silty, 22C",2023,11 AM,Nov 25 2023 11 AM,2023-11-25 11:00:00,2023-11-25 11:00:00+08:00,2023-11-25 03:00:00+00:00,2023-11-25,03:00:00,218,2023-11-25,28.824583333333333,21.06583333333333,4.55375,169.01874999999998,0.9366666666666666,10.500833333333334,214.93666666666664,0.8816666666666667,11.296666666666669,221.15375,64.33749999999999,29.054166666666664,0.0,24.13458333333333,1009.6191666666668,10.77375,0.2570833333333333,28.824583333333333,21.06583333333333,4.55375,169.01874999999998,0.9366666666666666,10.500833333333334,214.93666666666664,0.8816666666666667,11.296666666666669,221.15375,64.33749999999999,29.054166666666664,0.0,24.13458333333333,1009.6191666666668,10.77375,0.2570833333333333,28.824583333333333,21.06583333333333,4.55375,169.01874999999998,0.9366666666666666,10.500833333333334,214.93666666666664,0.8816666666666667,11.296666666666669,221.15375,64.33749999999999,29.054166666666664,0.0,24.13458333333333,1009.6191666666668,10.77375,0.2570833333333333,0.19,0.73
PPR,Point Peron,Nov. 18,"2023, 10 a.m.",18-Nov-23   10 a.m.,8,Fair,-,2023,10 AM,Nov 18 2023 10 AM,2023-11-18 10:00:00,2023-11-18 10:00:00+08:00,2023-11-18 02:00:00+00:00,2023-11-18,02:00:00,219,2023-11-18,19.749166666666667,19.734166666666667,5.104166666666667,172.21208333333334,1.1275,9.449166666666668,217.83,1.0370833333333334,10.57125,221.77083333333331,3.045833333333333,69.175,0.0,24.133333333333336,1017.87375,9.214166666666666,0.1466666666666666,19.749166666666667,19.734166666666667,5.104166666666667,172.21208333333334,1.1275,9.449166666666668,217.83,1.0370833333333334,10.57125,221.77083333333331,3.045833333333333,69.175,0.0,24.133333333333336,1017.87375,9.214166666666666,0.1466666666666666,19.749166666666667,19.734166666666667,5.104166666666667,172.21208333333334,1.1275,9.449166666666668,217.83,1.0370833333333334,10.57125,221.77083333333331,3.045833333333333,69.175,0.0,24.133333333333336,1017.87375,9.214166666666666,0.1466666666666666,0.0,0.0
SCR,South Cottesloe Reef,Nov. 18,"2023, 9 a.m.",18-Nov-23   9 a.m.,8,Fair,Great conditions across the whole reef. Very little fish activity,2023,9 AM,Nov 18 2023 9 AM,2023-11-18 09:00:00,2023-11-18 09:00:00+08:00,2023-11-18 01:00:00+00:00,2023-11-18,01:00:00,220,2023-11-18,20.38625,20.241666666666667,5.21375,167.74166666666665,1.299583333333333,9.2425,212.12041666666667,1.1895833333333334,10.4175,216.48666666666668,0.8875000000000001,69.27083333333333,0.0,24.133333333333336,1017.3216666666668,8.934166666666666,0.145,20.38625,20.241666666666667,5.21375,167.74166666666665,1.299583333333333,9.2425,212.12041666666667,1.1895833333333334,10.4175,216.48666666666668,0.8875000000000001,69.27083333333333,0.0,24.133333333333336,1017.3216666666668,8.934166666666666,0.145,20.38625,20.241666666666667,5.21375,167.74166666666665,1.299583333333333,9.2425,212.12041666666667,1.1895833333333334,10.4175,216.48666666666668,0.8875000000000001,69.27083333333333,0.0,24.133333333333336,1017.3216666666668,8.934166666666666,0.145,0.0,0.0
WOO,Woodman Point,Nov. 17,"2023, 9 a.m.",17-Nov-23   9 a.m.,12,Fair,"Calm, Sea grass collection.  Great Vis near Kitesurfing",2023,9 AM,Nov 17 2023 9 AM,2023-11-17 09:00:00,2023-11-17 09:00:00+08:00,2023-11-17 01:00:00+00:00,2023-11-17,01:00:00,221,2023-11-17,19.63125,19.604166666666668,5.71375,144.8658333333333,0.9720833333333332,8.537916666666666,214.23541666666665,0.86875,9.86125,221.4275,0.05,66.82083333333334,0.0,24.13625,1019.0716666666668,9.205416666666666,0.1508333333333333,19.63125,19.604166666666668,5.71375,144.8658333333333,0.9720833333333332,8.537916666666666,214.23541666666665,0.86875,9.86125,221.4275,0.05,66.82083333333334,0.0,24.13625,1019.0716666666668,9.205416666666666,0.1508333333333333,19.63125,19.604166666666668,5.71375,144.8658333333333,0.9720833333333332,8.537916666666666,214.23541666666665,0.86875,9.86125,221.4275,0.05,66.82083333333334,0.0,24.13625,1019.0716666666668,9.205416666666666,0.1508333333333333,0.0,0.0
CMT,Coogee Maritime Trail,Nov. 17,"2023, 8 a.m.",17-Nov-23   8 a.m.,3,Fair,-,2023,8 AM,Nov 17 2023 8 AM,2023-11-17 08:00:00,2023-11-17 08:00:00+08:00,2023-11-17 00:00:00+00:00,2023-11-17,00:00:00,222,2023-11-17,22.965416666666663,20.281666666666663,6.029166666666666,144.015,1.1304166666666666,8.266250000000001,207.0270833333333,1.00125,9.63375,215.33208333333332,0.0,32.862500000000004,0.0,24.13625,1018.8108333333332,8.280416666666666,0.1479166666666666,22.965416666666663,20.281666666666663,6.029166666666666,144.015,1.1304166666666666,8.266250000000001,207.0270833333333,1.00125,9.63375,215.33208333333332,0.0,32.862500000000004,0.0,24.13625,1018.8108333333332,8.280416666666666,0.1479166666666666,22.965416666666663,20.281666666666663,6.029166666666666,144.015,1.1304166666666666,8.266250000000001,207.0270833333333,1.00125,9.63375,215.33208333333332,0.0,32.862500000000004,0.0,24.13625,1018.8108333333332,8.280416666666666,0.1479166666666666,0.0,0.0
BUL,Bulk Jetty,Nov. 15,"2023, 7 p.m.",15-Nov-23   7 p.m.,10,Windy,"Easterly Wind. Night Dive. Good vis after about 50m from shore. Heaps of crabs, nudi, cuttlefish",2023,7 PM,Nov 15 2023 7 PM,2023-11-15 19:00:00,2023-11-15 19:00:00+08:00,2023-11-15 11:00:00+00:00,2023-11-15,11:00:00,223,2023-11-15,20.986666666666668,19.454166666666666,7.357916666666667,129.58541666666667,1.2825,8.97625,198.41916666666668,1.10125,10.89,218.3420833333333,3.2375000000000003,49.225,0.0,24.133750000000003,1017.2754166666668,9.635,0.1358333333333333,20.986666666666668,19.454166666666666,7.357916666666667,129.58541666666667,1.2825,8.97625,198.41916666666668,1.10125,10.89,218.3420833333333,3.2375000000000003,49.225,0.0,24.133750000000003,1017.2754166666668,9.635,0.1358333333333333,20.986666666666668,19.454166666666666,7.357916666666667,129.58541666666667,1.2825,8.97625,198.41916666666668,1.10125,10.89,218.3420833333333,3.2375000000000003,49.225,0.0,24.133750000000003,1017.2754166666668,9.635,0.1358333333333333,0.0,0.51
HIL,Hillarys,Nov. 12,"2023, 1 p.m.",12-Nov-23   1 p.m.,1,Fair,"BOAB reef. Very murky, no chop, winds E. 'Green out' visibility",2023,1 PM,Nov 12 2023 1 PM,2023-11-12 13:00:00,2023-11-12 13:00:00+08:00,2023-11-12 05:00:00+00:00,2023-11-12,05:00:00,224,2023-11-12,20.204583333333336,19.38583333333333,8.222083333333334,130.91708333333335,1.7366666666666666,9.0525,193.37,1.4983333333333333,10.848333333333334,209.84666666666664,85.96666666666665,68.74166666666666,1.15,23.17,1015.645,10.970416666666669,0.0758333333333333,20.204583333333336,19.38583333333333,8.222083333333334,130.91708333333335,1.7366666666666666,9.0525,193.37,1.4983333333333333,10.848333333333334,209.84666666666664,85.96666666666665,68.74166666666666,1.15,23.17,1015.645,10.970416666666669,0.0758333333333333,20.204583333333336,19.38583333333333,8.222083333333334,130.91708333333335,1.7366666666666666,9.0525,193.37,1.4983333333333333,10.848333333333334,209.84666666666664,85.96666666666665,68.74166666666666,1.15,23.17,1015.645,10.970416666666669,0.0758333333333333,1.05,1.05
NMF,North Mole Fremantle,Nov. 12,"2023, 8 a.m.",12-Nov-23   8 a.m.,8,Glassy,"3-4m north side, 8m out at the wreck",2023,8 AM,Nov 12 2023 8 AM,2023-11-12 08:00:00,2023-11-12 08:00:00+08:00,2023-11-12 00:00:00+00:00,2023-11-12,00:00:00,225,2023-11-12,20.204583333333336,19.36208333333333,7.148333333333333,123.47666666666667,1.4745833333333334,9.174166666666666,198.7683333333333,1.32,10.630416666666669,212.53625,85.96666666666665,68.74166666666666,1.15,23.17,1015.645,10.970416666666669,0.0695833333333333,20.204583333333336,19.36208333333333,7.148333333333333,123.47666666666667,1.4745833333333334,9.174166666666666,198.7683333333333,1.32,10.630416666666669,212.53625,85.96666666666665,68.74166666666666,1.15,23.17,1015.645,10.970416666666669,0.0695833333333333,20.204583333333336,19.36208333333333,7.148333333333333,123.47666666666667,1.4745833333333334,9.174166666666666,198.7683333333333,1.32,10.630416666666669,212.53625,85.96666666666665,68.74166666666666,1.15,23.17,1015.645,10.970416666666669,0.0695833333333333,0.75,0.75
RNN,Rottnest North,Nov. 11,"2023, noon",11-Nov-23   12 p.m.,15,Fair,City of York wreck,2023,12 PM,Nov 11 2023 12 PM,2023-11-11 12:00:00,2023-11-11 12:00:00+08:00,2023-11-11 04:00:00+00:00,2023-11-11,04:00:00,226,2023-11-11,18.86833333333333,19.44875,8.337083333333334,135.98999999999998,2.404166666666667,11.144583333333332,215.3358333333333,2.2491666666666665,12.127083333333331,222.85166666666663,90.5375,65.56666666666666,0.52,24.062916666666663,1018.5275,12.473333333333334,0.0808333333333333,18.86833333333333,19.44875,8.337083333333334,135.98999999999998,2.404166666666667,11.144583333333332,215.3358333333333,2.2491666666666665,12.127083333333331,222.85166666666663,90.5375,65.56666666666666,0.52,24.062916666666663,1018.5275,12.473333333333334,0.0808333333333333,18.86833333333333,19.44875,8.337083333333334,135.98999999999998,2.404166666666667,11.144583333333332,215.3358333333333,2.2491666666666665,12.127083333333331,222.85166666666663,90.5375,65.56666666666666,0.52,24.062916666666663,1018.5275,12.473333333333334,0.0808333333333333,0.0,0.03
RNN,Rottnest North,Nov. 11,"2023, 10 a.m.",11-Nov-23   10 a.m.,10,Fair,"Roe reef, surge",2023,10 AM,Nov 11 2023 10 AM,2023-11-11 10:00:00,2023-11-11 10:00:00+08:00,2023-11-11 02:00:00+00:00,2023-11-11,02:00:00,227,2023-11-11,18.86833333333333,19.44875,8.337083333333334,135.98999999999998,2.404166666666667,11.144583333333332,215.3358333333333,2.2491666666666665,12.127083333333331,222.85166666666663,90.5375,65.56666666666666,0.52,24.062916666666663,1018.5275,12.473333333333334,0.0808333333333333,18.86833333333333,19.44875,8.337083333333334,135.98999999999998,2.404166666666667,11.144583333333332,215.3358333333333,2.2491666666666665,12.127083333333331,222.85166666666663,90.5375,65.56666666666666,0.52,24.062916666666663,1018.5275,12.473333333333334,0.0808333333333333,18.86833333333333,19.44875,8.337083333333334,135.98999999999998,2.404166666666667,11.144583333333332,215.3358333333333,2.2491666666666665,12.127083333333331,222.85166666666663,90.5375,65.56666666666666,0.52,24.062916666666663,1018.5275,12.473333333333334,0.0808333333333333,0.0,0.05
MET,Mettam’s Pool,Nov. 5,"2023, 8 a.m.",5-Nov-23   8 a.m.,3,Fair,A lot of debris in the water,2023,8 AM,Nov 5 2023 8 AM,2023-11-05 08:00:00,2023-11-05 08:00:00+08:00,2023-11-05 00:00:00+00:00,2023-11-05,00:00:00,228,2023-11-05,21.982916666666668,19.734166666666667,2.8954166666666663,251.61625,1.5904166666666668,12.500833333333333,222.41166666666663,1.5870833333333334,12.53875,222.2825,6.533333333333334,66.85833333333333,0.0,24.135,1014.0291666666668,2.637083333333333,0.2754166666666667,21.982916666666668,19.734166666666667,2.8954166666666663,251.61625,1.5904166666666668,12.500833333333333,222.41166666666663,1.5870833333333334,12.53875,222.2825,6.533333333333334,66.85833333333333,0.0,24.135,1014.0291666666668,2.637083333333333,0.2754166666666667,21.982916666666668,19.734166666666667,2.8954166666666663,251.61625,1.5904166666666668,12.500833333333333,222.41166666666663,1.5870833333333334,12.53875,222.2825,6.533333333333334,66.85833333333333,0.0,24.135,1014.0291666666668,2.637083333333333,0.2754166666666667,0.0,0.38
RNN,Rottnest North,Nov. 4,"2023, 10 a.m.",4-Nov-23   10 a.m.,20,Fair,-,2023,10 AM,Nov 4 2023 10 AM,2023-11-04 10:00:00,2023-11-04 10:00:00+08:00,2023-11-04 02:00:00+00:00,2023-11-04,02:00:00,229,2023-11-04,21.40833333333333,19.36916666666667,4.649583333333333,214.0595833333333,1.399166666666667,11.411666666666669,216.88,1.3258333333333334,12.159583333333332,224.41583333333327,5.258333333333334,71.28750000000001,0.03,24.1325,1012.0366666666667,7.507916666666667,0.2175,21.40833333333333,19.36916666666667,4.649583333333333,214.0595833333333,1.399166666666667,11.411666666666669,216.88,1.3258333333333334,12.159583333333332,224.41583333333327,5.258333333333334,71.28750000000001,0.03,24.1325,1012.0366666666667,7.507916666666667,0.2175,21.40833333333333,19.36916666666667,4.649583333333333,214.0595833333333,1.399166666666667,11.411666666666669,216.88,1.3258333333333334,12.159583333333332,224.41583333333327,5.258333333333334,71.28750000000001,0.03,24.1325,1012.0366666666667,7.507916666666667,0.2175,0.51,0.51
SCR,South Cottesloe Reef,Nov. 4,"2023, 9 a.m.",4-Nov-23   9 a.m.,12,Glassy,-,2023,9 AM,Nov 4 2023 9 AM,2023-11-04 09:00:00,2023-11-04 09:00:00+08:00,2023-11-04 01:00:00+00:00,2023-11-04,01:00:00,230,2023-11-04,21.40833333333333,19.36916666666667,4.649583333333333,214.0595833333333,1.399166666666667,11.411666666666669,216.88,1.3258333333333334,12.159583333333332,224.41583333333327,5.258333333333334,71.28750000000001,0.03,24.1325,1012.0366666666667,7.507916666666667,0.2175,21.40833333333333,19.36916666666667,4.649583333333333,214.0595833333333,1.399166666666667,11.411666666666669,216.88,1.3258333333333334,12.159583333333332,224.41583333333327,5.258333333333334,71.28750000000001,0.03,24.1325,1012.0366666666667,7.507916666666667,0.2175,21.40833333333333,19.36916666666667,4.649583333333333,214.0595833333333,1.399166666666667,11.411666666666669,216.88,1.3258333333333334,12.159583333333332,224.41583333333327,5.258333333333334,71.28750000000001,0.03,24.1325,1012.0366666666667,7.507916666666667,0.2175,0.51,0.51
BUL,Bulk Jetty,Nov. 1,"2023, 2 p.m.",1-Nov-23   2 p.m.,2,Fair,Milky green. Poor vis.  Lotsa nudis and blue swimmers.,2023,2 PM,Nov 1 2023 2 PM,2023-11-01 14:00:00,2023-11-01 14:00:00+08:00,2023-11-01 06:00:00+00:00,2023-11-01,06:00:00,231,2023-11-01,22.12125,18.552916666666665,6.757916666666667,165.95541666666665,1.3183333333333334,8.172916666666667,216.56041666666667,1.14625,9.494583333333331,223.57125,5.05,41.10833333333333,0.0,24.133750000000003,1017.7641666666668,9.93125,0.10125,22.12125,18.552916666666665,6.757916666666667,165.95541666666665,1.3183333333333334,8.172916666666667,216.56041666666667,1.14625,9.494583333333331,223.57125,5.05,41.10833333333333,0.0,24.133750000000003,1017.7641666666668,9.93125,0.10125,22.12125,18.552916666666665,6.757916666666667,165.95541666666665,1.3183333333333334,8.172916666666667,216.56041666666667,1.14625,9.494583333333331,223.57125,5.05,41.10833333333333,0.0,24.133750000000003,1017.7641666666668,9.93125,0.10125,0.05,0.05
RNN,Rottnest North,Oct. 22,"2023, 9 a.m.",22-Oct-23   9 a.m.,15,Fair,Swirl Reef and Thompson bay,2023,9 AM,Oct 22 2023 9 AM,2023-10-22 09:00:00,2023-10-22 09:00:00+08:00,2023-10-22 01:00:00+00:00,2023-10-22,01:00:00,232,2023-10-22,17.121666666666666,19.62666666666667,7.734583333333333,200.60416666666663,1.559583333333333,7.290416666666666,231.81791666666663,1.2254166666666666,9.098333333333334,240.50541666666663,77.53750000000001,71.8875,0.98,24.1325,1017.25375,9.281666666666666,0.2541666666666667,17.121666666666666,19.62666666666667,7.734583333333333,200.60416666666663,1.559583333333333,7.290416666666666,231.81791666666663,1.2254166666666666,9.098333333333334,240.50541666666663,77.53750000000001,71.8875,0.98,24.1325,1017.25375,9.281666666666666,0.2541666666666667,17.121666666666666,19.62666666666667,7.734583333333333,200.60416666666663,1.559583333333333,7.290416666666666,231.81791666666663,1.2254166666666666,9.098333333333334,240.50541666666663,77.53750000000001,71.8875,0.98,24.1325,1017.25375,9.281666666666666,0.2541666666666667,0.05,0.05
CMT,Coogee Maritime Trail,Oct. 22,"2023, 9 a.m.",22-Oct-23   9 a.m.,3,Fair,-,2023,9 AM,Oct 22 2023 9 AM,2023-10-22 09:00:00,2023-10-22 09:00:00+08:00,2023-10-22 01:00:00+00:00,2023-10-22,01:00:00,233,2023-10-22,16.850416666666668,19.62666666666667,7.734583333333333,200.60416666666663,1.559583333333333,7.290416666666666,231.81791666666663,1.2254166666666666,9.098333333333334,240.50541666666663,82.49583333333334,61.60833333333333,0.28,24.1325,1016.9525,7.06125,0.2541666666666667,16.850416666666668,19.62666666666667,7.734583333333333,200.60416666666663,1.559583333333333,7.290416666666666,231.81791666666663,1.2254166666666666,9.098333333333334,240.50541666666663,82.49583333333334,61.60833333333333,0.28,24.1325,1016.9525,7.06125,0.2541666666666667,16.850416666666668,19.62666666666667,7.734583333333333,200.60416666666663,1.559583333333333,7.290416666666666,231.81791666666663,1.2254166666666666,9.098333333333334,240.50541666666663,82.49583333333334,61.60833333333333,0.28,24.1325,1016.9525,7.06125,0.2541666666666667,0.6399999999999999,0.64
WAT,Watermans/North Beach,Oct. 18,"2023, 8 p.m.",18-Oct-23   8 p.m.,5,Rough,"20C, big surge at MAAC, but better vis than expected. Pt Jackson Shark and Ray spotted.",2023,8 PM,Oct 18 2023 8 PM,2023-10-18 20:00:00,2023-10-18 20:00:00+08:00,2023-10-18 12:00:00+00:00,2023-10-18,12:00:00,234,2023-10-18,17.595,19.5625,7.2425,177.47833333333335,1.4120833333333334,7.648333333333333,215.66166666666663,1.1370833333333332,9.737083333333333,226.17041666666668,40.21666666666667,75.97083333333333,0.0,24.13583333333333,1024.0833333333333,6.1433333333333335,0.2799999999999999,17.595,19.5625,7.2425,177.47833333333335,1.4120833333333334,7.648333333333333,215.66166666666663,1.1370833333333332,9.737083333333333,226.17041666666668,40.21666666666667,75.97083333333333,0.0,24.13583333333333,1024.0833333333333,6.1433333333333335,0.2799999999999999,17.595,19.5625,7.2425,177.47833333333335,1.4120833333333334,7.648333333333333,215.66166666666663,1.1370833333333332,9.737083333333333,226.17041666666668,40.21666666666667,75.97083333333333,0.0,24.13583333333333,1024.0833333333333,6.1433333333333335,0.2799999999999999,0.0,0.0
CMT,Coogee Maritime Trail,Oct. 8,"2023, 9 a.m.",8-Oct-23   9 a.m.,3,Fair,"A bit of surge, but okay not he surface. Green and murky below",2023,9 AM,Oct 8 2023 9 AM,2023-10-08 09:00:00,2023-10-08 09:00:00+08:00,2023-10-08 01:00:00+00:00,2023-10-08,01:00:00,235,2023-10-08,18.956666666666667,19.32166666666667,3.3975000000000004,213.69083333333333,1.7229166666666669,13.195833333333333,233.56125,1.7145833333333331,13.301666666666668,233.43,23.8125,68.825,0.0,23.874583333333334,1020.9229166666668,3.2495833333333333,0.2808333333333333,18.956666666666667,19.32166666666667,3.3975000000000004,213.69083333333333,1.7229166666666669,13.195833333333333,233.56125,1.7145833333333331,13.301666666666668,233.43,23.8125,68.825,0.0,23.874583333333334,1020.9229166666668,3.2495833333333333,0.2808333333333333,18.956666666666667,19.32166666666667,3.3975000000000004,213.69083333333333,1.7229166666666669,13.195833333333333,233.56125,1.7145833333333331,13.301666666666668,233.43,23.8125,68.825,0.0,23.874583333333334,1020.9229166666668,3.2495833333333333,0.2808333333333333,0.0,0.0
WAT,Watermans/North Beach,Oct. 8,"2023, 9 a.m.",8-Oct-23   9 a.m.,3,Fair,"Same as day before, vis slightly better",2023,9 AM,Oct 8 2023 9 AM,2023-10-08 09:00:00,2023-10-08 09:00:00+08:00,2023-10-08 01:00:00+00:00,2023-10-08,01:00:00,236,2023-10-08,17.802916666666665,19.539166666666667,3.875833333333333,207.43041666666667,1.8995833333333327,13.311666666666667,227.46666666666667,1.887916666666667,13.45125,227.3125,31.745833333333334,81.825,0.05,24.13583333333333,1021.1091666666666,3.825416666666667,0.28125,17.802916666666665,19.539166666666667,3.875833333333333,207.43041666666667,1.8995833333333327,13.311666666666667,227.46666666666667,1.887916666666667,13.45125,227.3125,31.745833333333334,81.825,0.05,24.13583333333333,1021.1091666666666,3.825416666666667,0.28125,17.802916666666665,19.539166666666667,3.875833333333333,207.43041666666667,1.8995833333333327,13.311666666666667,227.46666666666667,1.887916666666667,13.45125,227.3125,31.745833333333334,81.825,0.05,24.13583333333333,1021.1091666666666,3.825416666666667,0.28125,0.02,0.02
WAT,Watermans/North Beach,Oct. 7,"2023, 8 a.m.",7-Oct-23   8 a.m.,2,Fair,"19C, surge, tons of particulates in the water, little milky as well",2023,8 AM,Oct 7 2023 8 AM,2023-10-07 08:00:00,2023-10-07 08:00:00+08:00,2023-10-07 00:00:00+00:00,2023-10-07,00:00:00,237,2023-10-07,18.68625,19.534166666666668,3.629583333333333,247.70541666666668,1.7325,11.7475,225.06833333333336,1.7225,11.890416666666669,224.3383333333333,21.04583333333333,83.8875,0.0,24.135416666666668,1017.9208333333332,4.557916666666666,0.2616666666666666,18.68625,19.534166666666668,3.629583333333333,247.70541666666668,1.7325,11.7475,225.06833333333336,1.7225,11.890416666666669,224.3383333333333,21.04583333333333,83.8875,0.0,24.135416666666668,1017.9208333333332,4.557916666666666,0.2616666666666666,18.68625,19.534166666666668,3.629583333333333,247.70541666666668,1.7325,11.7475,225.06833333333336,1.7225,11.890416666666669,224.3383333333333,21.04583333333333,83.8875,0.0,24.135416666666668,1017.9208333333332,4.557916666666666,0.2616666666666666,0.0,0.0
PRT,Port Beach,Oct. 6,"2023, 8 p.m.",6-Oct-23   8 p.m.,2,Fair,"18C Strong surge, lots of particulates in the water and milky",2023,8 PM,Oct 6 2023 8 PM,2023-10-06 20:00:00,2023-10-06 20:00:00+08:00,2023-10-06 12:00:00+00:00,2023-10-06,12:00:00,238,2023-10-06,19.90458333333333,18.985833333333336,4.784166666666667,139.53958333333333,2.3095833333333333,13.104166666666666,226.72125000000003,2.28375,13.308333333333332,227.50583333333336,13.341666666666669,74.1375,0.0,24.1375,1017.4891666666668,5.684166666666666,0.17625,19.90458333333333,18.985833333333336,4.784166666666667,139.53958333333333,2.3095833333333333,13.104166666666666,226.72125000000003,2.28375,13.308333333333332,227.50583333333336,13.341666666666669,74.1375,0.0,24.1375,1017.4891666666668,5.684166666666666,0.17625,19.90458333333333,18.985833333333336,4.784166666666667,139.53958333333333,2.3095833333333333,13.104166666666666,226.72125000000003,2.28375,13.308333333333332,227.50583333333336,13.341666666666669,74.1375,0.0,24.1375,1017.4891666666668,5.684166666666666,0.17625,0.0,0.0
KGT,Kwinana Grain Terminal,Oct. 4,"2023, 7 p.m.",4-Oct-23   7 p.m.,3,Fair,"Night Dive, Decent current, Squid, Bobtail, Prawns, Crabs, Nudis. Ship being loaded.",2023,7 PM,Oct 4 2023 7 PM,2023-10-04 19:00:00,2023-10-04 19:00:00+08:00,2023-10-04 11:00:00+00:00,2023-10-04,11:00:00,239,2023-10-04,15.762083333333337,18.47625,5.3625,167.60208333333333,1.8533333333333333,11.04125,234.08166666666668,1.8041666666666665,11.475,236.76583333333332,18.141666666666666,71.91250000000001,0.0,24.13583333333333,1025.5120833333333,6.47,0.1729166666666667,15.762083333333337,18.47625,5.3625,167.60208333333333,1.8533333333333333,11.04125,234.08166666666668,1.8041666666666665,11.475,236.76583333333332,18.141666666666666,71.91250000000001,0.0,24.13583333333333,1025.5120833333333,6.47,0.1729166666666667,15.762083333333337,18.47625,5.3625,167.60208333333333,1.8533333333333333,11.04125,234.08166666666668,1.8041666666666665,11.475,236.76583333333332,18.141666666666666,71.91250000000001,0.0,24.13583333333333,1025.5120833333333,6.47,0.1729166666666667,0.0,0.62
D9W,D9 Wreck,Oct. 3,"2023, 8 a.m.",3-Oct-23   8 a.m.,2,Fair,-,2023,8 AM,Oct 3 2023 8 AM,2023-10-03 08:00:00,2023-10-03 08:00:00+08:00,2023-10-03 00:00:00+00:00,2023-10-03,00:00:00,240,2023-10-03,15.37625,18.488333333333333,4.8175,171.5175,2.890833333333333,13.31,239.5295833333333,2.8854166666666665,13.353333333333332,239.6891666666667,11.6875,66.67916666666666,0.25,24.13625,1027.14625,5.462916666666668,0.2008333333333333,15.37625,18.488333333333333,4.8175,171.5175,2.890833333333333,13.31,239.5295833333333,2.8854166666666665,13.353333333333332,239.6891666666667,11.6875,66.67916666666666,0.25,24.13625,1027.14625,5.462916666666668,0.2008333333333333,15.37625,18.488333333333333,4.8175,171.5175,2.890833333333333,13.31,239.5295833333333,2.8854166666666665,13.353333333333332,239.6891666666667,11.6875,66.67916666666666,0.25,24.13625,1027.14625,5.462916666666668,0.2008333333333333,1.73,6.890000000000001
WOO,Woodman Point,Sept. 30,"2023, 7 p.m.",30-Sep-23   7 p.m.,8,Fair,"19C, small amount of surge on the north side of the groyne",2023,7 PM,Sep 30 2023 7 PM,2023-09-30 19:00:00,2023-09-30 19:00:00+08:00,2023-09-30 11:00:00+00:00,2023-09-30,11:00:00,241,2023-09-30,17.2725,18.933333333333334,4.92,253.02083333333331,1.9945833333333327,10.299583333333333,244.4333333333333,1.9608333333333332,10.54,243.68416666666667,40.525,68.24583333333334,0.78,24.135,1017.7895833333332,6.69125,0.2641666666666666,17.2725,18.933333333333334,4.92,253.02083333333331,1.9945833333333327,10.299583333333333,244.4333333333333,1.9608333333333332,10.54,243.68416666666667,40.525,68.24583333333334,0.78,24.135,1017.7895833333332,6.69125,0.2641666666666666,17.2725,18.933333333333334,4.92,253.02083333333331,1.9945833333333327,10.299583333333333,244.4333333333333,1.9608333333333332,10.54,243.68416666666667,40.525,68.24583333333334,0.78,24.135,1017.7895833333332,6.69125,0.2641666666666666,0.56,0.56
RNN,Rottnest North,Sept. 26,"2023, 10 a.m.",26-Sep-23   10 a.m.,15,Glassy,Snorkelled the Basin. Reasonable Surge.,2023,10 AM,Sep 26 2023 10 AM,2023-09-26 10:00:00,2023-09-26 10:00:00+08:00,2023-09-26 02:00:00+00:00,2023-09-26,02:00:00,242,2023-09-26,17.328333333333333,18.77,5.680833333333333,154.925,2.1320833333333336,11.760416666666666,233.71625,2.0829166666666667,12.160416666666668,235.56541666666664,0.0,63.4875,0.0,24.1375,1024.0391666666667,7.728333333333333,0.1554166666666666,17.328333333333333,18.77,5.680833333333333,154.925,2.1320833333333336,11.760416666666666,233.71625,2.0829166666666667,12.160416666666668,235.56541666666664,0.0,63.4875,0.0,24.1375,1024.0391666666667,7.728333333333333,0.1554166666666666,17.328333333333333,18.77,5.680833333333333,154.925,2.1320833333333336,11.760416666666666,233.71625,2.0829166666666667,12.160416666666668,235.56541666666664,0.0,63.4875,0.0,24.1375,1024.0391666666667,7.728333333333333,0.1554166666666666,0.0,0.0
LIT,Little Beach,Sept. 24,"2023, 11 a.m.",24-Sep-23   11 a.m.,8,Fair,"Jervoise Bay Cove. A few murky spots. Not much sea life, a couple of purple nudi's. Strong Swell.",2023,11 AM,Sep 24 2023 11 AM,2023-09-24 11:00:00,2023-09-24 11:00:00+08:00,2023-09-24 03:00:00+00:00,2023-09-24,03:00:00,243,2023-09-24,16.41625,18.842916666666667,4.929583333333333,157.64333333333337,2.31875,13.166666666666666,239.59375,2.294166666666667,13.367083333333332,240.29125,1.1875,60.708333333333336,0.0,24.137083333333333,1020.5283333333332,3.953333333333333,0.2220833333333333,16.41625,18.842916666666667,4.929583333333333,157.64333333333337,2.31875,13.166666666666666,239.59375,2.294166666666667,13.367083333333332,240.29125,1.1875,60.708333333333336,0.0,24.137083333333333,1020.5283333333332,3.953333333333333,0.2220833333333333,16.41625,18.842916666666667,4.929583333333333,157.64333333333337,2.31875,13.166666666666666,239.59375,2.294166666666667,13.367083333333332,240.29125,1.1875,60.708333333333336,0.0,24.137083333333333,1020.5283333333332,3.953333333333333,0.2220833333333333,0.0,0.16
NMF,North Mole Fremantle,Sept. 24,"2023, 9 a.m.",24-Sep-23   9 a.m.,5,Fair,swell down but water still murky.,2023,9 AM,Sep 24 2023 9 AM,2023-09-24 09:00:00,2023-09-24 09:00:00+08:00,2023-09-24 01:00:00+00:00,2023-09-24,01:00:00,244,2023-09-24,16.253333333333334,18.965,5.317916666666666,157.54375000000002,2.529583333333333,13.200416666666667,234.68958333333333,2.5025,13.42375,235.44125,2.725,72.54583333333333,0.0,24.137083333333333,1020.9416666666666,5.753333333333334,0.2204166666666666,16.253333333333334,18.965,5.317916666666666,157.54375000000002,2.529583333333333,13.200416666666667,234.68958333333333,2.5025,13.42375,235.44125,2.725,72.54583333333333,0.0,24.137083333333333,1020.9416666666666,5.753333333333334,0.2204166666666666,16.253333333333334,18.965,5.317916666666666,157.54375000000002,2.529583333333333,13.200416666666667,234.68958333333333,2.5025,13.42375,235.44125,2.725,72.54583333333333,0.0,24.137083333333333,1020.9416666666666,5.753333333333334,0.2204166666666666,0.06,0.58
BWR,Blackwall Reach,Sept. 16,"2023, 7 p.m.",16-Sep-23   7 p.m.,2,Glassy,"1-1.5m and 17C on the barge, 2-3m at 5m around the cliffs",2023,7 PM,Sep 16 2023 7 PM,2023-09-16 19:00:00,2023-09-16 19:00:00+08:00,2023-09-16 11:00:00+00:00,2023-09-16,11:00:00,245,2023-09-16,16.461666666666666,19.106666666666666,4.742083333333333,226.13458333333327,2.615416666666667,12.2425,237.37875,2.5875,12.4375,238.17208333333332,15.220833333333331,69.12916666666666,0.21,24.132916666666663,1021.5654166666668,2.8662500000000004,0.3041666666666666,16.461666666666666,19.106666666666666,4.742083333333333,226.13458333333327,2.615416666666667,12.2425,237.37875,2.5875,12.4375,238.17208333333332,15.220833333333331,69.12916666666666,0.21,24.132916666666663,1021.5654166666668,2.8662500000000004,0.3041666666666666,16.461666666666666,19.106666666666666,4.742083333333333,226.13458333333327,2.615416666666667,12.2425,237.37875,2.5875,12.4375,238.17208333333332,15.220833333333331,69.12916666666666,0.21,24.132916666666663,1021.5654166666668,2.8662500000000004,0.3041666666666666,0.6200000000000001,1.7599999999999998
WAT,Watermans/North Beach,Sept. 9,"2023, 9 a.m.",9-Sep-23   9 a.m.,3,Fair,"17C, vis better in some areas, plenty of caviar dragons about.",2023,9 AM,Sep 9 2023 9 AM,2023-09-09 09:00:00,2023-09-09 09:00:00+08:00,2023-09-09 01:00:00+00:00,2023-09-09,01:00:00,246,2023-09-09,17.495833333333334,18.4475,5.122916666666667,286.6375,1.84,10.027083333333334,243.3658333333333,1.7979166666666666,10.412916666666666,240.75958333333332,52.40416666666667,71.6375,0.6,24.135416666666668,1015.0441666666668,8.06875,0.2525,17.495833333333334,18.4475,5.122916666666667,286.6375,1.84,10.027083333333334,243.3658333333333,1.7979166666666666,10.412916666666666,240.75958333333332,52.40416666666667,71.6375,0.6,24.135416666666668,1015.0441666666668,8.06875,0.2525,17.495833333333334,18.4475,5.122916666666667,286.6375,1.84,10.027083333333334,243.3658333333333,1.7979166666666666,10.412916666666666,240.75958333333332,52.40416666666667,71.6375,0.6,24.135416666666668,1015.0441666666668,8.06875,0.2525,0.03,0.03
AMJ,Ammo Jetty,Sept. 7,"2023, 4 p.m.",7-Sep-23   4 p.m.,3,Fair,"17C, velvetfish, cuttlefish eggs, blue rings, nudibranch with three rhinophores...",2023,4 PM,Sep 7 2023 4 PM,2023-09-07 16:00:00,2023-09-07 16:00:00+08:00,2023-09-07 08:00:00+00:00,2023-09-07,08:00:00,247,2023-09-07,13.005416666666669,18.013333333333332,5.015,102.55416666666667,1.893333333333333,11.369166666666668,234.86375,1.8708333333333331,11.5875,235.32041666666663,36.47083333333333,47.03333333333333,0.0,24.13625,1025.2241666666666,7.445416666666667,0.15,13.005416666666669,18.013333333333332,5.015,102.55416666666667,1.893333333333333,11.369166666666668,234.86375,1.8708333333333331,11.5875,235.32041666666663,36.47083333333333,47.03333333333333,0.0,24.13625,1025.2241666666666,7.445416666666667,0.15,13.005416666666669,18.013333333333332,5.015,102.55416666666667,1.893333333333333,11.369166666666668,234.86375,1.8708333333333331,11.5875,235.32041666666663,36.47083333333333,47.03333333333333,0.0,24.13625,1025.2241666666666,7.445416666666667,0.15,0.0,2.08
AMJ,Ammo Jetty,Aug. 28,"2023, 11 a.m.",28-Aug-23   11 a.m.,4,Fair,-,2023,11 AM,Aug 28 2023 11 AM,2023-08-28 11:00:00,2023-08-28 11:00:00+08:00,2023-08-28 03:00:00+00:00,2023-08-28,03:00:00,248,2023-08-28,15.548333333333334,18.716666666666665,4.285416666666666,195.835,1.6425,11.635416666666666,227.51875,1.62375,11.845416666666669,228.51791666666668,17.883333333333333,72.7625,0.0,23.89833333333333,1021.93375,3.84375,0.295,15.548333333333334,18.716666666666665,4.285416666666666,195.835,1.6425,11.635416666666666,227.51875,1.62375,11.845416666666669,228.51791666666668,17.883333333333333,72.7625,0.0,23.89833333333333,1021.93375,3.84375,0.295,15.548333333333334,18.716666666666665,4.285416666666666,195.835,1.6425,11.635416666666666,227.51875,1.62375,11.845416666666669,228.51791666666668,17.883333333333333,72.7625,0.0,23.89833333333333,1021.93375,3.84375,0.295,0.22,0.22
BIC,Bicton Baths,Aug. 28,"2023, 8 a.m.",28-Aug-23   8 a.m.,6,Fair,Strong current on surface,2023,8 AM,Aug 28 2023 8 AM,2023-08-28 08:00:00,2023-08-28 08:00:00+08:00,2023-08-28 00:00:00+00:00,2023-08-28,00:00:00,249,2023-08-28,15.548333333333334,18.716666666666665,4.285416666666666,195.835,1.6425,11.635416666666666,227.51875,1.62375,11.845416666666669,228.51791666666668,17.883333333333333,72.7625,0.0,23.89833333333333,1021.93375,3.84375,0.295,15.548333333333334,18.716666666666665,4.285416666666666,195.835,1.6425,11.635416666666666,227.51875,1.62375,11.845416666666669,228.51791666666668,17.883333333333333,72.7625,0.0,23.89833333333333,1021.93375,3.84375,0.295,15.548333333333334,18.716666666666665,4.285416666666666,195.835,1.6425,11.635416666666666,227.51875,1.62375,11.845416666666669,228.51791666666668,17.883333333333333,72.7625,0.0,23.89833333333333,1021.93375,3.84375,0.295,0.22,0.22
FRE,South Fremantle,Aug. 27,"2023, 11 a.m.",27-Aug-23   11 a.m.,15,Fair,"South Mole, 18C, Murky near shore, clear out deeper off the wall.",2023,11 AM,Aug 27 2023 11 AM,2023-08-27 11:00:00,2023-08-27 11:00:00+08:00,2023-08-27 03:00:00+00:00,2023-08-27,03:00:00,250,2023-08-27,18.405,18.687083333333334,3.0375,205.09833333333333,1.4608333333333334,10.528333333333334,241.12541666666667,1.4595833333333337,10.565833333333332,241.03166666666667,64.14583333333333,74.04583333333333,0.17,24.135416666666668,1017.7425,5.137083333333334,0.30875,18.405,18.687083333333334,3.0375,205.09833333333333,1.4608333333333334,10.528333333333334,241.12541666666667,1.4595833333333337,10.565833333333332,241.03166666666667,64.14583333333333,74.04583333333333,0.17,24.135416666666668,1017.7425,5.137083333333334,0.30875,18.405,18.687083333333334,3.0375,205.09833333333333,1.4608333333333334,10.528333333333334,241.12541666666667,1.4595833333333337,10.565833333333332,241.03166666666667,64.14583333333333,74.04583333333333,0.17,24.135416666666668,1017.7425,5.137083333333334,0.30875,0.0,0.0
WAT,Watermans/North Beach,Aug. 20,"2023, 10 a.m.",20-Aug-23   10 a.m.,10,Glassy,"17C, moderate surge but excellent vis in some areas 5-15m. Max depth 7m.",2023,10 AM,Aug 20 2023 10 AM,2023-08-20 10:00:00,2023-08-20 10:00:00+08:00,2023-08-20 02:00:00+00:00,2023-08-20,02:00:00,251,2023-08-20,16.592916666666667,19.211666666666662,7.1258333333333335,219.08083333333332,2.5283333333333333,11.601666666666668,226.06625,2.3937500000000003,12.376666666666669,226.51958333333332,78.08749999999999,66.97500000000001,1.01,24.136666666666667,1023.6425,7.206666666666667,0.21875,16.592916666666667,19.211666666666662,7.1258333333333335,219.08083333333332,2.5283333333333333,11.601666666666668,226.06625,2.3937500000000003,12.376666666666669,226.51958333333332,78.08749999999999,66.97500000000001,1.01,24.136666666666667,1023.6425,7.206666666666667,0.21875,16.592916666666667,19.211666666666662,7.1258333333333335,219.08083333333332,2.5283333333333333,11.601666666666668,226.06625,2.3937500000000003,12.376666666666669,226.51958333333332,78.08749999999999,66.97500000000001,1.01,24.136666666666667,1023.6425,7.206666666666667,0.21875,0.02,0.02
KGT,Kwinana Grain Terminal,Aug. 14,"2023, 11 a.m.",14-Aug-23   11 a.m.,4,Fair,15.6C. Not many fish about but lots of warty sea cucumbers,2023,11 AM,Aug 14 2023 11 AM,2023-08-14 11:00:00,2023-08-14 11:00:00+08:00,2023-08-14 03:00:00+00:00,2023-08-14,03:00:00,252,2023-08-14,17.329166666666666,19.775,6.501666666666666,303.02,2.0504166666666666,10.3825,242.97375,1.9366666666666663,11.164583333333333,237.91583333333327,81.77499999999999,65.35833333333333,6.18,21.34875,1017.8945833333332,8.729166666666666,0.305,17.329166666666666,19.775,6.501666666666666,303.02,2.0504166666666666,10.3825,242.97375,1.9366666666666663,11.164583333333333,237.91583333333327,81.77499999999999,65.35833333333333,6.18,21.34875,1017.8945833333332,8.729166666666666,0.305,17.329166666666666,19.775,6.501666666666666,303.02,2.0504166666666666,10.3825,242.97375,1.9366666666666663,11.164583333333333,237.91583333333327,81.77499999999999,65.35833333333333,6.18,21.34875,1017.8945833333332,8.729166666666666,0.305,0.6300000000000001,0.6900000000000001
WOO,Woodman Point,Aug. 12,"2023, 11 p.m.",12-Aug-23   11 p.m.,4,Fair,"Moderate surge on the bottom, only dove north side.",2023,11 PM,Aug 12 2023 11 PM,2023-08-12 23:00:00,2023-08-12 23:00:00+08:00,2023-08-12 15:00:00+00:00,2023-08-12,15:00:00,253,2023-08-12,15.701666666666666,19.804583333333333,3.9766666666666666,99.07458333333334,1.8558333333333328,13.2575,228.1291666666667,1.84625,13.366666666666667,228.45666666666668,33.362500000000004,62.8,0.09,24.136666666666667,1018.1716666666666,4.437083333333333,0.2991666666666666,15.701666666666666,19.804583333333333,3.9766666666666666,99.07458333333334,1.8558333333333328,13.2575,228.1291666666667,1.84625,13.366666666666667,228.45666666666668,33.362500000000004,62.8,0.09,24.136666666666667,1018.1716666666666,4.437083333333333,0.2991666666666666,15.701666666666666,19.804583333333333,3.9766666666666666,99.07458333333334,1.8558333333333328,13.2575,228.1291666666667,1.84625,13.366666666666667,228.45666666666668,33.362500000000004,62.8,0.09,24.136666666666667,1018.1716666666666,4.437083333333333,0.2991666666666666,0.09,0.15
BUL,Bulk Jetty,July 29,"2023, 7 p.m.",29-Jul-23   7 p.m.,4,Fair,"15C, 3-4m. Mild surge.",2023,7 PM,July 29 2023 7 PM,2023-07-29 19:00:00,2023-07-29 19:00:00+08:00,2023-07-29 11:00:00+00:00,2023-07-29,11:00:00,254,2023-07-29,14.649583333333332,18.17,4.843333333333333,246.5545833333333,2.5025,11.117083333333332,241.11666666666667,2.475,11.258333333333333,240.91125,92.8,79.42916666666666,1.75,24.1325,1022.2925,5.10875,0.3275,14.649583333333332,18.17,4.843333333333333,246.5545833333333,2.5025,11.117083333333332,241.11666666666667,2.475,11.258333333333333,240.91125,92.8,79.42916666666666,1.75,24.1325,1022.2925,5.10875,0.3275,14.649583333333332,18.17,4.843333333333333,246.5545833333333,2.5025,11.117083333333332,241.11666666666667,2.475,11.258333333333333,240.91125,92.8,79.42916666666666,1.75,24.1325,1022.2925,5.10875,0.3275,4.67,9.24
BUL,Bulk Jetty,July 20,"2023, 7 p.m.",20-Jul-23   7 p.m.,3,Fair,"Strong current and surge. Milky 1m vis in close, better once we got out, but still not great.",2023,7 PM,July 20 2023 7 PM,2023-07-20 19:00:00,2023-07-20 19:00:00+08:00,2023-07-20 11:00:00+00:00,2023-07-20,11:00:00,255,2023-07-20,12.195,17.868333333333332,5.659583333333334,288.4841666666667,2.8683333333333336,12.367083333333332,247.14041666666665,2.8183333333333334,12.664583333333333,245.70833333333331,74.42083333333333,71.27083333333333,1.73,23.94541666666667,1024.80625,5.117083333333333,0.2925,12.195,17.868333333333332,5.659583333333334,288.4841666666667,2.8683333333333336,12.367083333333332,247.14041666666665,2.8183333333333334,12.664583333333333,245.70833333333331,74.42083333333333,71.27083333333333,1.73,23.94541666666667,1024.80625,5.117083333333333,0.2925,12.195,17.868333333333332,5.659583333333334,288.4841666666667,2.8683333333333336,12.367083333333332,247.14041666666665,2.8183333333333334,12.664583333333333,245.70833333333331,74.42083333333333,71.27083333333333,1.73,23.94541666666667,1024.80625,5.117083333333333,0.2925,0.61,20.36
MET,Mettam’s Pool,July 15,"2023, 1 p.m.",15-Jul-23   1 p.m.,3,Fair,Surf's up!,2023,1 PM,July 15 2023 1 PM,2023-07-15 13:00:00,2023-07-15 13:00:00+08:00,2023-07-15 05:00:00+00:00,2023-07-15,05:00:00,256,2023-07-15,10.425416666666669,18.442083333333333,5.183333333333334,40.65208333333333,2.37125,11.815,231.2925,2.3375,12.090000000000002,230.37375,0.0,51.083333333333336,0.0,24.14,1028.0741666666663,3.8054166666666656,0.2816666666666667,10.425416666666669,18.442083333333333,5.183333333333334,40.65208333333333,2.37125,11.815,231.2925,2.3375,12.090000000000002,230.37375,0.0,51.083333333333336,0.0,24.14,1028.0741666666663,3.8054166666666656,0.2816666666666667,10.425416666666669,18.442083333333333,5.183333333333334,40.65208333333333,2.37125,11.815,231.2925,2.3375,12.090000000000002,230.37375,0.0,51.083333333333336,0.0,24.14,1028.0741666666663,3.8054166666666656,0.2816666666666667,0.0,2.84
AMJ,Ammo Jetty,July 2,"2023, 10 a.m.",2-Jul-23   10 a.m.,4,Windy,"1m surface waves. 14C Some clear spots, some murky spots. Most wildlife off the end of the jetty.",2023,10 AM,July 2 2023 10 AM,2023-07-02 10:00:00,2023-07-02 10:00:00+08:00,2023-07-02 02:00:00+00:00,2023-07-02,02:00:00,257,2023-07-02,13.144166666666663,18.055416666666662,8.60125,192.4375,1.7474999999999998,7.045833333333333,308.1033333333333,1.3633333333333333,8.799166666666666,301.29541666666665,26.666666666666668,47.833333333333336,0.39,24.124166666666667,1020.2825,10.15625,0.4495833333333334,13.144166666666663,18.055416666666662,8.60125,192.4375,1.7474999999999998,7.045833333333333,308.1033333333333,1.3633333333333333,8.799166666666666,301.29541666666665,26.666666666666668,47.833333333333336,0.39,24.124166666666667,1020.2825,10.15625,0.4495833333333334,13.144166666666663,18.055416666666662,8.60125,192.4375,1.7474999999999998,7.045833333333333,308.1033333333333,1.3633333333333333,8.799166666666666,301.29541666666665,26.666666666666668,47.833333333333336,0.39,24.124166666666667,1020.2825,10.15625,0.4495833333333334,0.0,0.0
AMJ,Ammo Jetty,July 1,"2023, 7 p.m.",1-Jul-23   7 p.m.,4,Glassy,"14C, 4-5m vis in the shallows, drops off further out. Lots of activity, >15 nudi species in 1hr.",2023,7 PM,July 1 2023 7 PM,2023-07-01 19:00:00,2023-07-01 19:00:00+08:00,2023-07-01 11:00:00+00:00,2023-07-01,11:00:00,258,2023-07-01,11.347499999999998,18.984583333333333,7.030833333333334,32.20666666666667,1.0075,7.312083333333334,252.475,0.7712499999999999,9.904166666666669,273.96875,0.0,50.72916666666666,0.0,24.135416666666668,1027.3658333333333,8.500416666666666,0.3945833333333333,11.347499999999998,18.984583333333333,7.030833333333334,32.20666666666667,1.0075,7.312083333333334,252.475,0.7712499999999999,9.904166666666669,273.96875,0.0,50.72916666666666,0.0,24.135416666666668,1027.3658333333333,8.500416666666666,0.3945833333333333,11.347499999999998,18.984583333333333,7.030833333333334,32.20666666666667,1.0075,7.312083333333334,252.475,0.7712499999999999,9.904166666666669,273.96875,0.0,50.72916666666666,0.0,24.135416666666668,1027.3658333333333,8.500416666666666,0.3945833333333333,0.0,0.0
AMJ,Ammo Jetty,July 1,"2023, 9 a.m.",1-Jul-23   9 a.m.,4,Fair,13 deg.... 3-4m vis,2023,9 AM,July 1 2023 9 AM,2023-07-01 09:00:00,2023-07-01 09:00:00+08:00,2023-07-01 01:00:00+00:00,2023-07-01,01:00:00,259,2023-07-01,11.347499999999998,18.984583333333333,7.030833333333334,32.20666666666667,1.0075,7.312083333333334,252.475,0.7712499999999999,9.904166666666669,273.96875,0.0,50.72916666666666,0.0,24.135416666666668,1027.3658333333333,8.500416666666666,0.3945833333333333,11.347499999999998,18.984583333333333,7.030833333333334,32.20666666666667,1.0075,7.312083333333334,252.475,0.7712499999999999,9.904166666666669,273.96875,0.0,50.72916666666666,0.0,24.135416666666668,1027.3658333333333,8.500416666666666,0.3945833333333333,11.347499999999998,18.984583333333333,7.030833333333334,32.20666666666667,1.0075,7.312083333333334,252.475,0.7712499999999999,9.904166666666669,273.96875,0.0,50.72916666666666,0.0,24.135416666666668,1027.3658333333333,8.500416666666666,0.3945833333333333,0.0,0.0
FRE,South Fremantle,June 29,"2023, 7 p.m.",29-Jun-23   7 p.m.,3,Glassy,"15C, milky visibility. Slight surge. Plenty of slugs to look at and calm conditions.",2023,7 PM,June 29 2023 7 PM,2023-06-29 19:00:00,2023-06-29 19:00:00+08:00,2023-06-29 11:00:00+00:00,2023-06-29,11:00:00,260,2023-06-29,14.402083333333332,18.035833333333333,4.507083333333333,83.82166666666667,1.2695833333333333,10.959583333333336,223.39791666666667,1.23375,11.449583333333337,225.5125,0.6416666666666666,57.2625,0.0,24.13416666666667,1031.5254166666666,4.9887500000000005,0.2804166666666667,14.402083333333332,18.035833333333333,4.507083333333333,83.82166666666667,1.2695833333333333,10.959583333333336,223.39791666666667,1.23375,11.449583333333337,225.5125,0.6416666666666666,57.2625,0.0,24.13416666666667,1031.5254166666666,4.9887500000000005,0.2804166666666667,14.402083333333332,18.035833333333333,4.507083333333333,83.82166666666667,1.2695833333333333,10.959583333333336,223.39791666666667,1.23375,11.449583333333337,225.5125,0.6416666666666666,57.2625,0.0,24.13416666666667,1031.5254166666666,4.9887500000000005,0.2804166666666667,0.0,0.22
SCR,South Cottesloe Reef,June 29,"2023, 10 a.m.",29-Jun-23   10 a.m.,4,Fair,"15C, slight surge but otherwise excellent conditions. Disappointing that the vis hasn't cleared.",2023,10 AM,June 29 2023 10 AM,2023-06-29 10:00:00,2023-06-29 10:00:00+08:00,2023-06-29 02:00:00+00:00,2023-06-29,02:00:00,261,2023-06-29,14.402083333333332,18.035833333333333,4.507083333333333,83.82166666666667,1.2695833333333333,10.959583333333336,223.39791666666667,1.23375,11.449583333333337,225.5125,0.6416666666666666,57.2625,0.0,24.13416666666667,1031.5254166666666,4.9887500000000005,0.2804166666666667,14.402083333333332,18.035833333333333,4.507083333333333,83.82166666666667,1.2695833333333333,10.959583333333336,223.39791666666667,1.23375,11.449583333333337,225.5125,0.6416666666666666,57.2625,0.0,24.13416666666667,1031.5254166666666,4.9887500000000005,0.2804166666666667,14.402083333333332,18.035833333333333,4.507083333333333,83.82166666666667,1.2695833333333333,10.959583333333336,223.39791666666667,1.23375,11.449583333333337,225.5125,0.6416666666666666,57.2625,0.0,24.13416666666667,1031.5254166666666,4.9887500000000005,0.2804166666666667,0.03,0.22
CMB,The Coombe & Mosman Bay,June 25,"2023, 6 p.m.",25-Jun-23   6 p.m.,3,Glassy,Tannin (1m vis) and 14C in top 2m. Vis opens to 3m beyond thermo/halocline. Less life than last time,2023,6 PM,June 25 2023 6 PM,2023-06-25 18:00:00,2023-06-25 18:00:00+08:00,2023-06-25 10:00:00+00:00,2023-06-25,10:00:00,262,2023-06-25,9.792083333333332,18.39583333333333,5.254583333333334,140.73166666666663,1.9016666666666664,10.242916666666668,218.55416666666667,1.8716666666666668,10.465,219.9958333333333,40.17083333333333,74.77499999999999,2.08,23.42958333333333,1017.34625,6.756666666666667,0.3291666666666666,9.792083333333332,18.39583333333333,5.254583333333334,140.73166666666663,1.9016666666666664,10.242916666666668,218.55416666666667,1.8716666666666668,10.465,219.9958333333333,40.17083333333333,74.77499999999999,2.08,23.42958333333333,1017.34625,6.756666666666667,0.3291666666666666,9.792083333333332,18.39583333333333,5.254583333333334,140.73166666666663,1.9016666666666664,10.242916666666668,218.55416666666667,1.8716666666666668,10.465,219.9958333333333,40.17083333333333,74.77499999999999,2.08,23.42958333333333,1017.34625,6.756666666666667,0.3291666666666666,4.76,7.0200000000000005
KGT,Kwinana Grain Terminal,June 21,"2023, 7 p.m.",21-Jun-23   7 p.m.,3,Glassy,"16C. Current flowing from the south, shark fishermen burleying up the water on the beach...",2023,7 PM,June 21 2023 7 PM,2023-06-21 19:00:00,2023-06-21 19:00:00+08:00,2023-06-21 11:00:00+00:00,2023-06-21,11:00:00,263,2023-06-21,15.615,18.914583333333333,6.75875,190.11125,2.2691666666666666,10.30125,227.21375,2.1945833333333336,10.730833333333337,229.40583333333333,86.52083333333333,62.958333333333336,2.48,23.232083333333332,1019.4233333333332,10.704583333333334,0.3145833333333333,15.615,18.914583333333333,6.75875,190.11125,2.2691666666666666,10.30125,227.21375,2.1945833333333336,10.730833333333337,229.40583333333333,86.52083333333333,62.958333333333336,2.48,23.232083333333332,1019.4233333333332,10.704583333333334,0.3145833333333333,15.615,18.914583333333333,6.75875,190.11125,2.2691666666666666,10.30125,227.21375,2.1945833333333336,10.730833333333337,229.40583333333333,86.52083333333333,62.958333333333336,2.48,23.232083333333332,1019.4233333333332,10.704583333333334,0.3145833333333333,4.34,16.39
SGR,Sue's Groyne,June 14,"2023, 7 p.m.",14-Jun-23   7 p.m.,5,Fair,"Sue's Groyne, Night Dive. Vis varied. Lot's of silt very easily disturbed.",2023,7 PM,June 14 2023 7 PM,2023-06-14 19:00:00,2023-06-14 19:00:00+08:00,2023-06-14 11:00:00+00:00,2023-06-14,11:00:00,264,2023-06-14,15.022083333333333,19.087083333333336,7.399166666666666,248.26625,2.01125,8.834999999999999,237.5545833333333,1.8125,9.902916666666666,233.96416666666667,75.92916666666666,64.6125,1.67,23.93125,1019.5741666666668,6.62125,0.3895833333333333,15.022083333333333,19.087083333333336,7.399166666666666,248.26625,2.01125,8.834999999999999,237.5545833333333,1.8125,9.902916666666666,233.96416666666667,75.92916666666666,64.6125,1.67,23.93125,1019.5741666666668,6.62125,0.3895833333333333,15.022083333333333,19.087083333333336,7.399166666666666,248.26625,2.01125,8.834999999999999,237.5545833333333,1.8125,9.902916666666666,233.96416666666667,75.92916666666666,64.6125,1.67,23.93125,1019.5741666666668,6.62125,0.3895833333333333,1.39,3.3200000000000003
FRE,South Fremantle,June 2,"2023, 7 p.m.",2-Jun-23   7 p.m.,10,Fair,"19C, slight surge, great conditions. Heaps of tiny (<5mm) bobtail squids",2023,7 PM,June 2 2023 7 PM,2023-06-02 19:00:00,2023-06-02 19:00:00+08:00,2023-06-02 11:00:00+00:00,2023-06-02,11:00:00,265,2023-06-02,16.133333333333333,21.265833333333333,4.693333333333333,120.16583333333334,1.56125,11.610833333333334,220.29708333333332,1.544166666666667,11.847916666666668,221.39916666666667,39.15416666666667,59.98333333333333,0.0,24.13416666666667,1023.97375,7.239166666666667,0.4425,16.133333333333333,21.265833333333333,4.693333333333333,120.16583333333334,1.56125,11.610833333333334,220.29708333333332,1.544166666666667,11.847916666666668,221.39916666666667,39.15416666666667,59.98333333333333,0.0,24.13416666666667,1023.97375,7.239166666666667,0.4425,16.133333333333333,21.265833333333333,4.693333333333333,120.16583333333334,1.56125,11.610833333333334,220.29708333333332,1.544166666666667,11.847916666666668,221.39916666666667,39.15416666666667,59.98333333333333,0.0,24.13416666666667,1023.97375,7.239166666666667,0.4425,0.18,1.1800000000000002
PPR,Point Peron,May 27,"2023, 10 a.m.",27-May-23   10 a.m.,10,Glassy,"Weedies, nudis and everything in between. 17-18C. Minimal surge. Caves are well worth the swim.",2023,10 AM,May 27 2023 10 AM,2023-05-27 10:00:00,2023-05-27 10:00:00+08:00,2023-05-27 02:00:00+00:00,2023-05-27,02:00:00,266,2023-05-27,15.399166666666666,20.09,2.803333333333333,127.125,0.9804166666666668,10.665416666666667,224.3766666666667,0.9766666666666668,10.707083333333337,224.51041666666663,0.2083333333333333,65.7375,0.0,24.133750000000003,1026.8870833333333,3.50875,0.5066666666666667,15.399166666666666,20.09,2.803333333333333,127.125,0.9804166666666668,10.665416666666667,224.3766666666667,0.9766666666666668,10.707083333333337,224.51041666666663,0.2083333333333333,65.7375,0.0,24.133750000000003,1026.8870833333333,3.50875,0.5066666666666667,15.399166666666666,20.09,2.803333333333333,127.125,0.9804166666666668,10.665416666666667,224.3766666666667,0.9766666666666668,10.707083333333337,224.51041666666663,0.2083333333333333,65.7375,0.0,24.133750000000003,1026.8870833333333,3.50875,0.5066666666666667,0.0,0.0
SCR,South Cottesloe Reef,May 19,"2023, 8 p.m.",19-May-23   8 p.m.,8,Glassy,Same as last time - where is all the winter weather???,2023,8 PM,May 19 2023 8 PM,2023-05-19 20:00:00,2023-05-19 20:00:00+08:00,2023-05-19 12:00:00+00:00,2023-05-19,12:00:00,267,2023-05-19,19.52125,20.515833333333333,5.4120833333333325,112.80166666666666,1.694583333333333,13.12625,223.8575,1.6475,13.68125,226.30791666666667,33.09166666666667,56.06666666666666,0.0,24.13416666666667,1028.9375,7.598333333333334,0.3475,19.52125,20.515833333333333,5.4120833333333325,112.80166666666666,1.694583333333333,13.12625,223.8575,1.6475,13.68125,226.30791666666667,33.09166666666667,56.06666666666666,0.0,24.13416666666667,1028.9375,7.598333333333334,0.3475,19.52125,20.515833333333333,5.4120833333333325,112.80166666666666,1.694583333333333,13.12625,223.8575,1.6475,13.68125,226.30791666666667,33.09166666666667,56.06666666666666,0.0,24.13416666666667,1028.9375,7.598333333333334,0.3475,0.0,0.0
RKM,Rockingham Dive Trail,May 16,"2023, 7 a.m.",16-May-23   7 a.m.,6,Glassy,"6-8m, 17c",2023,7 AM,May 16 2023 7 AM,2023-05-16 07:00:00,2023-05-16 07:00:00+08:00,2023-05-15 23:00:00+00:00,2023-05-15,23:00:00,268,2023-05-15,16.715833333333332,20.794166666666666,3.02375,113.20125,2.160833333333333,14.021666666666668,233.03,2.1591666666666667,14.03375,233.0575,48.5625,64.49583333333334,0.0,24.135,1026.6645833333334,4.835416666666666,0.4812499999999999,16.715833333333332,20.794166666666666,3.02375,113.20125,2.160833333333333,14.021666666666668,233.03,2.1591666666666667,14.03375,233.0575,48.5625,64.49583333333334,0.0,24.135,1026.6645833333334,4.835416666666666,0.4812499999999999,16.715833333333332,20.794166666666666,3.02375,113.20125,2.160833333333333,14.021666666666668,233.03,2.1591666666666667,14.03375,233.0575,48.5625,64.49583333333334,0.0,24.135,1026.6645833333334,4.835416666666666,0.4812499999999999,0.0,0.02
SGR,Sue's Groyne,May 15,"2023, noon",15-May-23   12 p.m.,5,Fair,"Sue's Groyne (power station side), lots of particulate. Saw 3 nudibranchs and 4 large samsonfish",2023,12 PM,May 15 2023 12 PM,2023-05-15 12:00:00,2023-05-15 12:00:00+08:00,2023-05-15 04:00:00+00:00,2023-05-15,04:00:00,269,2023-05-15,15.348333333333334,21.101666666666667,3.744166666666666,112.71416666666666,2.3916666666666666,14.15,226.59416666666667,2.3895833333333334,14.167083333333332,226.64666666666668,24.65833333333333,56.87916666666666,0.0,24.135,1026.2770833333334,6.165,0.49625,15.348333333333334,21.101666666666667,3.744166666666666,112.71416666666666,2.3916666666666666,14.15,226.59416666666667,2.3895833333333334,14.167083333333332,226.64666666666668,24.65833333333333,56.87916666666666,0.0,24.135,1026.2770833333334,6.165,0.49625,15.348333333333334,21.101666666666667,3.744166666666666,112.71416666666666,2.3916666666666666,14.15,226.59416666666667,2.3895833333333334,14.167083333333332,226.64666666666668,24.65833333333333,56.87916666666666,0.0,24.135,1026.2770833333334,6.165,0.49625,0.0,0.06
CMB,The Coombe & Mosman Bay,May 13,"2023, 8 p.m.",13-May-23   8 p.m.,4,Glassy,"Some tannin. 16C. Vis 2-3m past 10m depth. Buering, Goniodoris, Polycera, Okenia",2023,8 PM,May 13 2023 8 PM,2023-05-13 20:00:00,2023-05-13 20:00:00+08:00,2023-05-13 12:00:00+00:00,2023-05-13,12:00:00,270,2023-05-13,15.018333333333333,20.217916666666667,6.077083333333333,177.8275,2.2470833333333333,10.11125,239.75708333333333,2.1775,10.48125,241.75583333333336,12.933333333333335,67.89999999999999,0.56,23.58791666666667,1023.2733333333334,6.38,0.4524999999999999,15.018333333333333,20.217916666666667,6.077083333333333,177.8275,2.2470833333333333,10.11125,239.75708333333333,2.1775,10.48125,241.75583333333336,12.933333333333335,67.89999999999999,0.56,23.58791666666667,1023.2733333333334,6.38,0.4524999999999999,15.018333333333333,20.217916666666667,6.077083333333333,177.8275,2.2470833333333333,10.11125,239.75708333333333,2.1775,10.48125,241.75583333333336,12.933333333333335,67.89999999999999,0.56,23.58791666666667,1023.2733333333334,6.38,0.4524999999999999,2.75,2.75
BWR,Blackwall Reach,May 10,"2023, 7 p.m.",10-May-23   7 p.m.,6,Fair,"18C, Strong current. Vis better near cliffs.",2023,7 PM,May 10 2023 7 PM,2023-05-10 19:00:00,2023-05-10 19:00:00+08:00,2023-05-10 11:00:00+00:00,2023-05-10,11:00:00,271,2023-05-10,15.924166666666666,20.55375,9.23375,238.65166666666667,3.0816666666666666,9.505833333333332,248.12166666666667,2.505416666666666,10.91125,242.3454166666667,79.48333333333333,56.4,0.98,22.9875,1020.55625,8.647083333333333,0.47,15.924166666666666,20.55375,9.23375,238.65166666666667,3.0816666666666666,9.505833333333332,248.12166666666667,2.505416666666666,10.91125,242.3454166666667,79.48333333333333,56.4,0.98,22.9875,1020.55625,8.647083333333333,0.47,15.924166666666666,20.55375,9.23375,238.65166666666667,3.0816666666666666,9.505833333333332,248.12166666666667,2.505416666666666,10.91125,242.3454166666667,79.48333333333333,56.4,0.98,22.9875,1020.55625,8.647083333333333,0.47,2.1,5.29
MET,Mettam’s Pool,May 9,"2023, 7 a.m.",9-May-23   7 a.m.,4,Windy,-,2023,7 AM,May 9 2023 7 AM,2023-05-09 07:00:00,2023-05-09 07:00:00+08:00,2023-05-08 23:00:00+00:00,2023-05-08,23:00:00,272,2023-05-08,20.780416666666667,20.71291666666667,8.347916666666666,55.38125,1.4654166666666668,9.926666666666668,159.59166666666667,1.12,13.477916666666667,226.88875,54.54166666666666,29.75,0.1,24.137083333333333,1019.345,12.799583333333333,0.4925,20.780416666666667,20.71291666666667,8.347916666666666,55.38125,1.4654166666666668,9.926666666666668,159.59166666666667,1.12,13.477916666666667,226.88875,54.54166666666666,29.75,0.1,24.137083333333333,1019.345,12.799583333333333,0.4925,20.780416666666667,20.71291666666667,8.347916666666666,55.38125,1.4654166666666668,9.926666666666668,159.59166666666667,1.12,13.477916666666667,226.88875,54.54166666666666,29.75,0.1,24.137083333333333,1019.345,12.799583333333333,0.4925,0.1,0.1
AMJ,Ammo Jetty,May 8,"2023, 11 a.m.",8-May-23   11 a.m.,3,Fair,Murky,2023,11 AM,May 8 2023 11 AM,2023-05-08 11:00:00,2023-05-08 11:00:00+08:00,2023-05-08 03:00:00+00:00,2023-05-08,03:00:00,273,2023-05-08,20.780416666666667,21.31,7.743333333333333,58.901250000000005,1.3179166666666666,9.6975,190.55375,1.0175,13.114583333333334,237.35333333333327,54.54166666666666,29.75,0.1,24.137083333333333,1019.345,12.799583333333333,0.4904166666666666,20.780416666666667,21.31,7.743333333333333,58.901250000000005,1.3179166666666666,9.6975,190.55375,1.0175,13.114583333333334,237.35333333333327,54.54166666666666,29.75,0.1,24.137083333333333,1019.345,12.799583333333333,0.4904166666666666,20.780416666666667,21.31,7.743333333333333,58.901250000000005,1.3179166666666666,9.6975,190.55375,1.0175,13.114583333333334,237.35333333333327,54.54166666666666,29.75,0.1,24.137083333333333,1019.345,12.799583333333333,0.4904166666666666,0.0,0.81
WAT,Watermans/North Beach,May 6,"2023, 8 p.m.",6-May-23   8 p.m.,12,Fair,"18C, low tide so quite surgey. Great clarity but not much going on other than super macro subjects.",2023,8 PM,May 6 2023 8 PM,2023-05-06 20:00:00,2023-05-06 20:00:00+08:00,2023-05-06 12:00:00+00:00,2023-05-06,12:00:00,274,2023-05-06,17.45,21.736666666666665,10.75,77.05541666666666,1.90125,8.544166666666667,147.74791666666667,1.3637499999999998,12.415416666666667,210.21,95.275,68.65833333333333,2.04,22.355416666666667,1020.74125,14.31875,0.405,17.45,21.736666666666665,10.75,77.05541666666666,1.90125,8.544166666666667,147.74791666666667,1.3637499999999998,12.415416666666667,210.21,95.275,68.65833333333333,2.04,22.355416666666667,1020.74125,14.31875,0.405,17.45,21.736666666666665,10.75,77.05541666666666,1.90125,8.544166666666667,147.74791666666667,1.3637499999999998,12.415416666666667,210.21,95.275,68.65833333333333,2.04,22.355416666666667,1020.74125,14.31875,0.405,1.8300000000000003,1.8300000000000003
SCR,South Cottesloe Reef,May 5,"2023, 9 p.m.",5-May-23   9 p.m.,10,Glassy,"19C, vis improves further from shore (crystal out the back). Autumn bliss.",2023,9 PM,May 5 2023 9 PM,2023-05-05 21:00:00,2023-05-05 21:00:00+08:00,2023-05-05 13:00:00+00:00,2023-05-05,13:00:00,275,2023-05-05,18.75625,21.1425,8.6275,104.6875,1.59,8.97125,182.0666666666667,1.2966666666666666,11.450416666666667,210.33333333333331,89.375,60.82083333333333,0.09,24.136666666666667,1020.97375,12.165416666666664,0.3466666666666667,18.75625,21.1425,8.6275,104.6875,1.59,8.97125,182.0666666666667,1.2966666666666666,11.450416666666667,210.33333333333331,89.375,60.82083333333333,0.09,24.136666666666667,1020.97375,12.165416666666664,0.3466666666666667,18.75625,21.1425,8.6275,104.6875,1.59,8.97125,182.0666666666667,1.2966666666666666,11.450416666666667,210.33333333333331,89.375,60.82083333333333,0.09,24.136666666666667,1020.97375,12.165416666666664,0.3466666666666667,0.0,0.0
RKM,Rockingham Dive Trail,May 5,"2023, 11 a.m.",5-May-23   11 a.m.,2,Windy,Snotty and 18c 🥶,2023,11 AM,May 5 2023 11 AM,2023-05-05 11:00:00,2023-05-05 11:00:00+08:00,2023-05-05 03:00:00+00:00,2023-05-05,03:00:00,276,2023-05-05,17.96875,21.51333333333333,7.771249999999999,107.53666666666668,1.3404166666666668,9.2625,192.6241666666667,1.1195833333333334,11.692083333333334,216.72125000000003,71.075,61.575,0.0,24.136666666666667,1021.8729166666668,11.620833333333332,0.3454166666666667,17.96875,21.51333333333333,7.771249999999999,107.53666666666668,1.3404166666666668,9.2625,192.6241666666667,1.1195833333333334,11.692083333333334,216.72125000000003,71.075,61.575,0.0,24.136666666666667,1021.8729166666668,11.620833333333332,0.3454166666666667,17.96875,21.51333333333333,7.771249999999999,107.53666666666668,1.3404166666666668,9.2625,192.6241666666667,1.1195833333333334,11.692083333333334,216.72125000000003,71.075,61.575,0.0,24.136666666666667,1021.8729166666668,11.620833333333332,0.3454166666666667,0.0,0.0
PRT,Port Beach,May 3,"2023, 9 p.m.",3-May-23   9 p.m.,15,Glassy,"Milky close to shore, but clear by about 50m out. Glorious conditions. 18C Water.",2023,9 PM,May 3 2023 9 PM,2023-05-03 21:00:00,2023-05-03 21:00:00+08:00,2023-05-03 13:00:00+00:00,2023-05-03,13:00:00,277,2023-05-03,19.60291666666667,20.90958333333333,4.5575,154.84625,1.56125,10.492916666666666,218.32333333333332,1.5358333333333334,10.728333333333332,219.53916666666663,53.36666666666667,61.86666666666667,0.0,24.136666666666667,1019.9408333333334,6.175,0.41625,19.60291666666667,20.90958333333333,4.5575,154.84625,1.56125,10.492916666666666,218.32333333333332,1.5358333333333334,10.728333333333332,219.53916666666663,53.36666666666667,61.86666666666667,0.0,24.136666666666667,1019.9408333333334,6.175,0.41625,19.60291666666667,20.90958333333333,4.5575,154.84625,1.56125,10.492916666666666,218.32333333333332,1.5358333333333334,10.728333333333332,219.53916666666663,53.36666666666667,61.86666666666667,0.0,24.136666666666667,1019.9408333333334,6.175,0.41625,0.0,0.0
SCR,South Cottesloe Reef,May 3,"2023, 6 a.m.",3-May-23   6 a.m.,7,Fair,Flat,2023,6 AM,May 3 2023 6 AM,2023-05-03 06:00:00,2023-05-03 06:00:00+08:00,2023-05-02 22:00:00+00:00,2023-05-02,22:00:00,278,2023-05-02,19.214166666666667,20.968333333333334,5.205416666666666,131.04625,1.8575,11.769166666666663,218.2745833333333,1.83,12.050416666666663,219.62833333333333,0.0,60.39166666666667,0.0,24.13875,1023.18625,7.382083333333333,0.4641666666666666,19.214166666666667,20.968333333333334,5.205416666666666,131.04625,1.8575,11.769166666666663,218.2745833333333,1.83,12.050416666666663,219.62833333333333,0.0,60.39166666666667,0.0,24.13875,1023.18625,7.382083333333333,0.4641666666666666,19.214166666666667,20.968333333333334,5.205416666666666,131.04625,1.8575,11.769166666666663,218.2745833333333,1.83,12.050416666666663,219.62833333333333,0.0,60.39166666666667,0.0,24.13875,1023.18625,7.382083333333333,0.4641666666666666,0.0,0.0
PRT,Port Beach,May 1,"2023, 8 a.m.",1-May-23   8 a.m.,4,Fair,"5-7m, cloudy",2023,8 AM,May 1 2023 8 AM,2023-05-01 08:00:00,2023-05-01 08:00:00+08:00,2023-05-01 00:00:00+00:00,2023-05-01,00:00:00,279,2023-05-01,18.4125,21.00333333333333,5.31625,143.68,1.84875,11.399583333333332,218.2904166666667,1.8183333333333331,11.692083333333334,219.73958333333331,0.0,64.89583333333333,0.0,24.137083333333333,1021.6541666666668,6.513333333333333,0.4229166666666666,18.4125,21.00333333333333,5.31625,143.68,1.84875,11.399583333333332,218.2904166666667,1.8183333333333331,11.692083333333334,219.73958333333331,0.0,64.89583333333333,0.0,24.137083333333333,1021.6541666666668,6.513333333333333,0.4229166666666666,18.4125,21.00333333333333,5.31625,143.68,1.84875,11.399583333333332,218.2904166666667,1.8183333333333331,11.692083333333334,219.73958333333331,0.0,64.89583333333333,0.0,24.137083333333333,1021.6541666666668,6.513333333333333,0.4229166666666666,0.0,0.0
SCR,South Cottesloe Reef,April 30,"2023, noon",30-Apr-23   12 p.m.,8,Windy,Bit windy,2023,12 PM,April 30 2023 12 PM,2023-04-30 12:00:00,2023-04-30 12:00:00+08:00,2023-04-30 04:00:00+00:00,2023-04-30,04:00:00,280,2023-04-30,17.824166666666667,21.648750000000003,5.21375,151.72,1.8041666666666665,11.552083333333334,218.34458333333336,1.7716666666666667,11.8775,219.72666666666663,16.620833333333334,67.20833333333333,0.0,24.13458333333333,1018.46625,6.504166666666666,0.4554166666666666,17.824166666666667,21.648750000000003,5.21375,151.72,1.8041666666666665,11.552083333333334,218.34458333333336,1.7716666666666667,11.8775,219.72666666666663,16.620833333333334,67.20833333333333,0.0,24.13458333333333,1018.46625,6.504166666666666,0.4554166666666666,17.824166666666667,21.648750000000003,5.21375,151.72,1.8041666666666665,11.552083333333334,218.34458333333336,1.7716666666666667,11.8775,219.72666666666663,16.620833333333334,67.20833333333333,0.0,24.13458333333333,1018.46625,6.504166666666666,0.4554166666666666,0.0,0.0
STA,Staggie Reef,April 30,"2023, 9 a.m.",30-Apr-23   9 a.m.,10,Fair,Gemini wreck,2023,9 AM,April 30 2023 9 AM,2023-04-30 09:00:00,2023-04-30 09:00:00+08:00,2023-04-30 01:00:00+00:00,2023-04-30,01:00:00,281,2023-04-30,17.72625,20.54583333333333,6.81625,151.08083333333337,2.08,11.331666666666663,211.6683333333333,1.9866666666666664,12.062083333333334,214.87458333333333,31.675,64.66250000000001,0.0,24.13458333333333,1018.2279166666668,6.3675,0.4479166666666667,17.72625,20.54583333333333,6.81625,151.08083333333337,2.08,11.331666666666663,211.6683333333333,1.9866666666666664,12.062083333333334,214.87458333333333,31.675,64.66250000000001,0.0,24.13458333333333,1018.2279166666668,6.3675,0.4479166666666667,17.72625,20.54583333333333,6.81625,151.08083333333337,2.08,11.331666666666663,211.6683333333333,1.9866666666666664,12.062083333333334,214.87458333333333,31.675,64.66250000000001,0.0,24.13458333333333,1018.2279166666668,6.3675,0.4479166666666667,0.0,0.0
HIL,Hillarys,April 30,"2023, 8 a.m.",30-Apr-23   8 a.m.,3,Fair,Illuka Beach. Lots of weed on shore. Better vis further out. 19C,2023,8 AM,April 30 2023 8 AM,2023-04-30 08:00:00,2023-04-30 08:00:00+08:00,2023-04-30 00:00:00+00:00,2023-04-30,00:00:00,282,2023-04-30,17.824166666666667,20.54583333333333,6.81625,151.08083333333337,2.08,11.331666666666663,211.6683333333333,1.9866666666666664,12.062083333333334,214.87458333333333,16.620833333333334,67.20833333333333,0.0,24.13458333333333,1018.46625,6.504166666666666,0.4479166666666667,17.824166666666667,20.54583333333333,6.81625,151.08083333333337,2.08,11.331666666666663,211.6683333333333,1.9866666666666664,12.062083333333334,214.87458333333333,16.620833333333334,67.20833333333333,0.0,24.13458333333333,1018.46625,6.504166666666666,0.4479166666666667,17.824166666666667,20.54583333333333,6.81625,151.08083333333337,2.08,11.331666666666663,211.6683333333333,1.9866666666666664,12.062083333333334,214.87458333333333,16.620833333333334,67.20833333333333,0.0,24.13458333333333,1018.46625,6.504166666666666,0.4479166666666667,0.0,0.0
RNN,Rottnest North,April 29,"2023, 10 a.m.",29-Apr-23   10 a.m.,10,Fair,Roe/Swirl Reef 7-12m. A little surge at Roe Reef,2023,10 AM,April 29 2023 10 AM,2023-04-29 10:00:00,2023-04-29 10:00:00+08:00,2023-04-29 02:00:00+00:00,2023-04-29,02:00:00,283,2023-04-29,17.033333333333335,21.24833333333333,4.06375,140.5025,1.7458333333333331,11.94625,220.81333333333336,1.7345833333333334,12.049166666666666,221.26833333333332,28.916666666666668,60.74583333333334,0.0,24.13583333333333,1021.1283333333334,4.456666666666667,0.4470833333333333,17.033333333333335,21.24833333333333,4.06375,140.5025,1.7458333333333331,11.94625,220.81333333333336,1.7345833333333334,12.049166666666666,221.26833333333332,28.916666666666668,60.74583333333334,0.0,24.13583333333333,1021.1283333333334,4.456666666666667,0.4470833333333333,17.033333333333335,21.24833333333333,4.06375,140.5025,1.7458333333333331,11.94625,220.81333333333336,1.7345833333333334,12.049166666666666,221.26833333333332,28.916666666666668,60.74583333333334,0.0,24.13583333333333,1021.1283333333334,4.456666666666667,0.4470833333333333,0.0,0.7
WOO,Woodman Point,April 29,"2023, 8 a.m.",29-Apr-23   8 a.m.,6,Fair,4-6m. 18-19 degrees. Better vis on South Side,2023,8 AM,April 29 2023 8 AM,2023-04-29 08:00:00,2023-04-29 08:00:00+08:00,2023-04-29 00:00:00+00:00,2023-04-29,00:00:00,284,2023-04-29,17.033333333333335,19.79208333333333,4.00375,144.60791666666668,1.5337500000000002,11.899583333333332,225.34875,1.52125,12.064166666666669,226.0825,28.916666666666668,60.74583333333334,0.0,24.13583333333333,1021.1283333333334,4.456666666666667,0.4233333333333333,17.033333333333335,19.79208333333333,4.00375,144.60791666666668,1.5337500000000002,11.899583333333332,225.34875,1.52125,12.064166666666669,226.0825,28.916666666666668,60.74583333333334,0.0,24.13583333333333,1021.1283333333334,4.456666666666667,0.4233333333333333,17.033333333333335,19.79208333333333,4.00375,144.60791666666668,1.5337500000000002,11.899583333333332,225.34875,1.52125,12.064166666666669,226.0825,28.916666666666668,60.74583333333334,0.0,24.13583333333333,1021.1283333333334,4.456666666666667,0.4233333333333333,0.0,1.22
BUL,Bulk Jetty,April 25,"2023, 9 a.m.",25-Apr-23   9 a.m.,6,Fair,-,2023,9 AM,April 25 2023 9 AM,2023-04-25 09:00:00,2023-04-25 09:00:00+08:00,2023-04-25 01:00:00+00:00,2023-04-25,01:00:00,285,2023-04-25,14.5825,21.611666666666665,9.20875,238.7825,2.9600000000000004,9.940416666666666,233.9679166666667,2.536666666666666,11.26375,232.06625,95.06666666666666,74.18333333333334,12.57,16.368750000000002,1012.88125,9.874583333333334,0.445,14.5825,21.611666666666665,9.20875,238.7825,2.9600000000000004,9.940416666666666,233.9679166666667,2.536666666666666,11.26375,232.06625,95.06666666666666,74.18333333333334,12.57,16.368750000000002,1012.88125,9.874583333333334,0.445,14.5825,21.611666666666665,9.20875,238.7825,2.9600000000000004,9.940416666666666,233.9679166666667,2.536666666666666,11.26375,232.06625,95.06666666666666,74.18333333333334,12.57,16.368750000000002,1012.88125,9.874583333333334,0.445,4.15,6.59
WOO,Woodman Point,April 24,"2023, 10 a.m.",24-Apr-23   10 a.m.,8,Fair,"Better vis on south side, poor north. Lots of seahorses!",2023,10 AM,April 24 2023 10 AM,2023-04-24 10:00:00,2023-04-24 10:00:00+08:00,2023-04-24 02:00:00+00:00,2023-04-24,02:00:00,286,2023-04-24,16.215833333333332,22.025,7.0425,237.6925,2.7558333333333334,10.437916666666666,238.99625,2.6329166666666666,10.968333333333334,238.3420833333333,52.14166666666667,62.59583333333333,7.91,19.354166666666668,1013.405,8.570833333333333,0.5133333333333333,16.215833333333332,22.025,7.0425,237.6925,2.7558333333333334,10.437916666666666,238.99625,2.6329166666666666,10.968333333333334,238.3420833333333,52.14166666666667,62.59583333333333,7.91,19.354166666666668,1013.405,8.570833333333333,0.5133333333333333,16.215833333333332,22.025,7.0425,237.6925,2.7558333333333334,10.437916666666666,238.99625,2.6329166666666666,10.968333333333334,238.3420833333333,52.14166666666667,62.59583333333333,7.91,19.354166666666668,1013.405,8.570833333333333,0.5133333333333333,3.78,3.78
AMJ,Ammo Jetty,April 23,"2023, 9 a.m.",23-Apr-23   9 a.m.,6,Fair,"Cloudy, bit of surge",2023,9 AM,April 23 2023 9 AM,2023-04-23 09:00:00,2023-04-23 09:00:00+08:00,2023-04-23 01:00:00+00:00,2023-04-23,01:00:00,287,2023-04-23,21.187916666666663,22.05708333333333,6.35125,245.7408333333333,2.242083333333333,11.897916666666667,236.05083333333332,2.049583333333333,12.933333333333332,233.2995833333333,35.291666666666664,51.80833333333334,2.06,22.7425,1013.5120833333334,7.073333333333333,0.5808333333333333,21.187916666666663,22.05708333333333,6.35125,245.7408333333333,2.242083333333333,11.897916666666667,236.05083333333332,2.049583333333333,12.933333333333332,233.2995833333333,35.291666666666664,51.80833333333334,2.06,22.7425,1013.5120833333334,7.073333333333333,0.5808333333333333,21.187916666666663,22.05708333333333,6.35125,245.7408333333333,2.242083333333333,11.897916666666667,236.05083333333332,2.049583333333333,12.933333333333332,233.2995833333333,35.291666666666664,51.80833333333334,2.06,22.7425,1013.5120833333334,7.073333333333333,0.5808333333333333,0.0,0.0
BUL,Bulk Jetty,April 23,"2023, 8 a.m.",23-Apr-23   8 a.m.,7,Fair,"5-8m vis, patches of bad vis halfway. N wind 11knots, 1.3m wave.",2023,8 AM,April 23 2023 8 AM,2023-04-23 08:00:00,2023-04-23 08:00:00+08:00,2023-04-23 00:00:00+00:00,2023-04-23,00:00:00,288,2023-04-23,21.187916666666663,22.491666666666664,5.665833333333333,243.94708333333332,2.049583333333333,11.771666666666668,240.34416666666667,1.9225,12.531666666666666,238.90916666666664,35.291666666666664,51.80833333333334,2.06,22.7425,1013.5120833333334,7.073333333333333,0.5783333333333333,21.187916666666663,22.491666666666664,5.665833333333333,243.94708333333332,2.049583333333333,11.771666666666668,240.34416666666667,1.9225,12.531666666666666,238.90916666666664,35.291666666666664,51.80833333333334,2.06,22.7425,1013.5120833333334,7.073333333333333,0.5783333333333333,21.187916666666663,22.491666666666664,5.665833333333333,243.94708333333332,2.049583333333333,11.771666666666668,240.34416666666667,1.9225,12.531666666666666,238.90916666666664,35.291666666666664,51.80833333333334,2.06,22.7425,1013.5120833333334,7.073333333333333,0.5783333333333333,0.0,0.0
AMJ,Ammo Jetty,April 22,"2023, 8 p.m.",22-Apr-23   8 p.m.,3,Fair,"1.5m vis past 5m depth. Above that, 5m vis. Surgey. 20C.",2023,8 PM,April 22 2023 8 PM,2023-04-22 20:00:00,2023-04-22 20:00:00+08:00,2023-04-22 12:00:00+00:00,2023-04-22,12:00:00,289,2023-04-22,22.38583333333333,21.756666666666664,3.016666666666667,107.66375,2.129166666666667,13.433333333333332,235.44833333333332,2.1283333333333334,13.439583333333331,235.45208333333332,14.4625,25.754166666666663,0.0,24.13583333333333,1019.57,3.805,0.5379166666666667,22.38583333333333,21.756666666666664,3.016666666666667,107.66375,2.129166666666667,13.433333333333332,235.44833333333332,2.1283333333333334,13.439583333333331,235.45208333333332,14.4625,25.754166666666663,0.0,24.13583333333333,1019.57,3.805,0.5379166666666667,22.38583333333333,21.756666666666664,3.016666666666667,107.66375,2.129166666666667,13.433333333333332,235.44833333333332,2.1283333333333334,13.439583333333331,235.45208333333332,14.4625,25.754166666666663,0.0,24.13583333333333,1019.57,3.805,0.5379166666666667,0.0,0.0
RKM,Rockingham Dive Trail,April 22,"2023, 10 a.m.",22-Apr-23   10 a.m.,3,Fair,Better at 12m and deeper,2023,10 AM,April 22 2023 10 AM,2023-04-22 10:00:00,2023-04-22 10:00:00+08:00,2023-04-22 02:00:00+00:00,2023-04-22,02:00:00,290,2023-04-22,21.4475,22.82041666666667,2.6479166666666667,110.61416666666666,1.9429166666666664,13.41875,239.755,1.9429166666666664,13.421666666666669,239.75458333333333,1.9416666666666669,53.15833333333333,0.0,24.13583333333333,1019.5366666666667,4.77625,0.545,21.4475,22.82041666666667,2.6479166666666667,110.61416666666666,1.9429166666666664,13.41875,239.755,1.9429166666666664,13.421666666666669,239.75458333333333,1.9416666666666669,53.15833333333333,0.0,24.13583333333333,1019.5366666666667,4.77625,0.545,21.4475,22.82041666666667,2.6479166666666667,110.61416666666666,1.9429166666666664,13.41875,239.755,1.9429166666666664,13.421666666666669,239.75458333333333,1.9416666666666669,53.15833333333333,0.0,24.13583333333333,1019.5366666666667,4.77625,0.545,0.0,0.0
RKM,Rockingham Dive Trail,April 18,"2023, 7 a.m.",18-Apr-23   7 a.m.,6,Fair,@6m across most depths,2023,7 AM,April 18 2023 7 AM,2023-04-18 07:00:00,2023-04-18 07:00:00+08:00,2023-04-17 23:00:00+00:00,2023-04-17,23:00:00,291,2023-04-17,19.05708333333333,21.04875,6.002916666666667,198.33333333333331,1.7333333333333334,9.88125,230.19458333333333,1.6841666666666668,10.27625,231.9608333333333,25.7,70.68333333333334,0.8200000000000001,24.09958333333333,1024.4116666666666,7.610416666666667,0.4220833333333333,19.05708333333333,21.04875,6.002916666666667,198.33333333333331,1.7333333333333334,9.88125,230.19458333333333,1.6841666666666668,10.27625,231.9608333333333,25.7,70.68333333333334,0.8200000000000001,24.09958333333333,1024.4116666666666,7.610416666666667,0.4220833333333333,19.05708333333333,21.04875,6.002916666666667,198.33333333333331,1.7333333333333334,9.88125,230.19458333333333,1.6841666666666668,10.27625,231.9608333333333,25.7,70.68333333333334,0.8200000000000001,24.09958333333333,1024.4116666666666,7.610416666666667,0.4220833333333333,0.8200000000000001,2.1500000000000004
PRT,Port Beach,April 17,"2023, 7 p.m.",17-Apr-23   7 p.m.,4,Fair,Murky 3-4m,2023,7 PM,April 17 2023 7 PM,2023-04-17 19:00:00,2023-04-17 19:00:00+08:00,2023-04-17 11:00:00+00:00,2023-04-17,11:00:00,292,2023-04-17,19.5775,21.155833333333334,5.242083333333333,194.3420833333333,1.8741666666666663,10.189166666666669,225.88291666666663,1.8479166666666669,10.399583333333334,226.7975,14.6875,70.02499999999999,0.5,24.132916666666663,1024.2508333333333,6.868333333333333,0.4308333333333333,19.5775,21.155833333333334,5.242083333333333,194.3420833333333,1.8741666666666663,10.189166666666669,225.88291666666663,1.8479166666666669,10.399583333333334,226.7975,14.6875,70.02499999999999,0.5,24.132916666666663,1024.2508333333333,6.868333333333333,0.4308333333333333,19.5775,21.155833333333334,5.242083333333333,194.3420833333333,1.8741666666666663,10.189166666666669,225.88291666666663,1.8479166666666669,10.399583333333334,226.7975,14.6875,70.02499999999999,0.5,24.132916666666663,1024.2508333333333,6.868333333333333,0.4308333333333333,0.37,4.930000000000001
RKM,Rockingham Dive Trail,April 17,"2023, 9 a.m.",17-Apr-23   9 a.m.,10,Fair,"8-10m, both shallow and deep. 21c",2023,9 AM,April 17 2023 9 AM,2023-04-17 09:00:00,2023-04-17 09:00:00+08:00,2023-04-17 01:00:00+00:00,2023-04-17,01:00:00,293,2023-04-17,19.05708333333333,21.04875,6.002916666666667,198.33333333333331,1.7333333333333334,9.88125,230.19458333333333,1.6841666666666668,10.27625,231.9608333333333,25.7,70.68333333333334,0.8200000000000001,24.09958333333333,1024.4116666666666,7.610416666666667,0.4220833333333333,19.05708333333333,21.04875,6.002916666666667,198.33333333333331,1.7333333333333334,9.88125,230.19458333333333,1.6841666666666668,10.27625,231.9608333333333,25.7,70.68333333333334,0.8200000000000001,24.09958333333333,1024.4116666666666,7.610416666666667,0.4220833333333333,19.05708333333333,21.04875,6.002916666666667,198.33333333333331,1.7333333333333334,9.88125,230.19458333333333,1.6841666666666668,10.27625,231.9608333333333,25.7,70.68333333333334,0.8200000000000001,24.09958333333333,1024.4116666666666,7.610416666666667,0.4220833333333333,1.35,4.67
CMT,Coogee Maritime Trail,April 15,"2023, 7 a.m.",15-Apr-23   7 a.m.,1,Glassy,-,2023,7 AM,April 15 2023 7 AM,2023-04-15 07:00:00,2023-04-15 07:00:00+08:00,2023-04-14 23:00:00+00:00,2023-04-14,23:00:00,294,2023-04-14,15.076666666666666,22.08791666666667,8.707916666666668,200.53708333333336,3.7504166666666663,11.530833333333334,231.4633333333333,3.5308333333333333,12.269583333333332,234.20875,89.39166666666667,50.78333333333333,0.28,24.135416666666668,1016.88625,8.435,0.355,15.076666666666666,22.08791666666667,8.707916666666668,200.53708333333336,3.7504166666666663,11.530833333333334,231.4633333333333,3.5308333333333333,12.269583333333332,234.20875,89.39166666666667,50.78333333333333,0.28,24.135416666666668,1016.88625,8.435,0.355,15.076666666666666,22.08791666666667,8.707916666666668,200.53708333333336,3.7504166666666663,11.530833333333334,231.4633333333333,3.5308333333333333,12.269583333333332,234.20875,89.39166666666667,50.78333333333333,0.28,24.135416666666668,1016.88625,8.435,0.355,0.28,9.44
SGR,Sue's Groyne,April 13,"2023, 7 p.m.",13-Apr-23   7 p.m.,2,Rough,"Sue's Groyne. Not much sea life, murky.",2023,7 PM,April 13 2023 7 PM,2023-04-13 19:00:00,2023-04-13 19:00:00+08:00,2023-04-13 11:00:00+00:00,2023-04-13,11:00:00,295,2023-04-13,16.3275,22.064166666666665,11.6375,257.8675,3.68125,10.562083333333334,242.11916666666664,2.9,13.032083333333333,231.95708333333332,73.58333333333333,65.85000000000001,9.16,17.603333333333335,1008.0808333333332,11.550833333333337,0.3733333333333333,16.3275,22.064166666666665,11.6375,257.8675,3.68125,10.562083333333334,242.11916666666664,2.9,13.032083333333333,231.95708333333332,73.58333333333333,65.85000000000001,9.16,17.603333333333335,1008.0808333333332,11.550833333333337,0.3733333333333333,16.3275,22.064166666666665,11.6375,257.8675,3.68125,10.562083333333334,242.11916666666664,2.9,13.032083333333333,231.95708333333332,73.58333333333333,65.85000000000001,9.16,17.603333333333335,1008.0808333333332,11.550833333333337,0.3733333333333333,5.1000000000000005,5.92
BWR,Blackwall Reach,April 12,"2023, 7 p.m.",12-Apr-23   7 p.m.,3,Fair,Its the River 2-4m. 22degrees.,2023,7 PM,April 12 2023 7 PM,2023-04-12 19:00:00,2023-04-12 19:00:00+08:00,2023-04-12 11:00:00+00:00,2023-04-12,11:00:00,296,2023-04-12,18.87666666666667,21.600000000000005,5.926666666666667,285.5995833333333,2.6750000000000003,12.862916666666663,230.48666666666668,2.617083333333333,13.235416666666666,228.43625,48.9625,69.53750000000001,0.84,24.13625,1011.3454166666668,5.495833333333334,0.4733333333333333,18.87666666666667,21.600000000000005,5.926666666666667,285.5995833333333,2.6750000000000003,12.862916666666663,230.48666666666668,2.617083333333333,13.235416666666666,228.43625,48.9625,69.53750000000001,0.84,24.13625,1011.3454166666668,5.495833333333334,0.4733333333333333,18.87666666666667,21.600000000000005,5.926666666666667,285.5995833333333,2.6750000000000003,12.862916666666663,230.48666666666668,2.617083333333333,13.235416666666666,228.43625,48.9625,69.53750000000001,0.84,24.13625,1011.3454166666668,5.495833333333334,0.4733333333333333,0.8200000000000001,2.45
WOO,Woodman Point,April 12,"2023, 8 a.m.",12-Apr-23   8 a.m.,8,Fair,"6-10m South Side, 4-6m North Side. Weed on the beach for entry.",2023,8 AM,April 12 2023 8 AM,2023-04-12 08:00:00,2023-04-12 08:00:00+08:00,2023-04-12 00:00:00+00:00,2023-04-12,00:00:00,297,2023-04-12,20.36375,21.905416666666667,5.973333333333334,294.25666666666666,2.46375,12.422916666666666,237.7775,2.38875,12.90875,234.98,41.454166666666666,69.675,1.32,24.12625,1011.1575,7.100416666666667,0.46875,20.36375,21.905416666666667,5.973333333333334,294.25666666666666,2.46375,12.422916666666666,237.7775,2.38875,12.90875,234.98,41.454166666666666,69.675,1.32,24.12625,1011.1575,7.100416666666667,0.46875,20.36375,21.905416666666667,5.973333333333334,294.25666666666666,2.46375,12.422916666666666,237.7775,2.38875,12.90875,234.98,41.454166666666666,69.675,1.32,24.12625,1011.1575,7.100416666666667,0.46875,1.2200000000000002,2.85
PRT,Port Beach,April 10,"2023, 10 a.m.",10-Apr-23   10 a.m.,6,Rough,-,2023,10 AM,April 10 2023 10 AM,2023-04-10 10:00:00,2023-04-10 10:00:00+08:00,2023-04-10 02:00:00+00:00,2023-04-10,02:00:00,298,2023-04-10,19.679583333333333,21.140416666666667,9.805416666666666,261.0520833333333,2.5795833333333333,9.259583333333332,244.58208333333332,1.86125,11.935,236.06583333333333,57.60416666666666,62.46666666666667,1.69,23.469583333333333,1008.5970833333332,11.8025,0.3933333333333333,19.679583333333333,21.140416666666667,9.805416666666666,261.0520833333333,2.5795833333333333,9.259583333333332,244.58208333333332,1.86125,11.935,236.06583333333333,57.60416666666666,62.46666666666667,1.69,23.469583333333333,1008.5970833333332,11.8025,0.3933333333333333,19.679583333333333,21.140416666666667,9.805416666666666,261.0520833333333,2.5795833333333333,9.259583333333332,244.58208333333332,1.86125,11.935,236.06583333333333,57.60416666666666,62.46666666666667,1.69,23.469583333333333,1008.5970833333332,11.8025,0.3933333333333333,0.25,0.3299999999999999
RTS,Rottnest South,April 10,"2023, 8 a.m.",10-Apr-23   8 a.m.,12,Rough,Little Salmon Bay. rough swell on the surface but great below,2023,8 AM,April 10 2023 8 AM,2023-04-10 08:00:00,2023-04-10 08:00:00+08:00,2023-04-10 00:00:00+00:00,2023-04-10,00:00:00,299,2023-04-10,19.679583333333333,21.140416666666667,9.805416666666666,261.0520833333333,2.5795833333333333,9.259583333333332,244.58208333333332,1.86125,11.935,236.06583333333333,57.60416666666666,62.46666666666667,1.69,23.469583333333333,1008.5970833333332,11.8025,0.3933333333333333,19.679583333333333,21.140416666666667,9.805416666666666,261.0520833333333,2.5795833333333333,9.259583333333332,244.58208333333332,1.86125,11.935,236.06583333333333,57.60416666666666,62.46666666666667,1.69,23.469583333333333,1008.5970833333332,11.8025,0.3933333333333333,19.679583333333333,21.140416666666667,9.805416666666666,261.0520833333333,2.5795833333333333,9.259583333333332,244.58208333333332,1.86125,11.935,236.06583333333333,57.60416666666666,62.46666666666667,1.69,23.469583333333333,1008.5970833333332,11.8025,0.3933333333333333,0.15,0.24
SCR,South Cottesloe Reef,April 8,"2023, 2 p.m.",8-Apr-23   2 p.m.,8,Fair,"2-4m in close, 6-10m further off shore. Slightly milky at all depths.",2023,2 PM,April 8 2023 2 PM,2023-04-08 14:00:00,2023-04-08 14:00:00+08:00,2023-04-08 06:00:00+00:00,2023-04-08,06:00:00,300,2023-04-08,17.70875,21.65083333333333,5.660833333333333,119.09291666666668,1.36875,11.009166666666667,219.27666666666667,1.3045833333333334,11.83875,224.79625,16.545833333333334,72.59166666666667,0.09,24.13458333333333,1015.86,7.453333333333333,0.4000000000000001,17.70875,21.65083333333333,5.660833333333333,119.09291666666668,1.36875,11.009166666666667,219.27666666666667,1.3045833333333334,11.83875,224.79625,16.545833333333334,72.59166666666667,0.09,24.13458333333333,1015.86,7.453333333333333,0.4000000000000001,17.70875,21.65083333333333,5.660833333333333,119.09291666666668,1.36875,11.009166666666667,219.27666666666667,1.3045833333333334,11.83875,224.79625,16.545833333333334,72.59166666666667,0.09,24.13458333333333,1015.86,7.453333333333333,0.4000000000000001,1.34,1.4
STA,Staggie Reef,April 8,"2023, 11 a.m.",8-Apr-23   11 a.m.,15,Fair,Dudley’s Bridge,2023,11 AM,April 8 2023 11 AM,2023-04-08 11:00:00,2023-04-08 11:00:00+08:00,2023-04-08 03:00:00+00:00,2023-04-08,03:00:00,301,2023-04-08,17.49375,22.210416666666664,6.982499999999999,123.40166666666666,1.585,10.556666666666668,209.82083333333333,1.4487499999999998,11.958333333333334,220.34875,32.36666666666667,71.375,0.03,24.13458333333333,1015.4266666666668,6.982083333333333,0.41,17.49375,22.210416666666664,6.982499999999999,123.40166666666666,1.585,10.556666666666668,209.82083333333333,1.4487499999999998,11.958333333333334,220.34875,32.36666666666667,71.375,0.03,24.13458333333333,1015.4266666666668,6.982083333333333,0.41,17.49375,22.210416666666664,6.982499999999999,123.40166666666666,1.585,10.556666666666668,209.82083333333333,1.4487499999999998,11.958333333333334,220.34875,32.36666666666667,71.375,0.03,24.13458333333333,1015.4266666666668,6.982083333333333,0.41,0.02,0.02
CMT,Coogee Maritime Trail,April 7,"2023, 10 a.m.",7-Apr-23   10 a.m.,8,Fair,-,2023,10 AM,April 7 2023 10 AM,2023-04-07 10:00:00,2023-04-07 10:00:00+08:00,2023-04-07 02:00:00+00:00,2023-04-07,02:00:00,302,2023-04-07,16.715416666666666,21.981666666666666,7.004583333333334,118.49166666666667,1.6204166666666666,11.395833333333334,216.695,1.4683333333333335,12.980833333333337,229.22125000000003,61.9375,69.64583333333333,1.22,24.13416666666667,1013.1404166666666,10.51,0.42,16.715416666666666,21.981666666666666,7.004583333333334,118.49166666666667,1.6204166666666666,11.395833333333334,216.695,1.4683333333333335,12.980833333333337,229.22125000000003,61.9375,69.64583333333333,1.22,24.13416666666667,1013.1404166666666,10.51,0.42,16.715416666666666,21.981666666666666,7.004583333333334,118.49166666666667,1.6204166666666666,11.395833333333334,216.695,1.4683333333333335,12.980833333333337,229.22125000000003,61.9375,69.64583333333333,1.22,24.13416666666667,1013.1404166666666,10.51,0.42,0.0,0.0
NMF,North Mole Fremantle,April 5,"2023, 7 a.m.",5-Apr-23   7 a.m.,10,Fair,"6-10m. River side 6m, North side 10m+",2023,7 AM,April 5 2023 7 AM,2023-04-05 07:00:00,2023-04-05 07:00:00+08:00,2023-04-04 23:00:00+00:00,2023-04-04,23:00:00,303,2023-04-04,19.45875,22.6625,6.919583333333333,179.03625,1.6783333333333337,8.746666666666666,221.85875,1.4933333333333334,9.929166666666667,228.72375,0.9,65.675,0.01,24.13791666666667,1014.0225,8.772083333333333,0.4470833333333333,19.45875,22.6625,6.919583333333333,179.03625,1.6783333333333337,8.746666666666666,221.85875,1.4933333333333334,9.929166666666667,228.72375,0.9,65.675,0.01,24.13791666666667,1014.0225,8.772083333333333,0.4470833333333333,19.45875,22.6625,6.919583333333333,179.03625,1.6783333333333337,8.746666666666666,221.85875,1.4933333333333334,9.929166666666667,228.72375,0.9,65.675,0.01,24.13791666666667,1014.0225,8.772083333333333,0.4470833333333333,0.01,0.01
WOO,Woodman Point,April 3,"2023, 11 a.m.",3-Apr-23   11 a.m.,6,Fair,Visibility got worse towards the end of the dive. Lots of fish and a large ray!,2023,11 AM,April 3 2023 11 AM,2023-04-03 11:00:00,2023-04-03 11:00:00+08:00,2023-04-03 03:00:00+00:00,2023-04-03,03:00:00,304,2023-04-03,20.44666666666667,22.815,7.139166666666667,177.5295833333333,1.4170833333333333,9.204166666666667,224.10166666666663,1.19875,11.025416666666668,234.0641666666667,0.05,73.29166666666667,0.0,24.1325,1011.6429166666668,9.11375,0.4812499999999999,20.44666666666667,22.815,7.139166666666667,177.5295833333333,1.4170833333333333,9.204166666666667,224.10166666666663,1.19875,11.025416666666668,234.0641666666667,0.05,73.29166666666667,0.0,24.1325,1011.6429166666668,9.11375,0.4812499999999999,20.44666666666667,22.815,7.139166666666667,177.5295833333333,1.4170833333333333,9.204166666666667,224.10166666666663,1.19875,11.025416666666668,234.0641666666667,0.05,73.29166666666667,0.0,24.1325,1011.6429166666668,9.11375,0.4812499999999999,0.0,0.0
SCR,South Cottesloe Reef,April 3,"2023, 6 a.m.",3-Apr-23   6 a.m.,6,Fair,Flat,2023,6 AM,April 3 2023 6 AM,2023-04-03 06:00:00,2023-04-03 06:00:00+08:00,2023-04-02 22:00:00+00:00,2023-04-02,22:00:00,305,2023-04-02,20.97041666666667,22.8475,4.434583333333333,163.07208333333332,1.1908333333333332,9.53,217.97625,1.1495833333333334,10.001666666666669,219.9825,9.7,77.07916666666667,0.0,24.1325,1011.44,5.025416666666667,0.5079166666666667,20.97041666666667,22.8475,4.434583333333333,163.07208333333332,1.1908333333333332,9.53,217.97625,1.1495833333333334,10.001666666666669,219.9825,9.7,77.07916666666667,0.0,24.1325,1011.44,5.025416666666667,0.5079166666666667,20.97041666666667,22.8475,4.434583333333333,163.07208333333332,1.1908333333333332,9.53,217.97625,1.1495833333333334,10.001666666666669,219.9825,9.7,77.07916666666667,0.0,24.1325,1011.44,5.025416666666667,0.5079166666666667,0.0,0.0
AMJ,Ammo Jetty,April 2,"2023, 10 a.m.",2-Apr-23   10 a.m.,8,Glassy,Great conditions!,2023,10 AM,April 2 2023 10 AM,2023-04-02 10:00:00,2023-04-02 10:00:00+08:00,2023-04-02 02:00:00+00:00,2023-04-02,02:00:00,306,2023-04-02,22.010416666666668,22.8475,4.434583333333333,163.07208333333332,1.1908333333333332,9.53,217.97625,1.1495833333333334,10.001666666666669,219.9825,14.0875,61.11666666666667,0.0,24.1325,1011.1791666666668,2.77625,0.5079166666666667,22.010416666666668,22.8475,4.434583333333333,163.07208333333332,1.1908333333333332,9.53,217.97625,1.1495833333333334,10.001666666666669,219.9825,14.0875,61.11666666666667,0.0,24.1325,1011.1791666666668,2.77625,0.5079166666666667,22.010416666666668,22.8475,4.434583333333333,163.07208333333332,1.1908333333333332,9.53,217.97625,1.1495833333333334,10.001666666666669,219.9825,14.0875,61.11666666666667,0.0,24.1325,1011.1791666666668,2.77625,0.5079166666666667,0.0,0.89
HIL,Hillarys,April 2,"2023, 8 a.m.",2-Apr-23   8 a.m.,7,Fair,Boy in a boat reef,2023,8 AM,April 2 2023 8 AM,2023-04-02 08:00:00,2023-04-02 08:00:00+08:00,2023-04-02 00:00:00+00:00,2023-04-02,00:00:00,307,2023-04-02,20.97041666666667,23.164583333333336,5.681666666666668,159.10916666666665,1.3704166666666666,9.355833333333331,211.94208333333333,1.2775,10.22875,216.23875,9.7,77.07916666666667,0.0,24.1325,1011.44,5.025416666666667,0.5091666666666667,20.97041666666667,23.164583333333336,5.681666666666668,159.10916666666665,1.3704166666666666,9.355833333333331,211.94208333333333,1.2775,10.22875,216.23875,9.7,77.07916666666667,0.0,24.1325,1011.44,5.025416666666667,0.5091666666666667,20.97041666666667,23.164583333333336,5.681666666666668,159.10916666666665,1.3704166666666666,9.355833333333331,211.94208333333333,1.2775,10.22875,216.23875,9.7,77.07916666666667,0.0,24.1325,1011.44,5.025416666666667,0.5091666666666667,0.0,1.89
WAT,Watermans/North Beach,April 1,"2023, 8 a.m.",1-Apr-23   8 a.m.,10,Fair,8-14m,2023,8 AM,April 1 2023 8 AM,2023-04-01 08:00:00,2023-04-01 08:00:00+08:00,2023-04-01 00:00:00+00:00,2023-04-01,00:00:00,308,2023-04-01,21.1125,23.02916666666667,5.8975,143.42875,1.6816666666666666,11.197916666666666,210.43791666666667,1.6116666666666666,11.865833333333333,213.76458333333332,0.125,73.87083333333334,0.0,24.13583333333333,1012.2383333333332,7.165833333333333,0.5266666666666667,21.1125,23.02916666666667,5.8975,143.42875,1.6816666666666666,11.197916666666666,210.43791666666667,1.6116666666666666,11.865833333333333,213.76458333333332,0.125,73.87083333333334,0.0,24.13583333333333,1012.2383333333332,7.165833333333333,0.5266666666666667,21.1125,23.02916666666667,5.8975,143.42875,1.6816666666666666,11.197916666666666,210.43791666666667,1.6116666666666666,11.865833333333333,213.76458333333332,0.125,73.87083333333334,0.0,24.13583333333333,1012.2383333333332,7.165833333333333,0.5266666666666667,1.89,26.47
BIC,Bicton Baths,March 30,"2023, 7 a.m.",30-Mar-23   7 a.m.,6,Fair,Only a bit of current at surface,2023,7 AM,March 30 2023 7 AM,2023-03-30 07:00:00,2023-03-30 07:00:00+08:00,2023-03-29 23:00:00+00:00,2023-03-29,23:00:00,309,2023-03-29,23.95208333333333,23.771666666666665,6.607083333333333,119.94875,1.16875,9.4275,201.2633333333333,1.0275,11.154583333333331,219.1833333333333,79.175,34.225,0.14,24.138333333333332,1012.5679166666667,10.5925,0.5,23.95208333333333,23.771666666666665,6.607083333333333,119.94875,1.16875,9.4275,201.2633333333333,1.0275,11.154583333333331,219.1833333333333,79.175,34.225,0.14,24.138333333333332,1012.5679166666667,10.5925,0.5,23.95208333333333,23.771666666666665,6.607083333333333,119.94875,1.16875,9.4275,201.2633333333333,1.0275,11.154583333333331,219.1833333333333,79.175,34.225,0.14,24.138333333333332,1012.5679166666667,10.5925,0.5,0.14,0.14
MET,Mettam’s Pool,March 29,"2023, 6 a.m.",29-Mar-23   6 a.m.,10,Fair,-,2023,6 AM,March 29 2023 6 AM,2023-03-29 06:00:00,2023-03-29 06:00:00+08:00,2023-03-28 22:00:00+00:00,2023-03-28,22:00:00,310,2023-03-28,20.809166666666663,23.925416666666667,9.03875,122.3425,1.5204166666666667,8.2875,184.2620833333333,1.2204166666666667,10.746250000000002,209.7904166666667,3.345833333333333,41.31666666666667,0.0,24.13583333333333,1016.4245833333332,10.2175,0.4920833333333334,20.809166666666663,23.925416666666667,9.03875,122.3425,1.5204166666666667,8.2875,184.2620833333333,1.2204166666666667,10.746250000000002,209.7904166666667,3.345833333333333,41.31666666666667,0.0,24.13583333333333,1016.4245833333332,10.2175,0.4920833333333334,20.809166666666663,23.925416666666667,9.03875,122.3425,1.5204166666666667,8.2875,184.2620833333333,1.2204166666666667,10.746250000000002,209.7904166666667,3.345833333333333,41.31666666666667,0.0,24.13583333333333,1016.4245833333332,10.2175,0.4920833333333334,0.0,0.09
SCR,South Cottesloe Reef,March 27,"2023, 6 a.m.",27-Mar-23   6 a.m.,8,Fair,-,2023,6 AM,March 27 2023 6 AM,2023-03-27 06:00:00,2023-03-27 06:00:00+08:00,2023-03-26 22:00:00+00:00,2023-03-26,22:00:00,311,2023-03-26,19.979166666666668,23.719583333333333,7.649999999999999,134.98749999999998,1.4887500000000002,8.548333333333334,190.23041666666663,1.25625,10.402083333333334,207.31041666666667,30.808333333333334,70.24166666666666,0.4,24.135416666666668,1013.8829166666666,9.999166666666666,0.46,19.979166666666668,23.719583333333333,7.649999999999999,134.98749999999998,1.4887500000000002,8.548333333333334,190.23041666666663,1.25625,10.402083333333334,207.31041666666667,30.808333333333334,70.24166666666666,0.4,24.135416666666668,1013.8829166666666,9.999166666666666,0.46,19.979166666666668,23.719583333333333,7.649999999999999,134.98749999999998,1.4887500000000002,8.548333333333334,190.23041666666663,1.25625,10.402083333333334,207.31041666666667,30.808333333333334,70.24166666666666,0.4,24.135416666666668,1013.8829166666666,9.999166666666666,0.46,0.46,1.06
NMF,North Mole Fremantle,March 26,"2023, 10 a.m.",26-Mar-23   10 a.m.,20,Fair,Fantastic viz enroute and at the barge,2023,10 AM,March 26 2023 10 AM,2023-03-26 10:00:00,2023-03-26 10:00:00+08:00,2023-03-26 02:00:00+00:00,2023-03-26,02:00:00,312,2023-03-26,19.979166666666668,23.719583333333333,7.649999999999999,134.98749999999998,1.4887500000000002,8.548333333333334,190.23041666666663,1.25625,10.402083333333334,207.31041666666667,30.808333333333334,70.24166666666666,0.4,24.135416666666668,1013.8829166666666,9.999166666666666,0.46,19.979166666666668,23.719583333333333,7.649999999999999,134.98749999999998,1.4887500000000002,8.548333333333334,190.23041666666663,1.25625,10.402083333333334,207.31041666666667,30.808333333333334,70.24166666666666,0.4,24.135416666666668,1013.8829166666666,9.999166666666666,0.46,19.979166666666668,23.719583333333333,7.649999999999999,134.98749999999998,1.4887500000000002,8.548333333333334,190.23041666666663,1.25625,10.402083333333334,207.31041666666667,30.808333333333334,70.24166666666666,0.4,24.135416666666668,1013.8829166666666,9.999166666666666,0.46,0.83,0.88
MET,Mettam’s Pool,March 25,"2023, 6 p.m.",25-Mar-23   6 p.m.,8,Fair,-,2023,6 PM,March 25 2023 6 PM,2023-03-25 18:00:00,2023-03-25 18:00:00+08:00,2023-03-25 10:00:00+00:00,2023-03-25,10:00:00,313,2023-03-25,23.065,23.702916666666667,5.238333333333333,113.605,1.5829166666666667,11.505,207.18041666666667,1.55,11.860416666666666,209.29625,5.575,59.208333333333336,1.18,23.96666666666667,1011.86375,6.8875,0.5070833333333333,23.065,23.702916666666667,5.238333333333333,113.605,1.5829166666666667,11.505,207.18041666666667,1.55,11.860416666666666,209.29625,5.575,59.208333333333336,1.18,23.96666666666667,1011.86375,6.8875,0.5070833333333333,23.065,23.702916666666667,5.238333333333333,113.605,1.5829166666666667,11.505,207.18041666666667,1.55,11.860416666666666,209.29625,5.575,59.208333333333336,1.18,23.96666666666667,1011.86375,6.8875,0.5070833333333333,1.11,1.11
KGT,Kwinana Grain Terminal,March 22,"2023, 10 a.m.",22-Mar-23   10 a.m.,3,Fair,"Lots of particles floating in the water, quite a few jellyfish about",2023,10 AM,March 22 2023 10 AM,2023-03-22 10:00:00,2023-03-22 10:00:00+08:00,2023-03-22 02:00:00+00:00,2023-03-22,02:00:00,314,2023-03-22,21.144166666666667,22.32958333333333,4.602916666666666,172.42375,1.6266666666666667,11.378333333333332,227.285,1.5758333333333334,11.886666666666663,228.36416666666665,1.6166666666666665,79.58333333333333,0.0,24.1375,1011.7470833333332,7.357083333333333,0.3733333333333333,21.144166666666667,22.32958333333333,4.602916666666666,172.42375,1.6266666666666667,11.378333333333332,227.285,1.5758333333333334,11.886666666666663,228.36416666666665,1.6166666666666665,79.58333333333333,0.0,24.1375,1011.7470833333332,7.357083333333333,0.3733333333333333,21.144166666666667,22.32958333333333,4.602916666666666,172.42375,1.6266666666666667,11.378333333333332,227.285,1.5758333333333334,11.886666666666663,228.36416666666665,1.6166666666666665,79.58333333333333,0.0,24.1375,1011.7470833333332,7.357083333333333,0.3733333333333333,0.0,0.0
SCR,South Cottesloe Reef,March 21,"2023, 6 a.m.",21-Mar-23   6 a.m.,10,Fair,Flat,2023,6 AM,March 21 2023 6 AM,2023-03-21 06:00:00,2023-03-21 06:00:00+08:00,2023-03-20 22:00:00+00:00,2023-03-20,22:00:00,315,2023-03-20,23.751666666666665,22.637916666666666,5.755,150.40041666666667,1.5604166666666668,9.286666666666669,212.63,1.4775,9.955833333333333,215.68125,15.7375,66.81666666666666,0.0,24.139166666666668,1011.6891666666668,10.65375,0.3233333333333333,23.751666666666665,22.637916666666666,5.755,150.40041666666667,1.5604166666666668,9.286666666666669,212.63,1.4775,9.955833333333333,215.68125,15.7375,66.81666666666666,0.0,24.139166666666668,1011.6891666666668,10.65375,0.3233333333333333,23.751666666666665,22.637916666666666,5.755,150.40041666666667,1.5604166666666668,9.286666666666669,212.63,1.4775,9.955833333333333,215.68125,15.7375,66.81666666666666,0.0,24.139166666666668,1011.6891666666668,10.65375,0.3233333333333333,0.0,0.0
RNN,Rottnest North,March 18,"2023, noon",18-Mar-23   12 p.m.,10,Fair,Littler armstrong Bay- saw a seal,2023,12 PM,March 18 2023 12 PM,2023-03-18 12:00:00,2023-03-18 12:00:00+08:00,2023-03-18 04:00:00+00:00,2023-03-18,04:00:00,316,2023-03-18,19.423333333333336,22.049166666666665,6.909583333333333,154.87041666666667,1.4966666666666668,8.505416666666667,213.8425,1.335,9.682083333333331,221.83916666666667,0.0333333333333333,66.46666666666667,0.0,24.135,1018.9858333333332,9.477916666666667,0.19,19.423333333333336,22.049166666666665,6.909583333333333,154.87041666666667,1.4966666666666668,8.505416666666667,213.8425,1.335,9.682083333333331,221.83916666666667,0.0333333333333333,66.46666666666667,0.0,24.135,1018.9858333333332,9.477916666666667,0.19,19.423333333333336,22.049166666666665,6.909583333333333,154.87041666666667,1.4966666666666668,8.505416666666667,213.8425,1.335,9.682083333333331,221.83916666666667,0.0333333333333333,66.46666666666667,0.0,24.135,1018.9858333333332,9.477916666666667,0.19,0.0,0.5800000000000001
KGT,Kwinana Grain Terminal,March 16,"2023, midnight",16-Mar-23   12 a.m.,10,Glassy,Reasonable Vis for night dive 15/3,2023,12 AM,March 16 2023 12 AM,2023-03-16 00:00:00,2023-03-16 00:00:00+08:00,2023-03-15 16:00:00+00:00,2023-03-15,16:00:00,317,2023-03-15,21.5675,22.16625,2.7358333333333333,220.15291666666667,1.4375,10.5475,236.5225,1.4349999999999998,10.58375,236.56000000000003,0.1541666666666666,79.34166666666667,0.0,24.136666666666667,1015.2454166666666,3.617083333333333,0.2491666666666666,21.5675,22.16625,2.7358333333333333,220.15291666666667,1.4375,10.5475,236.5225,1.4349999999999998,10.58375,236.56000000000003,0.1541666666666666,79.34166666666667,0.0,24.136666666666667,1015.2454166666666,3.617083333333333,0.2491666666666666,21.5675,22.16625,2.7358333333333333,220.15291666666667,1.4375,10.5475,236.5225,1.4349999999999998,10.58375,236.56000000000003,0.1541666666666666,79.34166666666667,0.0,24.136666666666667,1015.2454166666666,3.617083333333333,0.2491666666666666,0.0,0.0
SCR,South Cottesloe Reef,March 14,"2023, 6 a.m.",14-Mar-23   6 a.m.,2,Fair,"Very bad, big swell",2023,6 AM,March 14 2023 6 AM,2023-03-14 06:00:00,2023-03-14 06:00:00+08:00,2023-03-13 22:00:00+00:00,2023-03-13,22:00:00,318,2023-03-13,21.192083333333333,22.49083333333333,5.34875,188.2133333333333,1.7808333333333335,11.01125,232.59416666666667,1.72375,11.582916666666668,234.4958333333333,82.71249999999999,78.59166666666667,0.0,24.135,1014.6408333333334,6.958749999999999,0.2258333333333333,21.192083333333333,22.49083333333333,5.34875,188.2133333333333,1.7808333333333335,11.01125,232.59416666666667,1.72375,11.582916666666668,234.4958333333333,82.71249999999999,78.59166666666667,0.0,24.135,1014.6408333333334,6.958749999999999,0.2258333333333333,21.192083333333333,22.49083333333333,5.34875,188.2133333333333,1.7808333333333335,11.01125,232.59416666666667,1.72375,11.582916666666668,234.4958333333333,82.71249999999999,78.59166666666667,0.0,24.135,1014.6408333333334,6.958749999999999,0.2258333333333333,0.0,0.0
PPR,Point Peron,March 13,"2023, 7 a.m.",13-Mar-23   7 a.m.,9,Fair,Weedy Dragons!,2023,7 AM,March 13 2023 7 AM,2023-03-13 07:00:00,2023-03-13 07:00:00+08:00,2023-03-12 23:00:00+00:00,2023-03-12,23:00:00,319,2023-03-12,21.2925,22.5225,5.771666666666667,186.16583333333332,1.105,8.198333333333332,231.71291666666664,0.9708333333333332,9.443333333333332,240.4958333333333,57.9625,70.28333333333333,0.0,24.136666666666667,1015.1691666666668,7.149583333333333,0.2783333333333334,21.2925,22.5225,5.771666666666667,186.16583333333332,1.105,8.198333333333332,231.71291666666664,0.9708333333333332,9.443333333333332,240.4958333333333,57.9625,70.28333333333333,0.0,24.136666666666667,1015.1691666666668,7.149583333333333,0.2783333333333334,21.2925,22.5225,5.771666666666667,186.16583333333332,1.105,8.198333333333332,231.71291666666664,0.9708333333333332,9.443333333333332,240.4958333333333,57.9625,70.28333333333333,0.0,24.136666666666667,1015.1691666666668,7.149583333333333,0.2783333333333334,0.0,0.0
BUL,Bulk Jetty,March 12,"2023, 9 a.m.",12-Mar-23   9 a.m.,5,Fair,Lots of rays!,2023,9 AM,March 12 2023 9 AM,2023-03-12 09:00:00,2023-03-12 09:00:00+08:00,2023-03-12 01:00:00+00:00,2023-03-12,01:00:00,320,2023-03-12,24.00125,22.5225,5.771666666666667,186.16583333333332,1.105,8.198333333333332,231.71291666666664,0.9708333333333332,9.443333333333332,240.4958333333333,60.19166666666666,44.7125,0.0,24.136666666666667,1014.65375,4.804166666666666,0.2783333333333334,24.00125,22.5225,5.771666666666667,186.16583333333332,1.105,8.198333333333332,231.71291666666664,0.9708333333333332,9.443333333333332,240.4958333333333,60.19166666666666,44.7125,0.0,24.136666666666667,1014.65375,4.804166666666666,0.2783333333333334,24.00125,22.5225,5.771666666666667,186.16583333333332,1.105,8.198333333333332,231.71291666666664,0.9708333333333332,9.443333333333332,240.4958333333333,60.19166666666666,44.7125,0.0,24.136666666666667,1014.65375,4.804166666666666,0.2783333333333334,0.0,0.0
PPR,Point Peron,March 11,"2023, 9 a.m.",11-Mar-23   9 a.m.,6,Fair,-,2023,9 AM,March 11 2023 9 AM,2023-03-11 09:00:00,2023-03-11 09:00:00+08:00,2023-03-11 01:00:00+00:00,2023-03-11,01:00:00,321,2023-03-11,21.500416666666663,22.39,3.9179166666666663,169.46166666666667,0.8808333333333334,8.875,226.61791666666667,0.8304166666666667,9.595833333333331,229.60208333333333,30.620833333333334,68.07916666666667,0.0,24.133750000000003,1015.9958333333334,5.2804166666666665,0.2191666666666666,21.500416666666663,22.39,3.9179166666666663,169.46166666666667,0.8808333333333334,8.875,226.61791666666667,0.8304166666666667,9.595833333333331,229.60208333333333,30.620833333333334,68.07916666666667,0.0,24.133750000000003,1015.9958333333334,5.2804166666666665,0.2191666666666666,21.500416666666663,22.39,3.9179166666666663,169.46166666666667,0.8808333333333334,8.875,226.61791666666667,0.8304166666666667,9.595833333333331,229.60208333333333,30.620833333333334,68.07916666666667,0.0,24.133750000000003,1015.9958333333334,5.2804166666666665,0.2191666666666666,0.0,0.0
SCR,South Cottesloe Reef,March 11,"2023, 7 a.m.",11-Mar-23   7 a.m.,8,Fair,Flat,2023,7 AM,March 11 2023 7 AM,2023-03-11 07:00:00,2023-03-11 07:00:00+08:00,2023-03-10 23:00:00+00:00,2023-03-10,23:00:00,322,2023-03-10,20.967916666666667,22.682916666666667,5.675833333333333,171.08,1.1583333333333334,7.480416666666667,217.58875,1.0295833333333333,8.53875,222.185,8.158333333333333,72.05833333333334,0.0,24.13416666666667,1015.0220833333332,7.559583333333333,0.2754166666666667,20.967916666666667,22.682916666666667,5.675833333333333,171.08,1.1583333333333334,7.480416666666667,217.58875,1.0295833333333333,8.53875,222.185,8.158333333333333,72.05833333333334,0.0,24.13416666666667,1015.0220833333332,7.559583333333333,0.2754166666666667,20.967916666666667,22.682916666666667,5.675833333333333,171.08,1.1583333333333334,7.480416666666667,217.58875,1.0295833333333333,8.53875,222.185,8.158333333333333,72.05833333333334,0.0,24.13416666666667,1015.0220833333332,7.559583333333333,0.2754166666666667,0.0,0.0
SCR,South Cottesloe Reef,March 10,"2023, 7 a.m.",10-Mar-23   7 a.m.,4,Fair,Murky,2023,7 AM,March 10 2023 7 AM,2023-03-10 07:00:00,2023-03-10 07:00:00+08:00,2023-03-09 23:00:00+00:00,2023-03-09,23:00:00,323,2023-03-09,21.41708333333333,22.7025,6.618333333333333,211.81208333333333,1.4141666666666666,7.504166666666666,225.95,1.231666666666667,8.640833333333333,229.2,61.00833333333333,75.8625,0.0,24.1375,1012.8725,7.055833333333333,0.3054166666666666,21.41708333333333,22.7025,6.618333333333333,211.81208333333333,1.4141666666666666,7.504166666666666,225.95,1.231666666666667,8.640833333333333,229.2,61.00833333333333,75.8625,0.0,24.1375,1012.8725,7.055833333333333,0.3054166666666666,21.41708333333333,22.7025,6.618333333333333,211.81208333333333,1.4141666666666666,7.504166666666666,225.95,1.231666666666667,8.640833333333333,229.2,61.00833333333333,75.8625,0.0,24.1375,1012.8725,7.055833333333333,0.3054166666666666,0.0,0.15
AMJ,Ammo Jetty,March 8,"2023, 10 a.m.",8-Mar-23   10 a.m.,3,Fair,-,2023,10 AM,March 8 2023 10 AM,2023-03-08 10:00:00,2023-03-08 10:00:00+08:00,2023-03-08 02:00:00+00:00,2023-03-08,02:00:00,324,2023-03-08,25.05666666666667,22.534166666666668,5.574166666666667,184.2925,1.1620833333333334,9.752916666666666,216.34916666666663,1.03375,10.995833333333332,220.65041666666664,41.075,47.04166666666666,0.43,24.133333333333336,1012.2920833333332,5.874583333333334,0.3225,25.05666666666667,22.534166666666668,5.574166666666667,184.2925,1.1620833333333334,9.752916666666666,216.34916666666663,1.03375,10.995833333333332,220.65041666666664,41.075,47.04166666666666,0.43,24.133333333333336,1012.2920833333332,5.874583333333334,0.3225,25.05666666666667,22.534166666666668,5.574166666666667,184.2925,1.1620833333333334,9.752916666666666,216.34916666666663,1.03375,10.995833333333332,220.65041666666664,41.075,47.04166666666666,0.43,24.133333333333336,1012.2920833333332,5.874583333333334,0.3225,0.0,0.0
MET,Mettam’s Pool,March 6,"2023, 11 a.m.",6-Mar-23   11 a.m.,10,Fair,"Snorkelled from Hammersley Pool to Mettams Pool. Sandbanks lower vis than reefs, otherwise ideal.",2023,11 AM,March 6 2023 11 AM,2023-03-06 11:00:00,2023-03-06 11:00:00+08:00,2023-03-06 03:00:00+00:00,2023-03-06,03:00:00,325,2023-03-06,21.23875,22.59,9.186666666666666,150.09083333333334,1.7379166666666668,7.637916666666666,197.81208333333333,1.3550000000000002,9.765416666666669,211.78416666666664,0.0,48.96666666666667,0.0,24.135,1015.7991666666668,9.1325,0.2283333333333333,21.23875,22.59,9.186666666666666,150.09083333333334,1.7379166666666668,7.637916666666666,197.81208333333333,1.3550000000000002,9.765416666666669,211.78416666666664,0.0,48.96666666666667,0.0,24.135,1015.7991666666668,9.1325,0.2283333333333333,21.23875,22.59,9.186666666666666,150.09083333333334,1.7379166666666668,7.637916666666666,197.81208333333333,1.3550000000000002,9.765416666666669,211.78416666666664,0.0,48.96666666666667,0.0,24.135,1015.7991666666668,9.1325,0.2283333333333333,0.0,0.0
PPR,Point Peron,March 6,"2023, 6 a.m.",6-Mar-23   6 a.m.,16,Glassy,-,2023,6 AM,March 6 2023 6 AM,2023-03-06 06:00:00,2023-03-06 06:00:00+08:00,2023-03-05 22:00:00+00:00,2023-03-05,22:00:00,326,2023-03-05,18.72583333333333,22.40958333333333,8.300833333333333,170.31,1.3341666666666667,6.832083333333333,207.97708333333333,0.96125,8.815833333333334,223.37958333333333,0.0,69.97916666666667,0.0,24.13416666666667,1016.7916666666666,10.066666666666666,0.2529166666666667,18.72583333333333,22.40958333333333,8.300833333333333,170.31,1.3341666666666667,6.832083333333333,207.97708333333333,0.96125,8.815833333333334,223.37958333333333,0.0,69.97916666666667,0.0,24.13416666666667,1016.7916666666666,10.066666666666666,0.2529166666666667,18.72583333333333,22.40958333333333,8.300833333333333,170.31,1.3341666666666667,6.832083333333333,207.97708333333333,0.96125,8.815833333333334,223.37958333333333,0.0,69.97916666666667,0.0,24.13416666666667,1016.7916666666666,10.066666666666666,0.2529166666666667,0.0,0.01
RTS,Rottnest South,March 5,"2023, 9 a.m.",5-Mar-23   9 a.m.,20,Fair,Parker Point snorkel trail,2023,9 AM,March 5 2023 9 AM,2023-03-05 09:00:00,2023-03-05 09:00:00+08:00,2023-03-05 01:00:00+00:00,2023-03-05,01:00:00,327,2023-03-05,19.06875,22.609166666666667,8.157916666666667,167.91333333333333,1.5229166666666665,6.890000000000001,204.615,1.1383333333333334,8.614166666666668,217.63083333333336,0.0,70.02499999999999,0.0,24.13416666666667,1016.3520833333332,10.064166666666669,0.2429166666666666,19.06875,22.609166666666667,8.157916666666667,167.91333333333333,1.5229166666666665,6.890000000000001,204.615,1.1383333333333334,8.614166666666668,217.63083333333336,0.0,70.02499999999999,0.0,24.13416666666667,1016.3520833333332,10.064166666666669,0.2429166666666666,19.06875,22.609166666666667,8.157916666666667,167.91333333333333,1.5229166666666665,6.890000000000001,204.615,1.1383333333333334,8.614166666666668,217.63083333333336,0.0,70.02499999999999,0.0,24.13416666666667,1016.3520833333332,10.064166666666669,0.2429166666666666,0.0,0.01
RNE,Rottnest East,March 4,"2023, noon",4-Mar-23   12 p.m.,20,Fair,Macedon Wreck,2023,12 PM,March 4 2023 12 PM,2023-03-04 12:00:00,2023-03-04 12:00:00+08:00,2023-03-04 04:00:00+00:00,2023-03-04,04:00:00,328,2023-03-04,19.896666666666665,23.02,8.23125,172.94958333333332,1.58875,6.8116666666666665,208.83541666666667,1.1616666666666666,8.605833333333333,222.52541666666664,11.95,71.70416666666667,0.0,24.13791666666667,1015.22625,9.980833333333331,0.325,19.896666666666665,23.02,8.23125,172.94958333333332,1.58875,6.8116666666666665,208.83541666666667,1.1616666666666666,8.605833333333333,222.52541666666664,11.95,71.70416666666667,0.0,24.13791666666667,1015.22625,9.980833333333331,0.325,19.896666666666665,23.02,8.23125,172.94958333333332,1.58875,6.8116666666666665,208.83541666666667,1.1616666666666666,8.605833333333333,222.52541666666664,11.95,71.70416666666667,0.0,24.13791666666667,1015.22625,9.980833333333331,0.325,0.01,0.49
SCR,South Cottesloe Reef,March 2,"2023, 8 p.m.",2-Mar-23   8 p.m.,10,Fair,23c light surge,2023,8 PM,March 2 2023 8 PM,2023-03-02 20:00:00,2023-03-02 20:00:00+08:00,2023-03-02 12:00:00+00:00,2023-03-02,12:00:00,329,2023-03-02,23.136666666666667,23.111666666666668,3.1870833333333333,166.47416666666666,0.9825,11.111666666666666,218.71375,0.9758333333333332,11.2575,219.2075,34.125,75.3625,0.62,23.835,1008.4620833333332,6.69,0.4408333333333333,23.136666666666667,23.111666666666668,3.1870833333333333,166.47416666666666,0.9825,11.111666666666666,218.71375,0.9758333333333332,11.2575,219.2075,34.125,75.3625,0.62,23.835,1008.4620833333332,6.69,0.4408333333333333,23.136666666666667,23.111666666666668,3.1870833333333333,166.47416666666666,0.9825,11.111666666666666,218.71375,0.9758333333333332,11.2575,219.2075,34.125,75.3625,0.62,23.835,1008.4620833333332,6.69,0.4408333333333333,0.5,0.5
CMT,Coogee Maritime Trail,March 2,"2023, 7 p.m.",2-Mar-23   7 p.m.,10,Glassy,"Night Dive on 26 Feb on Omeo. Amazing conditions, not much sea life.",2023,7 PM,March 2 2023 7 PM,2023-03-02 19:00:00,2023-03-02 19:00:00+08:00,2023-03-02 11:00:00+00:00,2023-03-02,11:00:00,330,2023-03-02,28.74291666666667,23.111666666666668,3.1870833333333333,166.47416666666666,0.9825,11.111666666666666,218.71375,0.9758333333333332,11.2575,219.2075,48.1,38.05416666666667,1.38,24.102083333333336,1008.2070833333332,4.519583333333333,0.4408333333333333,28.74291666666667,23.111666666666668,3.1870833333333333,166.47416666666666,0.9825,11.111666666666666,218.71375,0.9758333333333332,11.2575,219.2075,48.1,38.05416666666667,1.38,24.102083333333336,1008.2070833333332,4.519583333333333,0.4408333333333333,28.74291666666667,23.111666666666668,3.1870833333333333,166.47416666666666,0.9825,11.111666666666666,218.71375,0.9758333333333332,11.2575,219.2075,48.1,38.05416666666667,1.38,24.102083333333336,1008.2070833333332,4.519583333333333,0.4408333333333333,0.32,0.32
SCR,South Cottesloe Reef,March 2,"2023, 7 a.m.",2-Mar-23   7 a.m.,15,Fair,Perfect,2023,7 AM,March 2 2023 7 AM,2023-03-02 07:00:00,2023-03-02 07:00:00+08:00,2023-03-01 23:00:00+00:00,2023-03-01,23:00:00,331,2023-03-01,24.0375,22.861666666666665,4.719166666666667,129.50666666666666,0.98,9.83375,206.16416666666663,0.91875,10.671666666666669,213.3175,41.50416666666667,69.15833333333333,0.03,24.13416666666667,1010.8645833333334,5.715416666666666,0.4608333333333334,24.0375,22.861666666666665,4.719166666666667,129.50666666666666,0.98,9.83375,206.16416666666663,0.91875,10.671666666666669,213.3175,41.50416666666667,69.15833333333333,0.03,24.13416666666667,1010.8645833333334,5.715416666666666,0.4608333333333334,24.0375,22.861666666666665,4.719166666666667,129.50666666666666,0.98,9.83375,206.16416666666663,0.91875,10.671666666666669,213.3175,41.50416666666667,69.15833333333333,0.03,24.13416666666667,1010.8645833333334,5.715416666666666,0.4608333333333334,0.03,0.03
PRT,Port Beach,March 1,"2023, 7 p.m.",1-Mar-23   7 p.m.,12,Glassy,Best so far this year.,2023,7 PM,March 1 2023 7 PM,2023-03-01 19:00:00,2023-03-01 19:00:00+08:00,2023-03-01 11:00:00+00:00,2023-03-01,11:00:00,332,2023-03-01,24.0375,22.861666666666665,4.719166666666667,129.50666666666666,0.98,9.83375,206.16416666666663,0.91875,10.671666666666669,213.3175,41.50416666666667,69.15833333333333,0.03,24.13416666666667,1010.8645833333334,5.715416666666666,0.4608333333333334,24.0375,22.861666666666665,4.719166666666667,129.50666666666666,0.98,9.83375,206.16416666666663,0.91875,10.671666666666669,213.3175,41.50416666666667,69.15833333333333,0.03,24.13416666666667,1010.8645833333334,5.715416666666666,0.4608333333333334,24.0375,22.861666666666665,4.719166666666667,129.50666666666666,0.98,9.83375,206.16416666666663,0.91875,10.671666666666669,213.3175,41.50416666666667,69.15833333333333,0.03,24.13416666666667,1010.8645833333334,5.715416666666666,0.4608333333333334,0.0,0.0
RTS,Rottnest South,Feb. 28,"2023, 5 p.m.",28-Feb-23   5 p.m.,20,Fair,Very good vis - crystal caves dive site,2023,5 PM,Feb 28 2023 5 PM,2023-02-28 17:00:00,2023-02-28 17:00:00+08:00,2023-02-28 09:00:00+00:00,2023-02-28,09:00:00,333,2023-02-28,24.670416666666668,22.2675,6.655833333333334,124.07916666666668,1.3045833333333332,8.789583333333333,192.10958333333332,1.15125,10.13875,209.26958333333332,0.0708333333333333,60.78333333333333,0.0,24.13416666666667,1012.5558333333332,11.88375,0.455,24.670416666666668,22.2675,6.655833333333334,124.07916666666668,1.3045833333333332,8.789583333333333,192.10958333333332,1.15125,10.13875,209.26958333333332,0.0708333333333333,60.78333333333333,0.0,24.13416666666667,1012.5558333333332,11.88375,0.455,24.670416666666668,22.2675,6.655833333333334,124.07916666666668,1.3045833333333332,8.789583333333333,192.10958333333332,1.15125,10.13875,209.26958333333332,0.0708333333333333,60.78333333333333,0.0,24.13416666666667,1012.5558333333332,11.88375,0.455,0.0,0.0
PRT,Port Beach,Feb. 27,"2023, 7 p.m.",27-Feb-23   7 p.m.,8,Glassy,Less vis Sandtracks end (4-6m),2023,7 PM,Feb 27 2023 7 PM,2023-02-27 19:00:00,2023-02-27 19:00:00+08:00,2023-02-27 11:00:00+00:00,2023-02-27,11:00:00,334,2023-02-27,24.2225,22.39583333333333,4.949166666666667,137.3975,1.48375,11.19625,213.18541666666667,1.4341666666666668,11.69875,216.58208333333332,28.59583333333333,62.40416666666667,0.0,24.135416666666668,1010.0245833333332,9.255833333333332,0.4520833333333333,24.2225,22.39583333333333,4.949166666666667,137.3975,1.48375,11.19625,213.18541666666667,1.4341666666666668,11.69875,216.58208333333332,28.59583333333333,62.40416666666667,0.0,24.135416666666668,1010.0245833333332,9.255833333333332,0.4520833333333333,24.2225,22.39583333333333,4.949166666666667,137.3975,1.48375,11.19625,213.18541666666667,1.4341666666666668,11.69875,216.58208333333332,28.59583333333333,62.40416666666667,0.0,24.135416666666668,1010.0245833333332,9.255833333333332,0.4520833333333333,0.0,0.0
SCR,South Cottesloe Reef,Feb. 27,"2023, 7 a.m.",27-Feb-23   7 a.m.,8,Glassy,Flat and clear!,2023,7 AM,Feb 27 2023 7 AM,2023-02-27 07:00:00,2023-02-27 07:00:00+08:00,2023-02-26 23:00:00+00:00,2023-02-26,23:00:00,335,2023-02-26,23.45583333333333,21.98125,5.530833333333334,143.42375,1.5529166666666667,10.505833333333332,215.77125,1.4829166666666664,11.173333333333334,218.475,54.35416666666666,64.33749999999999,0.0,24.135416666666668,1009.8483333333334,8.64625,0.2875,23.45583333333333,21.98125,5.530833333333334,143.42375,1.5529166666666667,10.505833333333332,215.77125,1.4829166666666664,11.173333333333334,218.475,54.35416666666666,64.33749999999999,0.0,24.135416666666668,1009.8483333333334,8.64625,0.2875,23.45583333333333,21.98125,5.530833333333334,143.42375,1.5529166666666667,10.505833333333332,215.77125,1.4829166666666664,11.173333333333334,218.475,54.35416666666666,64.33749999999999,0.0,24.135416666666668,1009.8483333333334,8.64625,0.2875,0.0,0.0
RNN,Rottnest North,Feb. 26,"2023, 1 p.m.",26-Feb-23   1 p.m.,12,Fair,-,2023,1 PM,Feb 26 2023 1 PM,2023-02-26 13:00:00,2023-02-26 13:00:00+08:00,2023-02-26 05:00:00+00:00,2023-02-26,05:00:00,336,2023-02-26,23.45583333333333,21.98125,5.530833333333334,143.42375,1.5529166666666667,10.505833333333332,215.77125,1.4829166666666664,11.173333333333334,218.475,54.35416666666666,64.33749999999999,0.0,24.135416666666668,1009.8483333333334,8.64625,0.2875,23.45583333333333,21.98125,5.530833333333334,143.42375,1.5529166666666667,10.505833333333332,215.77125,1.4829166666666664,11.173333333333334,218.475,54.35416666666666,64.33749999999999,0.0,24.135416666666668,1009.8483333333334,8.64625,0.2875,23.45583333333333,21.98125,5.530833333333334,143.42375,1.5529166666666667,10.505833333333332,215.77125,1.4829166666666664,11.173333333333334,218.475,54.35416666666666,64.33749999999999,0.0,24.135416666666668,1009.8483333333334,8.64625,0.2875,0.0,0.0
WOO,Woodman Point,Feb. 26,"2023, 10 a.m.",26-Feb-23   10 a.m.,10,Fair,"A bit murky on the entry side. Clearer outside. Seahorses and crabs, but not much else",2023,10 AM,Feb 26 2023 10 AM,2023-02-26 10:00:00,2023-02-26 10:00:00+08:00,2023-02-26 02:00:00+00:00,2023-02-26,02:00:00,337,2023-02-26,23.45583333333333,21.735,4.9887500000000005,147.51958333333332,1.3412499999999998,10.6725,221.49375,1.2895833333333333,11.262083333333337,223.7,54.35416666666666,64.33749999999999,0.0,24.135416666666668,1009.8483333333334,8.64625,0.285,23.45583333333333,21.735,4.9887500000000005,147.51958333333332,1.3412499999999998,10.6725,221.49375,1.2895833333333333,11.262083333333337,223.7,54.35416666666666,64.33749999999999,0.0,24.135416666666668,1009.8483333333334,8.64625,0.285,23.45583333333333,21.735,4.9887500000000005,147.51958333333332,1.3412499999999998,10.6725,221.49375,1.2895833333333333,11.262083333333337,223.7,54.35416666666666,64.33749999999999,0.0,24.135416666666668,1009.8483333333334,8.64625,0.285,0.0,0.0
CMT,Coogee Maritime Trail,Feb. 26,"2023, 7 a.m.",26-Feb-23   7 a.m.,6,Fair,-,2023,7 AM,Feb 26 2023 7 AM,2023-02-26 07:00:00,2023-02-26 07:00:00+08:00,2023-02-25 23:00:00+00:00,2023-02-25,23:00:00,338,2023-02-25,25.63,21.88,6.232083333333333,140.9575,1.715,10.336666666666666,218.39583333333331,1.6275000000000002,11.1,221.905,0.0,28.625,0.0,24.13583333333333,1013.50125,8.37375,0.2375,25.63,21.88,6.232083333333333,140.9575,1.715,10.336666666666666,218.39583333333331,1.6275000000000002,11.1,221.905,0.0,28.625,0.0,24.13583333333333,1013.50125,8.37375,0.2375,25.63,21.88,6.232083333333333,140.9575,1.715,10.336666666666666,218.39583333333331,1.6275000000000002,11.1,221.905,0.0,28.625,0.0,24.13583333333333,1013.50125,8.37375,0.2375,0.0,0.0
RNE,Rottnest East,Feb. 25,"2023, 3 p.m.",25-Feb-23   3 p.m.,10,Fair,Bit milky for the whole Rotto swim,2023,3 PM,Feb 25 2023 3 PM,2023-02-25 15:00:00,2023-02-25 15:00:00+08:00,2023-02-25 07:00:00+00:00,2023-02-25,07:00:00,339,2023-02-25,22.01708333333333,21.88,6.232083333333333,140.9575,1.715,10.336666666666666,218.39583333333331,1.6275000000000002,11.1,221.905,0.025,64.39583333333333,0.0,24.13583333333333,1013.5583333333334,9.673333333333334,0.2375,22.01708333333333,21.88,6.232083333333333,140.9575,1.715,10.336666666666666,218.39583333333331,1.6275000000000002,11.1,221.905,0.025,64.39583333333333,0.0,24.13583333333333,1013.5583333333334,9.673333333333334,0.2375,22.01708333333333,21.88,6.232083333333333,140.9575,1.715,10.336666666666666,218.39583333333331,1.6275000000000002,11.1,221.905,0.025,64.39583333333333,0.0,24.13583333333333,1013.5583333333334,9.673333333333334,0.2375,0.0,0.0
ROB,Robbs Jetty,Feb. 25,"2023, 9 a.m.",25-Feb-23   9 a.m.,8,Fair,Sea slugs galore.,2023,9 AM,Feb 25 2023 9 AM,2023-02-25 09:00:00,2023-02-25 09:00:00+08:00,2023-02-25 01:00:00+00:00,2023-02-25,01:00:00,340,2023-02-25,25.63,21.88,6.232083333333333,140.9575,1.715,10.336666666666666,218.39583333333331,1.6275000000000002,11.1,221.905,0.0,28.625,0.0,24.13583333333333,1013.50125,8.37375,0.2375,25.63,21.88,6.232083333333333,140.9575,1.715,10.336666666666666,218.39583333333331,1.6275000000000002,11.1,221.905,0.0,28.625,0.0,24.13583333333333,1013.50125,8.37375,0.2375,25.63,21.88,6.232083333333333,140.9575,1.715,10.336666666666666,218.39583333333331,1.6275000000000002,11.1,221.905,0.0,28.625,0.0,24.13583333333333,1013.50125,8.37375,0.2375,0.0,0.0
SCR,South Cottesloe Reef,Feb. 25,"2023, 8 a.m.",25-Feb-23   8 a.m.,5,Fair,Pretty cloudy for the start of the Rotto swim,2023,8 AM,Feb 25 2023 8 AM,2023-02-25 08:00:00,2023-02-25 08:00:00+08:00,2023-02-25 00:00:00+00:00,2023-02-25,00:00:00,341,2023-02-25,22.01708333333333,21.88,6.232083333333333,140.9575,1.715,10.336666666666666,218.39583333333331,1.6275000000000002,11.1,221.905,0.025,64.39583333333333,0.0,24.13583333333333,1013.5583333333334,9.673333333333334,0.2375,22.01708333333333,21.88,6.232083333333333,140.9575,1.715,10.336666666666666,218.39583333333331,1.6275000000000002,11.1,221.905,0.025,64.39583333333333,0.0,24.13583333333333,1013.5583333333334,9.673333333333334,0.2375,22.01708333333333,21.88,6.232083333333333,140.9575,1.715,10.336666666666666,218.39583333333331,1.6275000000000002,11.1,221.905,0.025,64.39583333333333,0.0,24.13583333333333,1013.5583333333334,9.673333333333334,0.2375,0.0,0.0699999999999999
PPR,Point Peron,Feb. 21,"2023, 8 a.m.",21-Feb-23   8 a.m.,8,Glassy,"Off Shoalwater Beach, Coventry St.",2023,8 AM,Feb 21 2023 8 AM,2023-02-21 08:00:00,2023-02-21 08:00:00+08:00,2023-02-21 00:00:00+00:00,2023-02-21,00:00:00,342,2023-02-21,21.485416666666666,21.86375,6.4025,210.4970833333333,1.3204166666666668,7.783333333333334,230.47,1.1504166666666666,8.752916666666666,238.02291666666667,0.0708333333333333,81.74166666666666,0.0,24.138333333333332,1010.3329166666668,8.260833333333332,0.2466666666666666,21.485416666666666,21.86375,6.4025,210.4970833333333,1.3204166666666668,7.783333333333334,230.47,1.1504166666666666,8.752916666666666,238.02291666666667,0.0708333333333333,81.74166666666666,0.0,24.138333333333332,1010.3329166666668,8.260833333333332,0.2466666666666666,21.485416666666666,21.86375,6.4025,210.4970833333333,1.3204166666666668,7.783333333333334,230.47,1.1504166666666666,8.752916666666666,238.02291666666667,0.0708333333333333,81.74166666666666,0.0,24.138333333333332,1010.3329166666668,8.260833333333332,0.2466666666666666,0.0,0.0
WOO,Woodman Point,Feb. 19,"2023, 10 a.m.",19-Feb-23   10 a.m.,5,Fair,Great dive. Sea horses!,2023,10 AM,Feb 19 2023 10 AM,2023-02-19 10:00:00,2023-02-19 10:00:00+08:00,2023-02-19 02:00:00+00:00,2023-02-19,02:00:00,343,2023-02-19,22.63125,22.11125,7.91,160.465,1.6995833333333332,8.402916666666668,218.7620833333333,1.45875,9.8275,226.92666666666665,16.566666666666666,72.67083333333333,0.0,24.13416666666667,1009.7108333333334,11.685,0.21875,22.63125,22.11125,7.91,160.465,1.6995833333333332,8.402916666666668,218.7620833333333,1.45875,9.8275,226.92666666666665,16.566666666666666,72.67083333333333,0.0,24.13416666666667,1009.7108333333334,11.685,0.21875,22.63125,22.11125,7.91,160.465,1.6995833333333332,8.402916666666668,218.7620833333333,1.45875,9.8275,226.92666666666665,16.566666666666666,72.67083333333333,0.0,24.13416666666667,1009.7108333333334,11.685,0.21875,0.0,0.0
RNN,Rottnest North,Feb. 18,"2023, 10 a.m.",18-Feb-23   10 a.m.,8,Fair,Little Armstrong Bay. A bit milky and green,2023,10 AM,Feb 18 2023 10 AM,2023-02-18 10:00:00,2023-02-18 10:00:00+08:00,2023-02-18 02:00:00+00:00,2023-02-18,02:00:00,344,2023-02-18,22.109166666666667,22.100416666666664,8.155,177.55416666666667,2.16,9.228333333333332,219.47958333333332,1.865,10.589166666666666,227.58916666666667,1.3083333333333331,72.56666666666666,0.0,24.1375,1012.1008333333332,11.879583333333334,0.2262499999999999,22.109166666666667,22.100416666666664,8.155,177.55416666666667,2.16,9.228333333333332,219.47958333333332,1.865,10.589166666666666,227.58916666666667,1.3083333333333331,72.56666666666666,0.0,24.1375,1012.1008333333332,11.879583333333334,0.2262499999999999,22.109166666666667,22.100416666666664,8.155,177.55416666666667,2.16,9.228333333333332,219.47958333333332,1.865,10.589166666666666,227.58916666666667,1.3083333333333331,72.56666666666666,0.0,24.1375,1012.1008333333332,11.879583333333334,0.2262499999999999,0.0,0.0
HIL,Hillarys,Feb. 18,"2023, 9 a.m.",18-Feb-23   9 a.m.,5,Fair,"Boy in a Boat Reef. Lots to see, great snorkel. Highlights: Finger Zoanthid, Whitebarred Boxfish",2023,9 AM,Feb 18 2023 9 AM,2023-02-18 09:00:00,2023-02-18 09:00:00+08:00,2023-02-18 01:00:00+00:00,2023-02-18,01:00:00,345,2023-02-18,22.109166666666667,22.157083333333333,9.743333333333334,174.98125000000002,2.455833333333333,9.226666666666668,214.14375,1.99875,11.013333333333334,224.71291666666664,1.3083333333333331,72.56666666666666,0.0,24.1375,1012.1008333333332,11.879583333333334,0.23625,22.109166666666667,22.157083333333333,9.743333333333334,174.98125000000002,2.455833333333333,9.226666666666668,214.14375,1.99875,11.013333333333334,224.71291666666664,1.3083333333333331,72.56666666666666,0.0,24.1375,1012.1008333333332,11.879583333333334,0.23625,22.109166666666667,22.157083333333333,9.743333333333334,174.98125000000002,2.455833333333333,9.226666666666668,214.14375,1.99875,11.013333333333334,224.71291666666664,1.3083333333333331,72.56666666666666,0.0,24.1375,1012.1008333333332,11.879583333333334,0.23625,0.0,0.0
RTS,Rottnest South,Feb. 12,"2023, 10 a.m.",12-Feb-23   10 a.m.,4,Fair,-,2023,10 AM,Feb 12 2023 10 AM,2023-02-12 10:00:00,2023-02-12 10:00:00+08:00,2023-02-12 02:00:00+00:00,2023-02-12,02:00:00,346,2023-02-12,21.70833333333333,22.16541666666667,7.237916666666667,152.65333333333334,2.111666666666667,10.479583333333332,220.82125,1.97,11.375833333333333,225.10458333333332,0.0,67.45,0.0,24.133750000000003,1012.6116666666668,10.22,0.3495833333333333,21.70833333333333,22.16541666666667,7.237916666666667,152.65333333333334,2.111666666666667,10.479583333333332,220.82125,1.97,11.375833333333333,225.10458333333332,0.0,67.45,0.0,24.133750000000003,1012.6116666666668,10.22,0.3495833333333333,21.70833333333333,22.16541666666667,7.237916666666667,152.65333333333334,2.111666666666667,10.479583333333332,220.82125,1.97,11.375833333333333,225.10458333333332,0.0,67.45,0.0,24.133750000000003,1012.6116666666668,10.22,0.3495833333333333,0.0,0.0
PPR,Point Peron,Feb. 12,"2023, 8 a.m.",12-Feb-23   8 a.m.,4,Fair,Fair bit of surge,2023,8 AM,Feb 12 2023 8 AM,2023-02-12 08:00:00,2023-02-12 08:00:00+08:00,2023-02-12 00:00:00+00:00,2023-02-12,00:00:00,347,2023-02-12,21.57041666666667,22.005416666666665,7.345833333333334,153.41208333333333,1.8841666666666663,10.355,224.79791666666665,1.7354166666666666,11.44875,230.13,0.0,64.2375,0.0,24.133750000000003,1013.0708333333332,10.70375,0.3566666666666667,21.57041666666667,22.005416666666665,7.345833333333334,153.41208333333333,1.8841666666666663,10.355,224.79791666666665,1.7354166666666666,11.44875,230.13,0.0,64.2375,0.0,24.133750000000003,1013.0708333333332,10.70375,0.3566666666666667,21.57041666666667,22.005416666666665,7.345833333333334,153.41208333333333,1.8841666666666663,10.355,224.79791666666665,1.7354166666666666,11.44875,230.13,0.0,64.2375,0.0,24.133750000000003,1013.0708333333332,10.70375,0.3566666666666667,0.0,0.0
BSJ,Busselton Jetty,Feb. 12,"2023, 8 a.m.",12-Feb-23   8 a.m.,15,Fair,"Mostly flat, bit of a swell at the end of the jetty",2023,8 AM,Feb 12 2023 8 AM,2023-02-12 08:00:00,2023-02-12 08:00:00+08:00,2023-02-12 00:00:00+00:00,2023-02-12,00:00:00,348,2023-02-12,20.99833333333333,21.01458333333333,5.866666666666667,156.1675,2.1633333333333336,6.8254166666666665,226.56,1.97875,10.029166666666669,232.53916666666663,0.0,56.37083333333334,0.0,24.133750000000003,1014.3770833333332,9.608333333333333,0.315,20.99833333333333,21.01458333333333,5.866666666666667,156.1675,2.1633333333333336,6.8254166666666665,226.56,1.97875,10.029166666666669,232.53916666666663,0.0,56.37083333333334,0.0,24.133750000000003,1014.3770833333332,9.608333333333333,0.315,20.99833333333333,21.01458333333333,5.866666666666667,156.1675,2.1633333333333336,6.8254166666666665,226.56,1.97875,10.029166666666669,232.53916666666663,0.0,56.37083333333334,0.0,24.133750000000003,1014.3770833333332,9.608333333333333,0.315,0.0,0.0
MET,Mettam’s Pool,Feb. 8,"2023, 7 a.m.",8-Feb-23   7 a.m.,5,Fair,Calm conditions but a break over the reef,2023,7 AM,Feb 8 2023 7 AM,2023-02-08 07:00:00,2023-02-08 07:00:00+08:00,2023-02-07 23:00:00+00:00,2023-02-07,23:00:00,349,2023-02-07,23.715,22.771666666666665,7.6275,168.2025,1.6516666666666666,7.489999999999999,206.0183333333333,1.3704166666666666,8.939583333333333,212.68541666666667,0.0,54.7625,0.0,24.13458333333333,1010.19875,5.53,0.51,23.715,22.771666666666665,7.6275,168.2025,1.6516666666666666,7.489999999999999,206.0183333333333,1.3704166666666666,8.939583333333333,212.68541666666667,0.0,54.7625,0.0,24.13458333333333,1010.19875,5.53,0.51,23.715,22.771666666666665,7.6275,168.2025,1.6516666666666666,7.489999999999999,206.0183333333333,1.3704166666666666,8.939583333333333,212.68541666666667,0.0,54.7625,0.0,24.13458333333333,1010.19875,5.53,0.51,0.0,0.0
SCR,South Cottesloe Reef,Feb. 8,"2023, 6 a.m.",8-Feb-23   6 a.m.,7,Fair,Flat,2023,6 AM,Feb 8 2023 6 AM,2023-02-08 06:00:00,2023-02-08 06:00:00+08:00,2023-02-07 22:00:00+00:00,2023-02-07,22:00:00,350,2023-02-07,21.23375,22.641666666666666,6.65375,169.66375,1.4491666666666667,7.384583333333333,210.12750000000003,1.25875,8.5325,214.5954166666667,6.120833333333334,77.61666666666666,0.05,24.13458333333333,1010.6208333333334,9.112083333333333,0.5025000000000001,21.23375,22.641666666666666,6.65375,169.66375,1.4491666666666667,7.384583333333333,210.12750000000003,1.25875,8.5325,214.5954166666667,6.120833333333334,77.61666666666666,0.05,24.13458333333333,1010.6208333333334,9.112083333333333,0.5025000000000001,21.23375,22.641666666666666,6.65375,169.66375,1.4491666666666667,7.384583333333333,210.12750000000003,1.25875,8.5325,214.5954166666667,6.120833333333334,77.61666666666666,0.05,24.13458333333333,1010.6208333333334,9.112083333333333,0.5025000000000001,0.07,0.09
PRT,Port Beach,Feb. 6,"2023, 8 p.m.",6-Feb-23   8 p.m.,6,Fair,4-6m. Lots of Jellyfish,2023,8 PM,Feb 6 2023 8 PM,2023-02-06 20:00:00,2023-02-06 20:00:00+08:00,2023-02-06 12:00:00+00:00,2023-02-06,12:00:00,351,2023-02-06,20.96125,22.56583333333333,7.852083333333333,194.80666666666664,1.8741666666666663,8.0325,214.5925,1.5804166666666666,9.417083333333332,219.45625,15.404166666666669,80.64166666666667,0.04,24.13583333333333,1009.5820833333332,8.3075,0.4854166666666666,20.96125,22.56583333333333,7.852083333333333,194.80666666666664,1.8741666666666663,8.0325,214.5925,1.5804166666666666,9.417083333333332,219.45625,15.404166666666669,80.64166666666667,0.04,24.13583333333333,1009.5820833333332,8.3075,0.4854166666666666,20.96125,22.56583333333333,7.852083333333333,194.80666666666664,1.8741666666666663,8.0325,214.5925,1.5804166666666666,9.417083333333332,219.45625,15.404166666666669,80.64166666666667,0.04,24.13583333333333,1009.5820833333332,8.3075,0.4854166666666666,0.01,0.01
SCR,South Cottesloe Reef,Feb. 6,"2023, 6 a.m.",6-Feb-23   6 a.m.,3,Rough,Swelly!,2023,6 AM,Feb 6 2023 6 AM,2023-02-06 06:00:00,2023-02-06 06:00:00+08:00,2023-02-05 22:00:00+00:00,2023-02-05,22:00:00,352,2023-02-05,21.775,22.297083333333333,4.952083333333333,252.9175,1.6991666666666667,9.942083333333334,227.35458333333332,1.6391666666666669,10.289166666666668,227.8083333333333,5.825,87.2375,0.0,24.13208333333333,1006.0666666666666,7.696666666666666,0.4895833333333333,21.775,22.297083333333333,4.952083333333333,252.9175,1.6991666666666667,9.942083333333334,227.35458333333332,1.6391666666666669,10.289166666666668,227.8083333333333,5.825,87.2375,0.0,24.13208333333333,1006.0666666666666,7.696666666666666,0.4895833333333333,21.775,22.297083333333333,4.952083333333333,252.9175,1.6991666666666667,9.942083333333334,227.35458333333332,1.6391666666666669,10.289166666666668,227.8083333333333,5.825,87.2375,0.0,24.13208333333333,1006.0666666666666,7.696666666666666,0.4895833333333333,0.0,0.0
AMJ,Ammo Jetty,Feb. 5,"2023, 10 a.m.",5-Feb-23   10 a.m.,8,Fair,6-10m,2023,10 AM,Feb 5 2023 10 AM,2023-02-05 10:00:00,2023-02-05 10:00:00+08:00,2023-02-05 02:00:00+00:00,2023-02-05,02:00:00,353,2023-02-05,26.83833333333333,22.297083333333333,4.952083333333333,252.9175,1.6991666666666667,9.942083333333334,227.35458333333332,1.6391666666666669,10.289166666666668,227.8083333333333,7.133333333333333,52.92916666666667,0.0,24.13208333333333,1005.6775,3.859583333333333,0.4895833333333333,26.83833333333333,22.297083333333333,4.952083333333333,252.9175,1.6991666666666667,9.942083333333334,227.35458333333332,1.6391666666666669,10.289166666666668,227.8083333333333,7.133333333333333,52.92916666666667,0.0,24.13208333333333,1005.6775,3.859583333333333,0.4895833333333333,26.83833333333333,22.297083333333333,4.952083333333333,252.9175,1.6991666666666667,9.942083333333334,227.35458333333332,1.6391666666666669,10.289166666666668,227.8083333333333,7.133333333333333,52.92916666666667,0.0,24.13208333333333,1005.6775,3.859583333333333,0.4895833333333333,0.0,0.0
WAT,Watermans/North Beach,Feb. 4,"2023, 9 p.m.",4-Feb-23   9 p.m.,5,Fair,"MAAC, 23C  Very surgey despite low swell. Fair amount of weed in the water.",2023,9 PM,Feb 4 2023 9 PM,2023-02-04 21:00:00,2023-02-04 21:00:00+08:00,2023-02-04 13:00:00+00:00,2023-02-04,13:00:00,354,2023-02-04,24.417916666666667,22.38791666666667,5.45,145.63958333333332,1.4458333333333335,11.092916666666667,212.37375,1.3758333333333337,11.919583333333334,216.32666666666668,29.52083333333333,66.1125,0.0,24.13583333333333,1005.5345833333332,7.267916666666667,0.4691666666666667,24.417916666666667,22.38791666666667,5.45,145.63958333333332,1.4458333333333335,11.092916666666667,212.37375,1.3758333333333337,11.919583333333334,216.32666666666668,29.52083333333333,66.1125,0.0,24.13583333333333,1005.5345833333332,7.267916666666667,0.4691666666666667,24.417916666666667,22.38791666666667,5.45,145.63958333333332,1.4458333333333335,11.092916666666667,212.37375,1.3758333333333337,11.919583333333334,216.32666666666668,29.52083333333333,66.1125,0.0,24.13583333333333,1005.5345833333332,7.267916666666667,0.4691666666666667,0.0,0.0
SCR,South Cottesloe Reef,Feb. 4,"2023, 4 p.m.",4-Feb-23   4 p.m.,10,Fair,"Slight surge, varied cat sharks, numbray",2023,4 PM,Feb 4 2023 4 PM,2023-02-04 16:00:00,2023-02-04 16:00:00+08:00,2023-02-04 08:00:00+00:00,2023-02-04,08:00:00,355,2023-02-04,24.417916666666667,22.471666666666668,4.787083333333333,145.41958333333332,1.28,11.280833333333334,218.38541666666663,1.2270833333333333,11.979583333333332,223.0220833333333,29.52083333333333,66.1125,0.0,24.13583333333333,1005.5345833333332,7.267916666666667,0.4608333333333334,24.417916666666667,22.471666666666668,4.787083333333333,145.41958333333332,1.28,11.280833333333334,218.38541666666663,1.2270833333333333,11.979583333333332,223.0220833333333,29.52083333333333,66.1125,0.0,24.13583333333333,1005.5345833333332,7.267916666666667,0.4608333333333334,24.417916666666667,22.471666666666668,4.787083333333333,145.41958333333332,1.28,11.280833333333334,218.38541666666663,1.2270833333333333,11.979583333333332,223.0220833333333,29.52083333333333,66.1125,0.0,24.13583333333333,1005.5345833333332,7.267916666666667,0.4608333333333334,0.0,0.0
RTS,Rottnest South,Feb. 4,"2023, 1 p.m.",4-Feb-23   1 p.m.,15,Fair,Little salmon bay. Beautiful when the sun was out. A bit choppy above the water.,2023,1 PM,Feb 4 2023 1 PM,2023-02-04 13:00:00,2023-02-04 13:00:00+08:00,2023-02-04 05:00:00+00:00,2023-02-04,05:00:00,356,2023-02-04,24.417916666666667,22.471666666666668,4.787083333333333,145.41958333333332,1.28,11.280833333333334,218.38541666666663,1.2270833333333333,11.979583333333332,223.0220833333333,29.52083333333333,66.1125,0.0,24.13583333333333,1005.5345833333332,7.267916666666667,0.4608333333333334,24.417916666666667,22.471666666666668,4.787083333333333,145.41958333333332,1.28,11.280833333333334,218.38541666666663,1.2270833333333333,11.979583333333332,223.0220833333333,29.52083333333333,66.1125,0.0,24.13583333333333,1005.5345833333332,7.267916666666667,0.4608333333333334,24.417916666666667,22.471666666666668,4.787083333333333,145.41958333333332,1.28,11.280833333333334,218.38541666666663,1.2270833333333333,11.979583333333332,223.0220833333333,29.52083333333333,66.1125,0.0,24.13583333333333,1005.5345833333332,7.267916666666667,0.4608333333333334,0.0,0.0
RNN,Rottnest North,Feb. 4,"2023, 9 a.m.",4-Feb-23   9 a.m.,15,Fair,Little Armstrong bay. Cloudy skies made via a bit poorer than it would have been if sunny,2023,9 AM,Feb 4 2023 9 AM,2023-02-04 09:00:00,2023-02-04 09:00:00+08:00,2023-02-04 01:00:00+00:00,2023-02-04,01:00:00,357,2023-02-04,24.417916666666667,22.471666666666668,4.787083333333333,145.41958333333332,1.28,11.280833333333334,218.38541666666663,1.2270833333333333,11.979583333333332,223.0220833333333,29.52083333333333,66.1125,0.0,24.13583333333333,1005.5345833333332,7.267916666666667,0.4608333333333334,24.417916666666667,22.471666666666668,4.787083333333333,145.41958333333332,1.28,11.280833333333334,218.38541666666663,1.2270833333333333,11.979583333333332,223.0220833333333,29.52083333333333,66.1125,0.0,24.13583333333333,1005.5345833333332,7.267916666666667,0.4608333333333334,24.417916666666667,22.471666666666668,4.787083333333333,145.41958333333332,1.28,11.280833333333334,218.38541666666663,1.2270833333333333,11.979583333333332,223.0220833333333,29.52083333333333,66.1125,0.0,24.13583333333333,1005.5345833333332,7.267916666666667,0.4608333333333334,0.0,0.0
PPR,Point Peron,Feb. 4,"2023, 7 a.m.",4-Feb-23   7 a.m.,5,Windy,Better further out,2023,7 AM,Feb 4 2023 7 AM,2023-02-04 07:00:00,2023-02-04 07:00:00+08:00,2023-02-03 23:00:00+00:00,2023-02-03,23:00:00,358,2023-02-03,23.48333333333333,21.885,4.921666666666667,132.35833333333332,1.0416666666666667,10.214166666666666,213.72708333333333,0.99,10.992916666666666,219.30041666666668,51.0125,61.88333333333333,0.0,24.135416666666668,1009.485,9.640416666666669,0.4075,23.48333333333333,21.885,4.921666666666667,132.35833333333332,1.0416666666666667,10.214166666666666,213.72708333333333,0.99,10.992916666666666,219.30041666666668,51.0125,61.88333333333333,0.0,24.135416666666668,1009.485,9.640416666666669,0.4075,23.48333333333333,21.885,4.921666666666667,132.35833333333332,1.0416666666666667,10.214166666666666,213.72708333333333,0.99,10.992916666666666,219.30041666666668,51.0125,61.88333333333333,0.0,24.135416666666668,1009.485,9.640416666666669,0.4075,0.0,0.0
PEN,Penguin Island,Feb. 3,"2023, 10 a.m.",3-Feb-23   10 a.m.,10,Fair,Shag Islands,2023,10 AM,Feb 3 2023 10 AM,2023-02-03 10:00:00,2023-02-03 10:00:00+08:00,2023-02-03 02:00:00+00:00,2023-02-03,02:00:00,359,2023-02-03,23.48333333333333,21.885,4.921666666666667,132.35833333333332,1.0416666666666667,10.214166666666666,213.72708333333333,0.99,10.992916666666666,219.30041666666668,51.0125,61.88333333333333,0.0,24.135416666666668,1009.485,9.640416666666669,0.4075,23.48333333333333,21.885,4.921666666666667,132.35833333333332,1.0416666666666667,10.214166666666666,213.72708333333333,0.99,10.992916666666666,219.30041666666668,51.0125,61.88333333333333,0.0,24.135416666666668,1009.485,9.640416666666669,0.4075,23.48333333333333,21.885,4.921666666666667,132.35833333333332,1.0416666666666667,10.214166666666666,213.72708333333333,0.99,10.992916666666666,219.30041666666668,51.0125,61.88333333333333,0.0,24.135416666666668,1009.485,9.640416666666669,0.4075,0.0,0.0
RNN,Rottnest North,Jan. 30,"2023, noon",30-Jan-23   12 p.m.,20,Fair,Roe Reef,2023,12 PM,Jan 30 2023 12 PM,2023-01-30 12:00:00,2023-01-30 12:00:00+08:00,2023-01-30 04:00:00+00:00,2023-01-30,04:00:00,360,2023-01-30,22.91541666666667,21.199166666666667,5.43375,173.22583333333333,2.0329166666666665,10.405,211.9858333333333,1.9925,10.71125,212.90625,32.67916666666667,72.075,0.0,24.13458333333333,1008.6329166666666,10.675416666666663,0.3441666666666667,22.91541666666667,21.199166666666667,5.43375,173.22583333333333,2.0329166666666665,10.405,211.9858333333333,1.9925,10.71125,212.90625,32.67916666666667,72.075,0.0,24.13458333333333,1008.6329166666666,10.675416666666663,0.3441666666666667,22.91541666666667,21.199166666666667,5.43375,173.22583333333333,2.0329166666666665,10.405,211.9858333333333,1.9925,10.71125,212.90625,32.67916666666667,72.075,0.0,24.13458333333333,1008.6329166666666,10.675416666666663,0.3441666666666667,0.0,0.0
CAN,Canal Rocks,Jan. 29,"2023, 8 p.m.",29-Jan-23   8 p.m.,15,Fair,Shore dive. Weedies a plenty.,2023,8 PM,Jan 29 2023 8 PM,2023-01-29 20:00:00,2023-01-29 20:00:00+08:00,2023-01-29 12:00:00+00:00,2023-01-29,12:00:00,361,2023-01-29,19.971666666666668,19.92083333333333,6.882916666666667,159.57166666666666,1.8125,6.123333333333334,209.86458333333331,1.6116666666666666,9.300416666666669,215.82083333333333,80.40416666666667,67.8,0.0,24.13625,1011.815,10.83125,0.28875,19.971666666666668,19.92083333333333,6.882916666666667,159.57166666666666,1.8125,6.123333333333334,209.86458333333331,1.6116666666666666,9.300416666666669,215.82083333333333,80.40416666666667,67.8,0.0,24.13625,1011.815,10.83125,0.28875,19.971666666666668,19.92083333333333,6.882916666666667,159.57166666666666,1.8125,6.123333333333334,209.86458333333331,1.6116666666666666,9.300416666666669,215.82083333333333,80.40416666666667,67.8,0.0,24.13625,1011.815,10.83125,0.28875,0.0,0.0
WAT,Watermans/North Beach,Jan. 29,"2023, 9 a.m.",29-Jan-23   9 a.m.,6,Fair,MAAC,2023,9 AM,Jan 29 2023 9 AM,2023-01-29 09:00:00,2023-01-29 09:00:00+08:00,2023-01-29 01:00:00+00:00,2023-01-29,01:00:00,362,2023-01-29,22.855,20.874583333333334,7.71,152.1175,1.9908333333333332,9.107083333333334,203.66166666666663,1.75625,10.408333333333331,210.73833333333332,59.49166666666667,66.72500000000001,0.0,24.13625,1008.79875,9.953333333333331,0.31,22.855,20.874583333333334,7.71,152.1175,1.9908333333333332,9.107083333333334,203.66166666666663,1.75625,10.408333333333331,210.73833333333332,59.49166666666667,66.72500000000001,0.0,24.13625,1008.79875,9.953333333333331,0.31,22.855,20.874583333333334,7.71,152.1175,1.9908333333333332,9.107083333333334,203.66166666666663,1.75625,10.408333333333331,210.73833333333332,59.49166666666667,66.72500000000001,0.0,24.13625,1008.79875,9.953333333333331,0.31,0.0,0.0
BSJ,Busselton Jetty,Jan. 29,"2023, 9 a.m.",29-Jan-23   9 a.m.,20,Fair,Awesome dive.  No current. Very pleasant,2023,9 AM,Jan 29 2023 9 AM,2023-01-29 09:00:00,2023-01-29 09:00:00+08:00,2023-01-29 01:00:00+00:00,2023-01-29,01:00:00,363,2023-01-29,22.515833333333333,20.00958333333333,6.37375,166.82958333333332,1.8125,6.123333333333334,209.86458333333331,1.6116666666666666,9.300416666666669,215.82083333333333,71.61666666666666,54.5,0.0,24.13625,1011.3941666666666,8.781666666666666,0.2695833333333333,22.515833333333333,20.00958333333333,6.37375,166.82958333333332,1.8125,6.123333333333334,209.86458333333331,1.6116666666666666,9.300416666666669,215.82083333333333,71.61666666666666,54.5,0.0,24.13625,1011.3941666666666,8.781666666666666,0.2695833333333333,22.515833333333333,20.00958333333333,6.37375,166.82958333333332,1.8125,6.123333333333334,209.86458333333331,1.6116666666666666,9.300416666666669,215.82083333333333,71.61666666666666,54.5,0.0,24.13625,1011.3941666666666,8.781666666666666,0.2695833333333333,0.0,0.02
SWA,Ex-HMAS Swan Wreck,Jan. 27,"2023, 1 p.m.",27-Jan-23   1 p.m.,20,Fair,-,2023,1 PM,Jan 27 2023 1 PM,2023-01-27 13:00:00,2023-01-27 13:00:00+08:00,2023-01-27 05:00:00+00:00,2023-01-27,05:00:00,364,2023-01-27,17.247916666666665,20.452916666666667,8.332083333333333,164.62916666666666,1.8575,5.3620833333333335,215.295,1.5120833333333332,7.81125,225.36166666666668,17.245833333333334,71.26666666666667,0.21,23.63583333333333,1012.24125,10.631666666666666,0.31,17.247916666666665,20.452916666666667,8.332083333333333,164.62916666666666,1.8575,5.3620833333333335,215.295,1.5120833333333332,7.81125,225.36166666666668,17.245833333333334,71.26666666666667,0.21,23.63583333333333,1012.24125,10.631666666666666,0.31,17.247916666666665,20.452916666666667,8.332083333333333,164.62916666666666,1.8575,5.3620833333333335,215.295,1.5120833333333332,7.81125,225.36166666666668,17.245833333333334,71.26666666666667,0.21,23.63583333333333,1012.24125,10.631666666666666,0.31,0.33,0.33
CRN,Carnac Island,Jan. 26,"2023, 10 a.m.",26-Jan-23   10 a.m.,10,Fair,Stragglers Rock.  Fair bit of surge.,2023,10 AM,Jan 26 2023 10 AM,2023-01-26 10:00:00,2023-01-26 10:00:00+08:00,2023-01-26 02:00:00+00:00,2023-01-26,02:00:00,365,2023-01-26,20.7275,22.92833333333333,7.581666666666667,182.73541666666665,1.6754166666666668,8.213333333333333,213.26375,1.3724999999999998,9.737083333333333,220.22166666666664,37.65416666666666,73.09583333333333,0.0,24.13625,1010.18625,10.161666666666669,0.4345833333333333,20.7275,22.92833333333333,7.581666666666667,182.73541666666665,1.6754166666666668,8.213333333333333,213.26375,1.3724999999999998,9.737083333333333,220.22166666666664,37.65416666666666,73.09583333333333,0.0,24.13625,1010.18625,10.161666666666669,0.4345833333333333,20.7275,22.92833333333333,7.581666666666667,182.73541666666665,1.6754166666666668,8.213333333333333,213.26375,1.3724999999999998,9.737083333333333,220.22166666666664,37.65416666666666,73.09583333333333,0.0,24.13625,1010.18625,10.161666666666669,0.4345833333333333,0.0,0.0
CAN,Canal Rocks,Jan. 26,"2023, 10 a.m.",26-Jan-23   10 a.m.,15,Fair,Coen disagrees and says it was less,2023,10 AM,Jan 26 2023 10 AM,2023-01-26 10:00:00,2023-01-26 10:00:00+08:00,2023-01-26 02:00:00+00:00,2023-01-26,02:00:00,366,2023-01-26,19.136666666666667,20.87666666666667,6.262083333333333,201.64625,1.4375,5.577500000000001,219.30916666666667,1.1766666666666663,8.8725,223.05875,49.59583333333333,74.57083333333334,0.12,23.886666666666667,1011.53375,8.024166666666666,0.4112499999999999,19.136666666666667,20.87666666666667,6.262083333333333,201.64625,1.4375,5.577500000000001,219.30916666666667,1.1766666666666663,8.8725,223.05875,49.59583333333333,74.57083333333334,0.12,23.886666666666667,1011.53375,8.024166666666666,0.4112499999999999,19.136666666666667,20.87666666666667,6.262083333333333,201.64625,1.4375,5.577500000000001,219.30916666666667,1.1766666666666663,8.8725,223.05875,49.59583333333333,74.57083333333334,0.12,23.886666666666667,1011.53375,8.024166666666666,0.4112499999999999,0.0,0.0
FRE,South Fremantle,Jan. 25,"2023, 8 p.m.",25-Jan-23   8 p.m.,4,Windy,"4m off shore, or along South Mole. 0-1m in close.",2023,8 PM,Jan 25 2023 8 PM,2023-01-25 20:00:00,2023-01-25 20:00:00+08:00,2023-01-25 12:00:00+00:00,2023-01-25,12:00:00,367,2023-01-25,21.567083333333333,22.455,7.531666666666666,154.36833333333334,1.7820833333333337,8.619583333333333,212.1158333333333,1.555416666666667,9.972083333333334,218.50458333333333,0.0,69.5125,0.0,24.136666666666667,1012.9479166666666,10.57375,0.4175,21.567083333333333,22.455,7.531666666666666,154.36833333333334,1.7820833333333337,8.619583333333333,212.1158333333333,1.555416666666667,9.972083333333334,218.50458333333333,0.0,69.5125,0.0,24.136666666666667,1012.9479166666666,10.57375,0.4175,21.567083333333333,22.455,7.531666666666666,154.36833333333334,1.7820833333333337,8.619583333333333,212.1158333333333,1.555416666666667,9.972083333333334,218.50458333333333,0.0,69.5125,0.0,24.136666666666667,1012.9479166666666,10.57375,0.4175,0.0,0.0
AMJ,Ammo Jetty,Jan. 22,"2023, 8 a.m.",22-Jan-23   8 a.m.,7,Fair,-,2023,8 AM,Jan 22 2023 8 AM,2023-01-22 08:00:00,2023-01-22 08:00:00+08:00,2023-01-22 00:00:00+00:00,2023-01-22,00:00:00,368,2023-01-22,27.88208333333333,21.83125,3.2325,241.72333333333333,1.0475,7.874166666666666,226.48833333333332,1.0425,7.97,226.24041666666665,0.0,44.07083333333333,0.0,24.13625,1008.8754166666666,4.619583333333334,0.365,27.88208333333333,21.83125,3.2325,241.72333333333333,1.0475,7.874166666666666,226.48833333333332,1.0425,7.97,226.24041666666665,0.0,44.07083333333333,0.0,24.13625,1008.8754166666666,4.619583333333334,0.365,27.88208333333333,21.83125,3.2325,241.72333333333333,1.0475,7.874166666666666,226.48833333333332,1.0425,7.97,226.24041666666665,0.0,44.07083333333333,0.0,24.13625,1008.8754166666666,4.619583333333334,0.365,0.03,0.19
CMT,Coogee Maritime Trail,Jan. 22,"2023, 8 a.m.",22-Jan-23   8 a.m.,10,Fair,"Lovely conditions, better than Friday",2023,8 AM,Jan 22 2023 8 AM,2023-01-22 08:00:00,2023-01-22 08:00:00+08:00,2023-01-22 00:00:00+00:00,2023-01-22,00:00:00,369,2023-01-22,27.88208333333333,21.83125,3.2325,241.72333333333333,1.0475,7.874166666666666,226.48833333333332,1.0425,7.97,226.24041666666665,0.0,44.07083333333333,0.0,24.13625,1008.8754166666666,4.619583333333334,0.365,27.88208333333333,21.83125,3.2325,241.72333333333333,1.0475,7.874166666666666,226.48833333333332,1.0425,7.97,226.24041666666665,0.0,44.07083333333333,0.0,24.13625,1008.8754166666666,4.619583333333334,0.365,27.88208333333333,21.83125,3.2325,241.72333333333333,1.0475,7.874166666666666,226.48833333333332,1.0425,7.97,226.24041666666665,0.0,44.07083333333333,0.0,24.13625,1008.8754166666666,4.619583333333334,0.365,0.03,0.19
SGR,Sue's Groyne,Jan. 22,"2023, 7 a.m.",22-Jan-23   7 a.m.,8,Fair,Sue’s Groyne again.   Great range of corals and critters.,2023,7 AM,Jan 22 2023 7 AM,2023-01-22 07:00:00,2023-01-22 07:00:00+08:00,2023-01-21 23:00:00+00:00,2023-01-21,23:00:00,370,2023-01-21,31.512916666666666,21.19708333333333,2.494166666666666,214.1641666666667,0.7754166666666666,9.382916666666668,221.1808333333333,0.7716666666666666,9.45125,221.1208333333333,47.24166666666667,26.55,0.03,24.1375,1007.1454166666668,6.215833333333333,0.3491666666666666,31.512916666666666,21.19708333333333,2.494166666666666,214.1641666666667,0.7754166666666666,9.382916666666668,221.1808333333333,0.7716666666666666,9.45125,221.1208333333333,47.24166666666667,26.55,0.03,24.1375,1007.1454166666668,6.215833333333333,0.3491666666666666,31.512916666666666,21.19708333333333,2.494166666666666,214.1641666666667,0.7754166666666666,9.382916666666668,221.1808333333333,0.7716666666666666,9.45125,221.1208333333333,47.24166666666667,26.55,0.03,24.1375,1007.1454166666668,6.215833333333333,0.3491666666666666,0.03,0.21
AMJ,Ammo Jetty,Jan. 21,"2023, 4 p.m.",21-Jan-23   4 p.m.,5,Fair,Vis dropped near the centre of the jetty but cleared further out.  Good range of things to look at.,2023,4 PM,Jan 21 2023 4 PM,2023-01-21 16:00:00,2023-01-21 16:00:00+08:00,2023-01-21 08:00:00+00:00,2023-01-21,08:00:00,371,2023-01-21,31.512916666666666,21.19708333333333,2.494166666666666,214.1641666666667,0.7754166666666666,9.382916666666668,221.1808333333333,0.7716666666666666,9.45125,221.1208333333333,47.24166666666667,26.55,0.03,24.1375,1007.1454166666668,6.215833333333333,0.3491666666666666,31.512916666666666,21.19708333333333,2.494166666666666,214.1641666666667,0.7754166666666666,9.382916666666668,221.1808333333333,0.7716666666666666,9.45125,221.1208333333333,47.24166666666667,26.55,0.03,24.1375,1007.1454166666668,6.215833333333333,0.3491666666666666,31.512916666666666,21.19708333333333,2.494166666666666,214.1641666666667,0.7754166666666666,9.382916666666668,221.1808333333333,0.7716666666666666,9.45125,221.1208333333333,47.24166666666667,26.55,0.03,24.1375,1007.1454166666668,6.215833333333333,0.3491666666666666,0.04,0.22
RTS,Rottnest South,Jan. 21,"2023, 9 a.m.",21-Jan-23   9 a.m.,20,Fair,Little salmon bay,2023,9 AM,Jan 21 2023 9 AM,2023-01-21 09:00:00,2023-01-21 09:00:00+08:00,2023-01-21 01:00:00+00:00,2023-01-21,01:00:00,372,2023-01-21,23.207916666666662,21.19708333333333,2.494166666666666,214.1641666666667,0.7754166666666666,9.382916666666668,221.1808333333333,0.7716666666666666,9.45125,221.1208333333333,34.9,73.2375,0.0,24.1375,1007.2170833333332,4.17375,0.3491666666666666,23.207916666666662,21.19708333333333,2.494166666666666,214.1641666666667,0.7754166666666666,9.382916666666668,221.1808333333333,0.7716666666666666,9.45125,221.1208333333333,34.9,73.2375,0.0,24.1375,1007.2170833333332,4.17375,0.3491666666666666,23.207916666666662,21.19708333333333,2.494166666666666,214.1641666666667,0.7754166666666666,9.382916666666668,221.1808333333333,0.7716666666666666,9.45125,221.1208333333333,34.9,73.2375,0.0,24.1375,1007.2170833333332,4.17375,0.3491666666666666,0.0,0.0
MET,Mettam’s Pool,Jan. 21,"2023, 9 a.m.",21-Jan-23   9 a.m.,8,Fair,"Hammersley Pool. Beautiful limestone reef arches. Western Pomfreds, Banded Sweeps, Scalyfins, Breams",2023,9 AM,Jan 21 2023 9 AM,2023-01-21 09:00:00,2023-01-21 09:00:00+08:00,2023-01-21 01:00:00+00:00,2023-01-21,01:00:00,373,2023-01-21,31.512916666666666,21.42083333333333,2.333333333333333,198.04875,0.8891666666666667,9.344166666666666,217.4870833333333,0.8866666666666667,9.396666666666668,217.38791666666668,47.24166666666667,26.55,0.03,24.1375,1007.1454166666668,6.215833333333333,0.3562499999999999,31.512916666666666,21.42083333333333,2.333333333333333,198.04875,0.8891666666666667,9.344166666666666,217.4870833333333,0.8866666666666667,9.396666666666668,217.38791666666668,47.24166666666667,26.55,0.03,24.1375,1007.1454166666668,6.215833333333333,0.3562499999999999,31.512916666666666,21.42083333333333,2.333333333333333,198.04875,0.8891666666666667,9.344166666666666,217.4870833333333,0.8866666666666667,9.396666666666668,217.38791666666668,47.24166666666667,26.55,0.03,24.1375,1007.1454166666668,6.215833333333333,0.3562499999999999,0.15,0.22
WAT,Watermans/North Beach,Jan. 21,"2023, 9 a.m.",21-Jan-23   9 a.m.,8,Fair,MAAC.,2023,9 AM,Jan 21 2023 9 AM,2023-01-21 09:00:00,2023-01-21 09:00:00+08:00,2023-01-21 01:00:00+00:00,2023-01-21,01:00:00,374,2023-01-21,23.207916666666662,21.42083333333333,2.333333333333333,198.04875,0.8891666666666667,9.344166666666666,217.4870833333333,0.8866666666666667,9.396666666666668,217.38791666666668,34.9,73.2375,0.0,24.1375,1007.2170833333332,4.17375,0.3562499999999999,23.207916666666662,21.42083333333333,2.333333333333333,198.04875,0.8891666666666667,9.344166666666666,217.4870833333333,0.8866666666666667,9.396666666666668,217.38791666666668,34.9,73.2375,0.0,24.1375,1007.2170833333332,4.17375,0.3562499999999999,23.207916666666662,21.42083333333333,2.333333333333333,198.04875,0.8891666666666667,9.344166666666666,217.4870833333333,0.8866666666666667,9.396666666666668,217.38791666666668,34.9,73.2375,0.0,24.1375,1007.2170833333332,4.17375,0.3562499999999999,0.0,0.0
HIL,Hillarys,Jan. 21,"2023, 9 a.m.",21-Jan-23   9 a.m.,8,Glassy,North wall.  Great morning.,2023,9 AM,Jan 21 2023 9 AM,2023-01-21 09:00:00,2023-01-21 09:00:00+08:00,2023-01-21 01:00:00+00:00,2023-01-21,01:00:00,375,2023-01-21,23.207916666666662,21.42083333333333,2.333333333333333,198.04875,0.8891666666666667,9.344166666666666,217.4870833333333,0.8866666666666667,9.396666666666668,217.38791666666668,34.9,73.2375,0.0,24.1375,1007.2170833333332,4.17375,0.3562499999999999,23.207916666666662,21.42083333333333,2.333333333333333,198.04875,0.8891666666666667,9.344166666666666,217.4870833333333,0.8866666666666667,9.396666666666668,217.38791666666668,34.9,73.2375,0.0,24.1375,1007.2170833333332,4.17375,0.3562499999999999,23.207916666666662,21.42083333333333,2.333333333333333,198.04875,0.8891666666666667,9.344166666666666,217.4870833333333,0.8866666666666667,9.396666666666668,217.38791666666668,34.9,73.2375,0.0,24.1375,1007.2170833333332,4.17375,0.3562499999999999,0.0,0.0
CMT,Coogee Maritime Trail,Jan. 20,"2023, 8 a.m.",20-Jan-23   8 a.m.,6,Fair,"Good over omeo, still a bit green",2023,8 AM,Jan 20 2023 8 AM,2023-01-20 08:00:00,2023-01-20 08:00:00+08:00,2023-01-20 00:00:00+00:00,2023-01-20,00:00:00,376,2023-01-20,29.340416666666663,21.42625,4.979583333333333,136.5175,0.9941666666666666,7.870833333333334,210.78416666666664,0.8720833333333333,9.124166666666666,215.70208333333332,42.74583333333334,37.21666666666666,0.18,24.135416666666668,1008.2825,7.885833333333333,0.37625,29.340416666666663,21.42625,4.979583333333333,136.5175,0.9941666666666666,7.870833333333334,210.78416666666664,0.8720833333333333,9.124166666666666,215.70208333333332,42.74583333333334,37.21666666666666,0.18,24.135416666666668,1008.2825,7.885833333333333,0.37625,29.340416666666663,21.42625,4.979583333333333,136.5175,0.9941666666666666,7.870833333333334,210.78416666666664,0.8720833333333333,9.124166666666666,215.70208333333332,42.74583333333334,37.21666666666666,0.18,24.135416666666668,1008.2825,7.885833333333333,0.37625,0.06,0.06
HIL,Hillarys,Jan. 20,"2023, 7 a.m.",20-Jan-23   7 a.m.,6,Fair,Maac club. Bit of life out there today. A bit of particles in water reducing vis to 4 at points.,2023,7 AM,Jan 20 2023 7 AM,2023-01-20 07:00:00,2023-01-20 07:00:00+08:00,2023-01-19 23:00:00+00:00,2023-01-19,23:00:00,377,2023-01-19,22.642916666666665,21.09875,4.85625,122.67125,1.2420833333333332,8.605416666666667,204.4425,1.153333333333333,9.415416666666667,210.10166666666663,25.89583333333333,67.89583333333333,0.0,24.1375,1009.47625,8.555416666666668,0.32375,22.642916666666665,21.09875,4.85625,122.67125,1.2420833333333332,8.605416666666667,204.4425,1.153333333333333,9.415416666666667,210.10166666666663,25.89583333333333,67.89583333333333,0.0,24.1375,1009.47625,8.555416666666668,0.32375,22.642916666666665,21.09875,4.85625,122.67125,1.2420833333333332,8.605416666666667,204.4425,1.153333333333333,9.415416666666667,210.10166666666663,25.89583333333333,67.89583333333333,0.0,24.1375,1009.47625,8.555416666666668,0.32375,0.0,0.0
SCR,South Cottesloe Reef,Jan. 20,"2023, 7 a.m.",20-Jan-23   7 a.m.,12,Glassy,"Stunning, lots of fish",2023,7 AM,Jan 20 2023 7 AM,2023-01-20 07:00:00,2023-01-20 07:00:00+08:00,2023-01-19 23:00:00+00:00,2023-01-19,23:00:00,378,2023-01-19,22.642916666666665,21.385416666666668,3.8125,135.63375,1.0525,8.7675,210.2670833333333,1.01625,9.1975,213.16625,25.89583333333333,67.89583333333333,0.0,24.1375,1009.47625,8.555416666666668,0.31,22.642916666666665,21.385416666666668,3.8125,135.63375,1.0525,8.7675,210.2670833333333,1.01625,9.1975,213.16625,25.89583333333333,67.89583333333333,0.0,24.1375,1009.47625,8.555416666666668,0.31,22.642916666666665,21.385416666666668,3.8125,135.63375,1.0525,8.7675,210.2670833333333,1.01625,9.1975,213.16625,25.89583333333333,67.89583333333333,0.0,24.1375,1009.47625,8.555416666666668,0.31,0.0,0.0
PPR,Point Peron,Jan. 19,"2023, 11 a.m.",19-Jan-23   11 a.m.,5,Fair,-,2023,11 AM,Jan 19 2023 11 AM,2023-01-19 11:00:00,2023-01-19 11:00:00+08:00,2023-01-19 03:00:00+00:00,2023-01-19,03:00:00,379,2023-01-19,22.28916666666667,20.933333333333334,4.095,141.92,0.8966666666666666,8.909583333333334,215.2058333333333,0.8675,9.335416666666667,217.95666666666668,11.925,66.41250000000001,0.06,24.1375,1010.12,9.897083333333333,0.2983333333333333,22.28916666666667,20.933333333333334,4.095,141.92,0.8966666666666666,8.909583333333334,215.2058333333333,0.8675,9.335416666666667,217.95666666666668,11.925,66.41250000000001,0.06,24.1375,1010.12,9.897083333333333,0.2983333333333333,22.28916666666667,20.933333333333334,4.095,141.92,0.8966666666666666,8.909583333333334,215.2058333333333,0.8675,9.335416666666667,217.95666666666668,11.925,66.41250000000001,0.06,24.1375,1010.12,9.897083333333333,0.2983333333333333,0.0,0.0
RKM,Rockingham Dive Trail,Jan. 18,"2023, 8 p.m.",18-Jan-23   8 p.m.,5,Fair,"Good night dive.  Lionfish,scorpion fish, boar fish and seahorses seen as well as the usual suspects",2023,8 PM,Jan 18 2023 8 PM,2023-01-18 20:00:00,2023-01-18 20:00:00+08:00,2023-01-18 12:00:00+00:00,2023-01-18,12:00:00,380,2023-01-18,20.50625,21.41,6.657916666666666,137.93416666666667,1.4441666666666666,9.520833333333334,213.66708333333332,1.3229166666666667,10.64,220.65833333333333,65.80416666666666,62.3625,0.0,24.135,1015.3833333333332,11.3575,0.2841666666666667,20.50625,21.41,6.657916666666666,137.93416666666667,1.4441666666666666,9.520833333333334,213.66708333333332,1.3229166666666667,10.64,220.65833333333333,65.80416666666666,62.3625,0.0,24.135,1015.3833333333332,11.3575,0.2841666666666667,20.50625,21.41,6.657916666666666,137.93416666666667,1.4441666666666666,9.520833333333334,213.66708333333332,1.3229166666666667,10.64,220.65833333333333,65.80416666666666,62.3625,0.0,24.135,1015.3833333333332,11.3575,0.2841666666666667,0.0,0.0
AMJ,Ammo Jetty,Jan. 17,"2023, 8 a.m.",17-Jan-23   8 a.m.,3,Fair,-,2023,8 AM,Jan 17 2023 8 AM,2023-01-17 08:00:00,2023-01-17 08:00:00+08:00,2023-01-17 00:00:00+00:00,2023-01-17,00:00:00,381,2023-01-17,21.121666666666663,21.7725,9.090833333333334,147.76583333333335,2.35125,10.4275,211.4558333333333,2.15,11.62375,218.6845833333333,4.729166666666667,35.604166666666664,0.0,24.1375,1016.9966666666666,9.878333333333332,0.2845833333333333,21.121666666666663,21.7725,9.090833333333334,147.76583333333335,2.35125,10.4275,211.4558333333333,2.15,11.62375,218.6845833333333,4.729166666666667,35.604166666666664,0.0,24.1375,1016.9966666666666,9.878333333333332,0.2845833333333333,21.121666666666663,21.7725,9.090833333333334,147.76583333333335,2.35125,10.4275,211.4558333333333,2.15,11.62375,218.6845833333333,4.729166666666667,35.604166666666664,0.0,24.1375,1016.9966666666666,9.878333333333332,0.2845833333333333,0.0,0.0
SGR,Sue's Groyne,Jan. 16,"2023, 8 p.m.",16-Jan-23   8 p.m.,6,Windy,"Was actually Sue’s Groyne, on the power station side. Not the wreck side.",2023,8 PM,Jan 16 2023 8 PM,2023-01-16 20:00:00,2023-01-16 20:00:00+08:00,2023-01-16 12:00:00+00:00,2023-01-16,12:00:00,382,2023-01-16,19.61208333333333,21.701666666666668,10.333333333333334,171.54958333333332,2.4391666666666665,8.102083333333333,208.71833333333333,1.7229166666666669,10.29625,223.4325,0.0,42.17916666666667,0.0,24.136666666666667,1013.7029166666666,9.59625,0.2175,19.61208333333333,21.701666666666668,10.333333333333334,171.54958333333332,2.4391666666666665,8.102083333333333,208.71833333333333,1.7229166666666669,10.29625,223.4325,0.0,42.17916666666667,0.0,24.136666666666667,1013.7029166666666,9.59625,0.2175,19.61208333333333,21.701666666666668,10.333333333333334,171.54958333333332,2.4391666666666665,8.102083333333333,208.71833333333333,1.7229166666666669,10.29625,223.4325,0.0,42.17916666666667,0.0,24.136666666666667,1013.7029166666666,9.59625,0.2175,0.0,0.0
SCR,South Cottesloe Reef,Jan. 15,"2023, noon",15-Jan-23   12 p.m.,8,Fair,"Very lively, northern reef",2023,12 PM,Jan 15 2023 12 PM,2023-01-15 12:00:00,2023-01-15 12:00:00+08:00,2023-01-15 04:00:00+00:00,2023-01-15,04:00:00,383,2023-01-15,20.00625,21.826666666666668,9.260833333333332,186.02125,2.191666666666667,9.00125,215.05166666666665,1.62125,11.110416666666666,225.42416666666668,62.708333333333336,69.325,0.0,24.135416666666668,1009.05,13.06375,0.2266666666666666,20.00625,21.826666666666668,9.260833333333332,186.02125,2.191666666666667,9.00125,215.05166666666665,1.62125,11.110416666666666,225.42416666666668,62.708333333333336,69.325,0.0,24.135416666666668,1009.05,13.06375,0.2266666666666666,20.00625,21.826666666666668,9.260833333333332,186.02125,2.191666666666667,9.00125,215.05166666666665,1.62125,11.110416666666666,225.42416666666668,62.708333333333336,69.325,0.0,24.135416666666668,1009.05,13.06375,0.2266666666666666,0.0,0.0
PEN,Penguin Island,Jan. 15,"2023, 10 a.m.",15-Jan-23   10 a.m.,8,Fair,Shag Islands,2023,10 AM,Jan 15 2023 10 AM,2023-01-15 10:00:00,2023-01-15 10:00:00+08:00,2023-01-15 02:00:00+00:00,2023-01-15,02:00:00,384,2023-01-15,19.48375,21.164166666666667,9.5675,186.31583333333333,1.94,8.89625,218.58125,1.4254166666666668,11.096666666666666,230.21291666666664,52.175,67.65833333333333,0.0,24.135416666666668,1009.80375,12.047083333333331,0.2262499999999999,19.48375,21.164166666666667,9.5675,186.31583333333333,1.94,8.89625,218.58125,1.4254166666666668,11.096666666666666,230.21291666666664,52.175,67.65833333333333,0.0,24.135416666666668,1009.80375,12.047083333333331,0.2262499999999999,19.48375,21.164166666666667,9.5675,186.31583333333333,1.94,8.89625,218.58125,1.4254166666666668,11.096666666666666,230.21291666666664,52.175,67.65833333333333,0.0,24.135416666666668,1009.80375,12.047083333333331,0.2262499999999999,0.0,0.0
AMJ,Ammo Jetty,Jan. 15,"2023, 8 a.m.",15-Jan-23   8 a.m.,4,Fair,Bit murky,2023,8 AM,Jan 15 2023 8 AM,2023-01-15 08:00:00,2023-01-15 08:00:00+08:00,2023-01-15 00:00:00+00:00,2023-01-15,00:00:00,385,2023-01-15,24.07958333333333,21.826666666666668,9.260833333333332,186.02125,2.191666666666667,9.00125,215.05166666666665,1.62125,11.110416666666666,225.42416666666668,81.9625,38.85416666666666,0.0,24.135416666666668,1008.2670833333332,8.467916666666666,0.2266666666666666,24.07958333333333,21.826666666666668,9.260833333333332,186.02125,2.191666666666667,9.00125,215.05166666666665,1.62125,11.110416666666666,225.42416666666668,81.9625,38.85416666666666,0.0,24.135416666666668,1008.2670833333332,8.467916666666666,0.2266666666666666,24.07958333333333,21.826666666666668,9.260833333333332,186.02125,2.191666666666667,9.00125,215.05166666666665,1.62125,11.110416666666666,225.42416666666668,81.9625,38.85416666666666,0.0,24.135416666666668,1008.2670833333332,8.467916666666666,0.2266666666666666,0.0,0.0
RKM,Rockingham Dive Trail,Jan. 15,"2023, 7 a.m.",15-Jan-23   7 a.m.,3,Glassy,"22c, no swell, snotty, stingers",2023,7 AM,Jan 15 2023 7 AM,2023-01-15 07:00:00,2023-01-15 07:00:00+08:00,2023-01-14 23:00:00+00:00,2023-01-14,23:00:00,386,2023-01-14,20.312083333333334,21.16541666666667,7.256666666666667,132.28833333333333,1.7220833333333332,9.617916666666666,213.82916666666665,1.6116666666666666,10.479583333333332,220.98791666666668,4.166666666666667,59.175,0.0,24.135,1017.3525,12.41375,0.21,20.312083333333334,21.16541666666667,7.256666666666667,132.28833333333333,1.7220833333333332,9.617916666666666,213.82916666666665,1.6116666666666666,10.479583333333332,220.98791666666668,4.166666666666667,59.175,0.0,24.135,1017.3525,12.41375,0.21,20.312083333333334,21.16541666666667,7.256666666666667,132.28833333333333,1.7220833333333332,9.617916666666666,213.82916666666665,1.6116666666666666,10.479583333333332,220.98791666666668,4.166666666666667,59.175,0.0,24.135,1017.3525,12.41375,0.21,0.0,0.0
HIL,Hillarys,Jan. 14,"2023, 2 p.m.",14-Jan-23   2 p.m.,6,Fair,4-6m. North Wall,2023,2 PM,Jan 14 2023 2 PM,2023-01-14 14:00:00,2023-01-14 14:00:00+08:00,2023-01-14 06:00:00+00:00,2023-01-14,06:00:00,387,2023-01-14,20.714166666666667,21.40875,9.472916666666666,141.255,2.322083333333333,9.285833333333333,203.15875000000003,2.0575,10.5775,212.9358333333333,2.908333333333333,59.36666666666667,0.0,24.135,1016.6691666666668,12.92125,0.21375,20.714166666666667,21.40875,9.472916666666666,141.255,2.322083333333333,9.285833333333333,203.15875000000003,2.0575,10.5775,212.9358333333333,2.908333333333333,59.36666666666667,0.0,24.135,1016.6691666666668,12.92125,0.21375,20.714166666666667,21.40875,9.472916666666666,141.255,2.322083333333333,9.285833333333333,203.15875000000003,2.0575,10.5775,212.9358333333333,2.908333333333333,59.36666666666667,0.0,24.135,1016.6691666666668,12.92125,0.21375,0.0,0.0
CMT,Coogee Maritime Trail,Jan. 14,"2023, 9 a.m.",14-Jan-23   9 a.m.,5,Fair,5m when we got in. Silt from swimmers reduced it to about 3m. Great conditions.,2023,9 AM,Jan 14 2023 9 AM,2023-01-14 09:00:00,2023-01-14 09:00:00+08:00,2023-01-14 01:00:00+00:00,2023-01-14,01:00:00,388,2023-01-14,24.04875,21.710416666666664,7.5575,135.33833333333334,1.9854166666666664,9.542083333333332,209.78625,1.8645833333333333,10.315833333333334,215.58625,2.35,28.870833333333334,0.0,24.135,1016.2270833333332,11.33,0.2070833333333333,24.04875,21.710416666666664,7.5575,135.33833333333334,1.9854166666666664,9.542083333333332,209.78625,1.8645833333333333,10.315833333333334,215.58625,2.35,28.870833333333334,0.0,24.135,1016.2270833333332,11.33,0.2070833333333333,24.04875,21.710416666666664,7.5575,135.33833333333334,1.9854166666666664,9.542083333333332,209.78625,1.8645833333333333,10.315833333333334,215.58625,2.35,28.870833333333334,0.0,24.135,1016.2270833333332,11.33,0.2070833333333333,0.0,0.0
BIC,Bicton Baths,Jan. 12,"2023, 9 p.m.",12-Jan-23   9 p.m.,2,Glassy,"Jerrat Drive, lots of nudis, not much on the ALC40, 24C",2023,9 PM,Jan 12 2023 9 PM,2023-01-12 21:00:00,2023-01-12 21:00:00+08:00,2023-01-12 13:00:00+00:00,2023-01-12,13:00:00,389,2023-01-12,23.87708333333333,21.346666666666668,7.3066666666666675,193.20333333333332,1.86,9.0025,223.56208333333333,1.6375,10.327916666666669,229.23291666666668,0.0125,53.05,0.0,24.135416666666668,1012.5254166666668,5.612916666666667,0.2216666666666666,23.87708333333333,21.346666666666668,7.3066666666666675,193.20333333333332,1.86,9.0025,223.56208333333333,1.6375,10.327916666666669,229.23291666666668,0.0125,53.05,0.0,24.135416666666668,1012.5254166666668,5.612916666666667,0.2216666666666666,23.87708333333333,21.346666666666668,7.3066666666666675,193.20333333333332,1.86,9.0025,223.56208333333333,1.6375,10.327916666666669,229.23291666666668,0.0125,53.05,0.0,24.135416666666668,1012.5254166666668,5.612916666666667,0.2216666666666666,0.0,0.01
SCR,South Cottesloe Reef,Jan. 12,"2023, 6 a.m.",12-Jan-23   6 a.m.,3,Fair,Flat,2023,6 AM,Jan 12 2023 6 AM,2023-01-12 06:00:00,2023-01-12 06:00:00+08:00,2023-01-11 22:00:00+00:00,2023-01-11,22:00:00,390,2023-01-11,19.70583333333333,22.203333333333333,7.175416666666667,192.3225,1.9125,9.141666666666667,220.9195833333333,1.7145833333333331,10.345416666666669,224.88041666666663,0.425,72.27499999999999,0.0,24.133750000000003,1013.1408333333334,8.25625,0.2945833333333333,19.70583333333333,22.203333333333333,7.175416666666667,192.3225,1.9125,9.141666666666667,220.9195833333333,1.7145833333333331,10.345416666666669,224.88041666666663,0.425,72.27499999999999,0.0,24.133750000000003,1013.1408333333334,8.25625,0.2945833333333333,19.70583333333333,22.203333333333333,7.175416666666667,192.3225,1.9125,9.141666666666667,220.9195833333333,1.7145833333333331,10.345416666666669,224.88041666666663,0.425,72.27499999999999,0.0,24.133750000000003,1013.1408333333334,8.25625,0.2945833333333333,0.0,0.04
SCR,South Cottesloe Reef,Jan. 9,"2023, 6 a.m.",9-Jan-23   6 a.m.,4,Fair,"4m-ish north reef, much worse closer to groyne. Flat",2023,6 AM,Jan 9 2023 6 AM,2023-01-09 06:00:00,2023-01-09 06:00:00+08:00,2023-01-08 22:00:00+00:00,2023-01-08,22:00:00,391,2023-01-08,20.22083333333333,22.261666666666667,7.915416666666666,166.71875,2.191666666666667,9.569166666666666,219.9308333333333,1.9720833333333327,10.672083333333331,224.91458333333333,0.0,72.27916666666667,0.0,24.133750000000003,1013.0716666666668,10.942083333333334,0.1825,20.22083333333333,22.261666666666667,7.915416666666666,166.71875,2.191666666666667,9.569166666666666,219.9308333333333,1.9720833333333327,10.672083333333331,224.91458333333333,0.0,72.27916666666667,0.0,24.133750000000003,1013.0716666666668,10.942083333333334,0.1825,20.22083333333333,22.261666666666667,7.915416666666666,166.71875,2.191666666666667,9.569166666666666,219.9308333333333,1.9720833333333327,10.672083333333331,224.91458333333333,0.0,72.27916666666667,0.0,24.133750000000003,1013.0716666666668,10.942083333333334,0.1825,0.0,0.0
BIC,Bicton Baths,Jan. 7,"2023, 4 p.m.",7-Jan-23   4 p.m.,2,Fair,-,2023,4 PM,Jan 7 2023 4 PM,2023-01-07 16:00:00,2023-01-07 16:00:00+08:00,2023-01-07 08:00:00+00:00,2023-01-07,08:00:00,392,2023-01-07,21.201666666666664,22.16375,9.271666666666668,177.89166666666668,2.56875,9.7975,219.7433333333333,2.225,11.275416666666668,227.36333333333332,0.0,46.5625,0.0,24.13458333333333,1011.5579166666666,7.652916666666666,0.235,21.201666666666664,22.16375,9.271666666666668,177.89166666666668,2.56875,9.7975,219.7433333333333,2.225,11.275416666666668,227.36333333333332,0.0,46.5625,0.0,24.13458333333333,1011.5579166666666,7.652916666666666,0.235,21.201666666666664,22.16375,9.271666666666668,177.89166666666668,2.56875,9.7975,219.7433333333333,2.225,11.275416666666668,227.36333333333332,0.0,46.5625,0.0,24.13458333333333,1011.5579166666666,7.652916666666666,0.235,0.0,0.0
CMT,Coogee Maritime Trail,Jan. 6,"2023, 8 a.m.",6-Jan-23   8 a.m.,4,Fair,Not great. Not likely to improve over the next 3 days with the wind/swell forecast,2023,8 AM,Jan 6 2023 8 AM,2023-01-06 08:00:00,2023-01-06 08:00:00+08:00,2023-01-06 00:00:00+00:00,2023-01-06,00:00:00,393,2023-01-06,23.00916666666667,21.899583333333336,10.97125,189.22666666666663,2.270833333333333,8.514999999999999,213.09041666666667,1.3958333333333333,11.11,231.01666666666665,11.708333333333334,42.42916666666667,0.0,24.13416666666667,1008.0608333333332,8.7875,0.2554166666666667,23.00916666666667,21.899583333333336,10.97125,189.22666666666663,2.270833333333333,8.514999999999999,213.09041666666667,1.3958333333333333,11.11,231.01666666666665,11.708333333333334,42.42916666666667,0.0,24.13416666666667,1008.0608333333332,8.7875,0.2554166666666667,23.00916666666667,21.899583333333336,10.97125,189.22666666666663,2.270833333333333,8.514999999999999,213.09041666666667,1.3958333333333333,11.11,231.01666666666665,11.708333333333334,42.42916666666667,0.0,24.13416666666667,1008.0608333333332,8.7875,0.2554166666666667,0.0,0.0
WOO,Woodman Point,Jan. 6,"2023, 8 a.m.",6-Jan-23   8 a.m.,10,Fair,-,2023,8 AM,Jan 6 2023 8 AM,2023-01-06 08:00:00,2023-01-06 08:00:00+08:00,2023-01-06 00:00:00+00:00,2023-01-06,00:00:00,394,2023-01-06,19.31958333333333,21.62875,10.816666666666668,187.6725,2.0058333333333334,8.387083333333333,216.97,1.3066666666666666,10.835833333333332,235.5445833333333,16.349999999999998,73.81666666666666,0.0,24.13416666666667,1008.9820833333332,13.77125,0.2508333333333333,19.31958333333333,21.62875,10.816666666666668,187.6725,2.0058333333333334,8.387083333333333,216.97,1.3066666666666666,10.835833333333332,235.5445833333333,16.349999999999998,73.81666666666666,0.0,24.13416666666667,1008.9820833333332,13.77125,0.2508333333333333,19.31958333333333,21.62875,10.816666666666668,187.6725,2.0058333333333334,8.387083333333333,216.97,1.3066666666666666,10.835833333333332,235.5445833333333,16.349999999999998,73.81666666666666,0.0,24.13416666666667,1008.9820833333332,13.77125,0.2508333333333333,0.0,0.0
MET,Mettam’s Pool,Jan. 6,"2023, 7 a.m.",6-Jan-23   7 a.m.,5,Fair,"Calm, flat, ideal conditions. Highlights: Banded Sweeps, Southern Garfish, Western Pomfreds, Nudis",2023,7 AM,Jan 6 2023 7 AM,2023-01-06 07:00:00,2023-01-06 07:00:00+08:00,2023-01-05 23:00:00+00:00,2023-01-05,23:00:00,395,2023-01-05,30.70875,21.52583333333333,4.44875,117.21083333333333,1.06625,10.429166666666667,209.30666666666664,1.024166666666667,10.967916666666667,213.65041666666664,14.679166666666667,16.974999999999998,0.0,24.13583333333333,1006.1795833333334,7.307083333333334,0.2608333333333333,30.70875,21.52583333333333,4.44875,117.21083333333333,1.06625,10.429166666666667,209.30666666666664,1.024166666666667,10.967916666666667,213.65041666666664,14.679166666666667,16.974999999999998,0.0,24.13583333333333,1006.1795833333334,7.307083333333334,0.2608333333333333,30.70875,21.52583333333333,4.44875,117.21083333333333,1.06625,10.429166666666667,209.30666666666664,1.024166666666667,10.967916666666667,213.65041666666664,14.679166666666667,16.974999999999998,0.0,24.13583333333333,1006.1795833333334,7.307083333333334,0.2608333333333333,0.0,0.0
WAT,Watermans/North Beach,Jan. 5,"2023, 2 p.m.",5-Jan-23   2 p.m.,6,Fair,"MAAC Pretty good, not many particles in the water.",2023,2 PM,Jan 5 2023 2 PM,2023-01-05 14:00:00,2023-01-05 14:00:00+08:00,2023-01-05 06:00:00+00:00,2023-01-05,06:00:00,396,2023-01-05,24.80125,21.52583333333333,4.44875,117.21083333333333,1.06625,10.429166666666667,209.30666666666664,1.024166666666667,10.967916666666667,213.65041666666664,21.3375,54.42916666666667,0.0,24.13583333333333,1005.9829166666668,6.340416666666666,0.2608333333333333,24.80125,21.52583333333333,4.44875,117.21083333333333,1.06625,10.429166666666667,209.30666666666664,1.024166666666667,10.967916666666667,213.65041666666664,21.3375,54.42916666666667,0.0,24.13583333333333,1005.9829166666668,6.340416666666666,0.2608333333333333,24.80125,21.52583333333333,4.44875,117.21083333333333,1.06625,10.429166666666667,209.30666666666664,1.024166666666667,10.967916666666667,213.65041666666664,21.3375,54.42916666666667,0.0,24.13583333333333,1005.9829166666668,6.340416666666666,0.2608333333333333,0.0,0.0
PEN,Penguin Island,Jan. 5,"2023, 1 p.m.",5-Jan-23   1 p.m.,15,Fair,"Off Shoalwater Beach, Coventry St.",2023,1 PM,Jan 5 2023 1 PM,2023-01-05 13:00:00,2023-01-05 13:00:00+08:00,2023-01-05 05:00:00+00:00,2023-01-05,05:00:00,397,2023-01-05,23.99125,21.35833333333333,3.20125,136.68458333333334,0.7995833333333334,10.955416666666666,223.2375,0.785,11.193333333333332,225.13083333333336,29.204166666666666,59.2625,0.0,24.13583333333333,1006.3354166666668,5.431666666666668,0.2470833333333333,23.99125,21.35833333333333,3.20125,136.68458333333334,0.7995833333333334,10.955416666666666,223.2375,0.785,11.193333333333332,225.13083333333336,29.204166666666666,59.2625,0.0,24.13583333333333,1006.3354166666668,5.431666666666668,0.2470833333333333,23.99125,21.35833333333333,3.20125,136.68458333333334,0.7995833333333334,10.955416666666666,223.2375,0.785,11.193333333333332,225.13083333333336,29.204166666666666,59.2625,0.0,24.13583333333333,1006.3354166666668,5.431666666666668,0.2470833333333333,0.0,0.0
NMF,North Mole Fremantle,Jan. 4,"2023, 8 a.m.",4-Jan-23   8 a.m.,8,Fair,2m @pegs 8m @wreck,2023,8 AM,Jan 4 2023 8 AM,2023-01-04 08:00:00,2023-01-04 08:00:00+08:00,2023-01-04 00:00:00+00:00,2023-01-04,00:00:00,398,2023-01-04,23.02125,21.710416666666664,6.394583333333333,135.90333333333334,1.2908333333333333,8.65375,204.07666666666668,1.175,9.773333333333332,213.48666666666668,0.0,63.12916666666667,0.0,24.13458333333333,1009.3275,11.495833333333332,0.19375,23.02125,21.710416666666664,6.394583333333333,135.90333333333334,1.2908333333333333,8.65375,204.07666666666668,1.175,9.773333333333332,213.48666666666668,0.0,63.12916666666667,0.0,24.13458333333333,1009.3275,11.495833333333332,0.19375,23.02125,21.710416666666664,6.394583333333333,135.90333333333334,1.2908333333333333,8.65375,204.07666666666668,1.175,9.773333333333332,213.48666666666668,0.0,63.12916666666667,0.0,24.13458333333333,1009.3275,11.495833333333332,0.19375,0.0,0.0
PPR,Point Peron,Jan. 3,"2023, 8 p.m.",3-Jan-23   8 p.m.,3,Fair,-,2023,8 PM,Jan 3 2023 8 PM,2023-01-03 20:00:00,2023-01-03 20:00:00+08:00,2023-01-03 12:00:00+00:00,2023-01-03,12:00:00,399,2023-01-03,22.1625,20.93583333333333,6.331666666666667,135.66666666666666,1.4895833333333333,10.0075,212.57125,1.399166666666667,10.85875,220.05416666666667,0.0,64.10833333333333,0.0,24.137083333333333,1012.58,12.432916666666666,0.1770833333333333,22.1625,20.93583333333333,6.331666666666667,135.66666666666666,1.4895833333333333,10.0075,212.57125,1.399166666666667,10.85875,220.05416666666667,0.0,64.10833333333333,0.0,24.137083333333333,1012.58,12.432916666666666,0.1770833333333333,22.1625,20.93583333333333,6.331666666666667,135.66666666666666,1.4895833333333333,10.0075,212.57125,1.399166666666667,10.85875,220.05416666666667,0.0,64.10833333333333,0.0,24.137083333333333,1012.58,12.432916666666666,0.1770833333333333,0.0,0.0
PEN,Penguin Island,Jan. 3,"2023, 10 a.m.",3-Jan-23   10 a.m.,8,Fair,North end of Seal Island,2023,10 AM,Jan 3 2023 10 AM,2023-01-03 10:00:00,2023-01-03 10:00:00+08:00,2023-01-03 02:00:00+00:00,2023-01-03,02:00:00,400,2023-01-03,22.1625,20.93583333333333,6.331666666666667,135.66666666666666,1.4895833333333333,10.0075,212.57125,1.399166666666667,10.85875,220.05416666666667,0.0,64.10833333333333,0.0,24.137083333333333,1012.58,12.432916666666666,0.1770833333333333,22.1625,20.93583333333333,6.331666666666667,135.66666666666666,1.4895833333333333,10.0075,212.57125,1.399166666666667,10.85875,220.05416666666667,0.0,64.10833333333333,0.0,24.137083333333333,1012.58,12.432916666666666,0.1770833333333333,22.1625,20.93583333333333,6.331666666666667,135.66666666666666,1.4895833333333333,10.0075,212.57125,1.399166666666667,10.85875,220.05416666666667,0.0,64.10833333333333,0.0,24.137083333333333,1012.58,12.432916666666666,0.1770833333333333,0.0,0.0
PPR,Point Peron,Jan. 2,"2023, 10 p.m.",2-Jan-23   10 p.m.,6,Fair,-,2023,10 PM,Jan 2 2023 10 PM,2023-01-02 22:00:00,2023-01-02 22:00:00+08:00,2023-01-02 14:00:00+00:00,2023-01-02,14:00:00,401,2023-01-02,20.875833333333333,20.84083333333333,7.352916666666666,148.69041666666666,1.9170833333333333,10.6525,220.04708333333332,1.8083333333333331,11.54375,225.42541666666668,0.0,63.20416666666667,0.0,24.13208333333333,1013.7520833333332,11.755416666666669,0.19375,20.875833333333333,20.84083333333333,7.352916666666666,148.69041666666666,1.9170833333333333,10.6525,220.04708333333332,1.8083333333333331,11.54375,225.42541666666668,0.0,63.20416666666667,0.0,24.13208333333333,1013.7520833333332,11.755416666666669,0.19375,20.875833333333333,20.84083333333333,7.352916666666666,148.69041666666666,1.9170833333333333,10.6525,220.04708333333332,1.8083333333333331,11.54375,225.42541666666668,0.0,63.20416666666667,0.0,24.13208333333333,1013.7520833333332,11.755416666666669,0.19375,0.0,0.0
BWR,Blackwall Reach,Jan. 2,"2023, 8 p.m.",2-Jan-23   8 p.m.,2,Fair,-,2023,8 PM,Jan 2 2023 8 PM,2023-01-02 20:00:00,2023-01-02 20:00:00+08:00,2023-01-02 12:00:00+00:00,2023-01-02,12:00:00,402,2023-01-02,25.75958333333333,21.107916666666668,7.657083333333333,151.0641666666667,2.1875,10.603333333333332,215.88916666666668,2.06625,11.440416666666666,220.52166666666668,14.025,29.133333333333336,0.0,24.13208333333333,1012.4508333333332,10.789166666666668,0.185,25.75958333333333,21.107916666666668,7.657083333333333,151.0641666666667,2.1875,10.603333333333332,215.88916666666668,2.06625,11.440416666666666,220.52166666666668,14.025,29.133333333333336,0.0,24.13208333333333,1012.4508333333332,10.789166666666668,0.185,25.75958333333333,21.107916666666668,7.657083333333333,151.0641666666667,2.1875,10.603333333333332,215.88916666666668,2.06625,11.440416666666666,220.52166666666668,14.025,29.133333333333336,0.0,24.13208333333333,1012.4508333333332,10.789166666666668,0.185,0.0,0.0
RNN,Rottnest North,Jan. 2,"2023, noon",2-Jan-23   12 p.m.,15,Windy,Inshore just off Geordie Bay cardinal mark,2023,12 PM,Jan 2 2023 12 PM,2023-01-02 12:00:00,2023-01-02 12:00:00+08:00,2023-01-02 04:00:00+00:00,2023-01-02,04:00:00,403,2023-01-02,21.23125,21.107916666666668,7.657083333333333,151.0641666666667,2.1875,10.603333333333332,215.88916666666668,2.06625,11.440416666666666,220.52166666666668,12.5,62.87083333333334,0.0,24.13208333333333,1012.9154166666668,12.555,0.185,21.23125,21.107916666666668,7.657083333333333,151.0641666666667,2.1875,10.603333333333332,215.88916666666668,2.06625,11.440416666666666,220.52166666666668,12.5,62.87083333333334,0.0,24.13208333333333,1012.9154166666668,12.555,0.185,21.23125,21.107916666666668,7.657083333333333,151.0641666666667,2.1875,10.603333333333332,215.88916666666668,2.06625,11.440416666666666,220.52166666666668,12.5,62.87083333333334,0.0,24.13208333333333,1012.9154166666668,12.555,0.185,0.0,0.0
KGT,Kwinana Grain Terminal,Jan. 2,"2023, noon",2-Jan-23   12 p.m.,1,Glassy,Vis got worse as the day went on.,2023,12 PM,Jan 2 2023 12 PM,2023-01-02 12:00:00,2023-01-02 12:00:00+08:00,2023-01-02 04:00:00+00:00,2023-01-02,04:00:00,404,2023-01-02,20.875833333333333,20.84083333333333,7.352916666666666,148.69041666666666,1.9170833333333333,10.6525,220.04708333333332,1.8083333333333331,11.54375,225.42541666666668,0.0,63.20416666666667,0.0,24.13208333333333,1013.7520833333332,11.755416666666669,0.19375,20.875833333333333,20.84083333333333,7.352916666666666,148.69041666666666,1.9170833333333333,10.6525,220.04708333333332,1.8083333333333331,11.54375,225.42541666666668,0.0,63.20416666666667,0.0,24.13208333333333,1013.7520833333332,11.755416666666669,0.19375,20.875833333333333,20.84083333333333,7.352916666666666,148.69041666666666,1.9170833333333333,10.6525,220.04708333333332,1.8083333333333331,11.54375,225.42541666666668,0.0,63.20416666666667,0.0,24.13208333333333,1013.7520833333332,11.755416666666669,0.19375,0.0,0.0
RNN,Rottnest North,Jan. 2,"2023, 10 a.m.",2-Jan-23   10 a.m.,20,Windy,Offshore cigar reef,2023,10 AM,Jan 2 2023 10 AM,2023-01-02 10:00:00,2023-01-02 10:00:00+08:00,2023-01-02 02:00:00+00:00,2023-01-02,02:00:00,405,2023-01-02,21.23125,21.107916666666668,7.657083333333333,151.0641666666667,2.1875,10.603333333333332,215.88916666666668,2.06625,11.440416666666666,220.52166666666668,12.5,62.87083333333334,0.0,24.13208333333333,1012.9154166666668,12.555,0.185,21.23125,21.107916666666668,7.657083333333333,151.0641666666667,2.1875,10.603333333333332,215.88916666666668,2.06625,11.440416666666666,220.52166666666668,12.5,62.87083333333334,0.0,24.13208333333333,1012.9154166666668,12.555,0.185,21.23125,21.107916666666668,7.657083333333333,151.0641666666667,2.1875,10.603333333333332,215.88916666666668,2.06625,11.440416666666666,220.52166666666668,12.5,62.87083333333334,0.0,24.13208333333333,1012.9154166666668,12.555,0.185,0.0,0.0
KGT,Kwinana Grain Terminal,Jan. 2,"2023, 10 a.m.",2-Jan-23   10 a.m.,3,Glassy,Great above.   Not so good under.,2023,10 AM,Jan 2 2023 10 AM,2023-01-02 10:00:00,2023-01-02 10:00:00+08:00,2023-01-02 02:00:00+00:00,2023-01-02,02:00:00,406,2023-01-02,20.875833333333333,20.84083333333333,7.352916666666666,148.69041666666666,1.9170833333333333,10.6525,220.04708333333332,1.8083333333333331,11.54375,225.42541666666668,0.0,63.20416666666667,0.0,24.13208333333333,1013.7520833333332,11.755416666666669,0.19375,20.875833333333333,20.84083333333333,7.352916666666666,148.69041666666666,1.9170833333333333,10.6525,220.04708333333332,1.8083333333333331,11.54375,225.42541666666668,0.0,63.20416666666667,0.0,24.13208333333333,1013.7520833333332,11.755416666666669,0.19375,20.875833333333333,20.84083333333333,7.352916666666666,148.69041666666666,1.9170833333333333,10.6525,220.04708333333332,1.8083333333333331,11.54375,225.42541666666668,0.0,63.20416666666667,0.0,24.13208333333333,1013.7520833333332,11.755416666666669,0.19375,0.0,0.0
RTS,Rottnest South,Jan. 2,"2023, 9 a.m.",2-Jan-23   9 a.m.,20,Windy,-,2023,9 AM,Jan 2 2023 9 AM,2023-01-02 09:00:00,2023-01-02 09:00:00+08:00,2023-01-02 01:00:00+00:00,2023-01-02,01:00:00,407,2023-01-02,21.23125,21.107916666666668,7.657083333333333,151.0641666666667,2.1875,10.603333333333332,215.88916666666668,2.06625,11.440416666666666,220.52166666666668,12.5,62.87083333333334,0.0,24.13208333333333,1012.9154166666668,12.555,0.185,21.23125,21.107916666666668,7.657083333333333,151.0641666666667,2.1875,10.603333333333332,215.88916666666668,2.06625,11.440416666666666,220.52166666666668,12.5,62.87083333333334,0.0,24.13208333333333,1012.9154166666668,12.555,0.185,21.23125,21.107916666666668,7.657083333333333,151.0641666666667,2.1875,10.603333333333332,215.88916666666668,2.06625,11.440416666666666,220.52166666666668,12.5,62.87083333333334,0.0,24.13208333333333,1012.9154166666668,12.555,0.185,0.0,0.0
PEN,Penguin Island,Jan. 2,"2023, 8 a.m.",2-Jan-23   8 a.m.,8,Fair,SE corner of island,2023,8 AM,Jan 2 2023 8 AM,2023-01-02 08:00:00,2023-01-02 08:00:00+08:00,2023-01-02 00:00:00+00:00,2023-01-02,00:00:00,408,2023-01-02,20.875833333333333,20.84083333333333,7.352916666666666,148.69041666666666,1.9170833333333333,10.6525,220.04708333333332,1.8083333333333331,11.54375,225.42541666666668,0.0,63.20416666666667,0.0,24.13208333333333,1013.7520833333332,11.755416666666669,0.19375,20.875833333333333,20.84083333333333,7.352916666666666,148.69041666666666,1.9170833333333333,10.6525,220.04708333333332,1.8083333333333331,11.54375,225.42541666666668,0.0,63.20416666666667,0.0,24.13208333333333,1013.7520833333332,11.755416666666669,0.19375,20.875833333333333,20.84083333333333,7.352916666666666,148.69041666666666,1.9170833333333333,10.6525,220.04708333333332,1.8083333333333331,11.54375,225.42541666666668,0.0,63.20416666666667,0.0,24.13208333333333,1013.7520833333332,11.755416666666669,0.19375,0.0,0.0
BUL,Bulk Jetty,Jan. 1,"2023, 9 a.m.",1-Jan-23   9 a.m.,2,Fair,"Vis was poor but we still had a great time, plenty of nudi’s, a seahorse and crabs",2023,9 AM,Jan 1 2023 9 AM,2023-01-01 09:00:00,2023-01-01 09:00:00+08:00,2023-01-01 01:00:00+00:00,2023-01-01,01:00:00,409,2023-01-01,21.720416666666665,20.87333333333333,9.1625,164.80583333333334,2.3291666666666666,10.7125,221.57291666666663,2.056666666666666,12.259166666666664,228.63291666666663,3.758333333333333,42.9,0.0,24.135,1011.8008333333332,8.902916666666668,0.2566666666666666,21.720416666666665,20.87333333333333,9.1625,164.80583333333334,2.3291666666666666,10.7125,221.57291666666663,2.056666666666666,12.259166666666664,228.63291666666663,3.758333333333333,42.9,0.0,24.135,1011.8008333333332,8.902916666666668,0.2566666666666666,21.720416666666665,20.87333333333333,9.1625,164.80583333333334,2.3291666666666666,10.7125,221.57291666666663,2.056666666666666,12.259166666666664,228.63291666666663,3.758333333333333,42.9,0.0,24.135,1011.8008333333332,8.902916666666668,0.2566666666666666,0.0,0.0
PEN,Penguin Island,Jan. 1,"2023, 8 a.m.",1-Jan-23   8 a.m.,9,Fair,Snorkled south East corner of island,2023,8 AM,Jan 1 2023 8 AM,2023-01-01 08:00:00,2023-01-01 08:00:00+08:00,2023-01-01 00:00:00+00:00,2023-01-01,00:00:00,410,2023-01-01,18.74333333333333,20.87333333333333,9.1625,164.80583333333334,2.3291666666666666,10.7125,221.57291666666663,2.056666666666666,12.259166666666664,228.63291666666663,0.0,66.07083333333334,0.0,24.135,1013.0925,12.18625,0.2566666666666666,18.74333333333333,20.87333333333333,9.1625,164.80583333333334,2.3291666666666666,10.7125,221.57291666666663,2.056666666666666,12.259166666666664,228.63291666666663,0.0,66.07083333333334,0.0,24.135,1013.0925,12.18625,0.2566666666666666,18.74333333333333,20.87333333333333,9.1625,164.80583333333334,2.3291666666666666,10.7125,221.57291666666663,2.056666666666666,12.259166666666664,228.63291666666663,0.0,66.07083333333334,0.0,24.135,1013.0925,12.18625,0.2566666666666666,0.0,0.0
BUL,Bulk Jetty,Jan. 1,"2023, midnight",1-Jan-23   12 a.m.,2,Fair,New Years Dive.  Poor vis but awesome in the water.   Happy New Year,2023,12 AM,Jan 1 2023 12 AM,2023-01-01 00:00:00,2023-01-01 00:00:00+08:00,2022-12-31 16:00:00+00:00,2022-12-31,16:00:00,411,2022-12-31,20.972916666666663,20.86125,9.684166666666666,183.16458333333333,2.2225,9.753333333333334,219.24041666666668,1.79125,12.1025,228.8058333333333,81.78333333333333,49.75416666666666,0.0,24.13625,1009.5125,7.8175,0.2195833333333333,20.972916666666663,20.86125,9.684166666666666,183.16458333333333,2.2225,9.753333333333334,219.24041666666668,1.79125,12.1025,228.8058333333333,81.78333333333333,49.75416666666666,0.0,24.13625,1009.5125,7.8175,0.2195833333333333,20.972916666666663,20.86125,9.684166666666666,183.16458333333333,2.2225,9.753333333333334,219.24041666666668,1.79125,12.1025,228.8058333333333,81.78333333333333,49.75416666666666,0.0,24.13625,1009.5125,7.8175,0.2195833333333333,0.0,0.0
BSJ,Busselton Jetty,Dec. 31,"2022, 9 p.m.",31-Dec-22   9 p.m.,20,Fair,"20C, awesome conditions",2022,9 PM,Dec 31 2022 9 PM,2022-12-31 21:00:00,2022-12-31 21:00:00+08:00,2022-12-31 13:00:00+00:00,2022-12-31,13:00:00,412,2022-12-31,18.51125,20.294166666666666,6.79375,182.14125,2.45,6.684583333333333,218.14916666666667,2.1654166666666668,10.554583333333332,224.42,94.925,64.57916666666667,0.0,24.13625,1011.1658333333334,8.53875,0.175,18.51125,20.294166666666666,6.79375,182.14125,2.45,6.684583333333333,218.14916666666667,2.1654166666666668,10.554583333333332,224.42,94.925,64.57916666666667,0.0,24.13625,1011.1658333333334,8.53875,0.175,18.51125,20.294166666666666,6.79375,182.14125,2.45,6.684583333333333,218.14916666666667,2.1654166666666668,10.554583333333332,224.42,94.925,64.57916666666667,0.0,24.13625,1011.1658333333334,8.53875,0.175,0.0,0.0
RNN,Rottnest North,Dec. 31,"2022, 11 a.m.",31-Dec-22   11 a.m.,15,Windy,Pinky’s Beach,2022,11 AM,Dec 31 2022 11 AM,2022-12-31 11:00:00,2022-12-31 11:00:00+08:00,2022-12-31 03:00:00+00:00,2022-12-31,03:00:00,413,2022-12-31,19.063333333333333,21.31458333333333,9.544583333333334,182.2983333333333,2.515,9.843333333333334,214.92083333333332,2.036666666666666,12.065833333333332,222.9825,76.64999999999999,71.13333333333334,0.0,24.13625,1010.28125,11.225,0.22125,19.063333333333333,21.31458333333333,9.544583333333334,182.2983333333333,2.515,9.843333333333334,214.92083333333332,2.036666666666666,12.065833333333332,222.9825,76.64999999999999,71.13333333333334,0.0,24.13625,1010.28125,11.225,0.22125,19.063333333333333,21.31458333333333,9.544583333333334,182.2983333333333,2.515,9.843333333333334,214.92083333333332,2.036666666666666,12.065833333333332,222.9825,76.64999999999999,71.13333333333334,0.0,24.13625,1010.28125,11.225,0.22125,0.0,0.0
SWA,Ex-HMAS Swan Wreck,Dec. 31,"2022, 9 a.m.",31-Dec-22   9 a.m.,20,Glassy,"20C, Point Picquet, Pikachu Nudis everywhere",2022,9 AM,Dec 31 2022 9 AM,2022-12-31 09:00:00,2022-12-31 09:00:00+08:00,2022-12-31 01:00:00+00:00,2022-12-31,01:00:00,414,2022-12-31,17.53875,20.28375,7.56125,181.17208333333332,2.45,6.684583333333333,218.14916666666667,2.1654166666666668,10.554583333333332,224.42,94.83333333333331,72.51666666666667,0.07,24.13625,1011.9483333333332,10.013333333333334,0.1858333333333333,17.53875,20.28375,7.56125,181.17208333333332,2.45,6.684583333333333,218.14916666666667,2.1654166666666668,10.554583333333332,224.42,94.83333333333331,72.51666666666667,0.07,24.13625,1011.9483333333332,10.013333333333334,0.1858333333333333,17.53875,20.28375,7.56125,181.17208333333332,2.45,6.684583333333333,218.14916666666667,2.1654166666666668,10.554583333333332,224.42,94.83333333333331,72.51666666666667,0.07,24.13625,1011.9483333333332,10.013333333333334,0.1858333333333333,0.08,0.08
HIL,Hillarys,Dec. 31,"2022, 6 a.m.",31-Dec-22   6 a.m.,3,Fair,North wall. Lots of sea grass particles on way in. Vis improves slightly closer to the harbour.,2022,6 AM,Dec 31 2022 6 AM,2022-12-31 06:00:00,2022-12-31 06:00:00+08:00,2022-12-30 22:00:00+00:00,2022-12-30,22:00:00,415,2022-12-30,20.05958333333333,21.071666666666665,8.223333333333334,197.82416666666663,2.12125,8.906666666666666,213.73791666666668,1.705,10.777499999999998,218.89625,4.783333333333333,77.60416666666667,0.0,24.13208333333333,1008.3725,8.645416666666668,0.2091666666666666,20.05958333333333,21.071666666666665,8.223333333333334,197.82416666666663,2.12125,8.906666666666666,213.73791666666668,1.705,10.777499999999998,218.89625,4.783333333333333,77.60416666666667,0.0,24.13208333333333,1008.3725,8.645416666666668,0.2091666666666666,20.05958333333333,21.071666666666665,8.223333333333334,197.82416666666663,2.12125,8.906666666666666,213.73791666666668,1.705,10.777499999999998,218.89625,4.783333333333333,77.60416666666667,0.0,24.13208333333333,1008.3725,8.645416666666668,0.2091666666666666,0.0,0.0
BUL,Bulk Jetty,Dec. 31,"2022, midnight",31-Dec-22   12 a.m.,2,Fair,Awful vis but plenty of critters out,2022,12 AM,Dec 31 2022 12 AM,2022-12-31 00:00:00,2022-12-31 00:00:00+08:00,2022-12-30 16:00:00+00:00,2022-12-30,16:00:00,416,2022-12-30,23.762083333333333,20.785833333333333,7.246666666666666,199.13208333333333,1.68125,8.915833333333333,222.0120833333333,1.4416666666666669,10.31125,226.97583333333333,1.5958333333333332,51.10416666666666,0.0,24.13208333333333,1007.7208333333332,5.2995833333333335,0.1975,23.762083333333333,20.785833333333333,7.246666666666666,199.13208333333333,1.68125,8.915833333333333,222.0120833333333,1.4416666666666669,10.31125,226.97583333333333,1.5958333333333332,51.10416666666666,0.0,24.13208333333333,1007.7208333333332,5.2995833333333335,0.1975,23.762083333333333,20.785833333333333,7.246666666666666,199.13208333333333,1.68125,8.915833333333333,222.0120833333333,1.4416666666666669,10.31125,226.97583333333333,1.5958333333333332,51.10416666666666,0.0,24.13208333333333,1007.7208333333332,5.2995833333333335,0.1975,0.0,0.0
NMF,North Mole Fremantle,Dec. 30,"2022, 8 p.m.",30-Dec-22   8 p.m.,8,Windy,"22 dec, lots of particulate may be from polychaetes spawning",2022,8 PM,Dec 30 2022 8 PM,2022-12-30 20:00:00,2022-12-30 20:00:00+08:00,2022-12-30 12:00:00+00:00,2022-12-30,12:00:00,417,2022-12-30,20.05958333333333,21.07625,7.2725,199.31375,1.8941666666666668,8.875,217.7058333333333,1.61625,10.302083333333334,221.61125,4.783333333333333,77.60416666666667,0.0,24.13208333333333,1008.3725,8.645416666666668,0.1929166666666666,20.05958333333333,21.07625,7.2725,199.31375,1.8941666666666668,8.875,217.7058333333333,1.61625,10.302083333333334,221.61125,4.783333333333333,77.60416666666667,0.0,24.13208333333333,1008.3725,8.645416666666668,0.1929166666666666,20.05958333333333,21.07625,7.2725,199.31375,1.8941666666666668,8.875,217.7058333333333,1.61625,10.302083333333334,221.61125,4.783333333333333,77.60416666666667,0.0,24.13208333333333,1008.3725,8.645416666666668,0.1929166666666666,0.0,0.0
LEN,Lena Wreck,Dec. 30,"2022, 10 a.m.",30-Dec-22   10 a.m.,14,Fair,"22 deg, light winds",2022,10 AM,Dec 30 2022 10 AM,2022-12-30 10:00:00,2022-12-30 10:00:00+08:00,2022-12-30 02:00:00+00:00,2022-12-30,02:00:00,418,2022-12-30,20.4225,20.29583333333333,7.670833333333333,194.28083333333333,1.512916666666667,9.527083333333334,231.28333333333333,1.26125,11.594166666666666,241.75333333333333,61.97916666666666,67.075,0.0,24.13208333333333,1008.3875,7.478750000000001,0.1645833333333333,20.4225,20.29583333333333,7.670833333333333,194.28083333333333,1.512916666666667,9.527083333333334,231.28333333333333,1.26125,11.594166666666666,241.75333333333333,61.97916666666666,67.075,0.0,24.13208333333333,1008.3875,7.478750000000001,0.1645833333333333,20.4225,20.29583333333333,7.670833333333333,194.28083333333333,1.512916666666667,9.527083333333334,231.28333333333333,1.26125,11.594166666666666,241.75333333333333,61.97916666666666,67.075,0.0,24.13208333333333,1008.3875,7.478750000000001,0.1645833333333333,0.0,0.0
KGT,Kwinana Grain Terminal,Dec. 30,"2022, 9 a.m.",30-Dec-22   9 a.m.,3,Glassy,Awesome morning out there. Plenty of crabs and nudis. Dolphin appeared as we came back to beach.,2022,9 AM,Dec 30 2022 9 AM,2022-12-30 09:00:00,2022-12-30 09:00:00+08:00,2022-12-30 01:00:00+00:00,2022-12-30,01:00:00,419,2022-12-30,19.65833333333333,20.785833333333333,7.246666666666666,199.13208333333333,1.68125,8.915833333333333,222.0120833333333,1.4416666666666669,10.31125,226.97583333333333,16.787499999999998,76.5625,0.0,24.13208333333333,1008.4429166666667,8.640833333333333,0.1975,19.65833333333333,20.785833333333333,7.246666666666666,199.13208333333333,1.68125,8.915833333333333,222.0120833333333,1.4416666666666669,10.31125,226.97583333333333,16.787499999999998,76.5625,0.0,24.13208333333333,1008.4429166666667,8.640833333333333,0.1975,19.65833333333333,20.785833333333333,7.246666666666666,199.13208333333333,1.68125,8.915833333333333,222.0120833333333,1.4416666666666669,10.31125,226.97583333333333,16.787499999999998,76.5625,0.0,24.13208333333333,1008.4429166666667,8.640833333333333,0.1975,0.0,0.0
SCR,South Cottesloe Reef,Dec. 30,"2022, 8 a.m.",30-Dec-22   8 a.m.,4,Fair,Vis much better on northern parts of the reef.,2022,8 AM,Dec 30 2022 8 AM,2022-12-30 08:00:00,2022-12-30 08:00:00+08:00,2022-12-30 00:00:00+00:00,2022-12-30,00:00:00,420,2022-12-30,20.05958333333333,21.07625,7.2725,199.31375,1.8941666666666668,8.875,217.7058333333333,1.61625,10.302083333333334,221.61125,4.783333333333333,77.60416666666667,0.0,24.13208333333333,1008.3725,8.645416666666668,0.1929166666666666,20.05958333333333,21.07625,7.2725,199.31375,1.8941666666666668,8.875,217.7058333333333,1.61625,10.302083333333334,221.61125,4.783333333333333,77.60416666666667,0.0,24.13208333333333,1008.3725,8.645416666666668,0.1929166666666666,20.05958333333333,21.07625,7.2725,199.31375,1.8941666666666668,8.875,217.7058333333333,1.61625,10.302083333333334,221.61125,4.783333333333333,77.60416666666667,0.0,24.13208333333333,1008.3725,8.645416666666668,0.1929166666666666,0.0,0.0
MET,Mettam’s Pool,Dec. 29,"2022, 10 a.m.",29-Dec-22   10 a.m.,2,Fair,"Calm conditions but churned up, particularly out the back of the reef.",2022,10 AM,Dec 29 2022 10 AM,2022-12-29 10:00:00,2022-12-29 10:00:00+08:00,2022-12-29 02:00:00+00:00,2022-12-29,02:00:00,421,2022-12-29,26.140416666666667,21.339166666666667,6.08125,172.53,1.88,9.462083333333334,215.93125,1.7716666666666667,10.160833333333334,219.0220833333333,0.0,28.541666666666668,0.0,24.13625,1011.2404166666666,4.565416666666667,0.2520833333333333,26.140416666666667,21.339166666666667,6.08125,172.53,1.88,9.462083333333334,215.93125,1.7716666666666667,10.160833333333334,219.0220833333333,0.0,28.541666666666668,0.0,24.13625,1011.2404166666666,4.565416666666667,0.2520833333333333,26.140416666666667,21.339166666666667,6.08125,172.53,1.88,9.462083333333334,215.93125,1.7716666666666667,10.160833333333334,219.0220833333333,0.0,28.541666666666668,0.0,24.13625,1011.2404166666666,4.565416666666667,0.2520833333333333,0.0,0.0
CMT,Coogee Maritime Trail,Dec. 29,"2022, 10 a.m.",29-Dec-22   10 a.m.,4,Glassy,-,2022,10 AM,Dec 29 2022 10 AM,2022-12-29 10:00:00,2022-12-29 10:00:00+08:00,2022-12-29 02:00:00+00:00,2022-12-29,02:00:00,422,2022-12-29,26.140416666666667,21.401666666666667,5.189583333333333,174.205,1.663333333333333,9.452916666666669,220.70375,1.5991666666666668,9.955416666666666,222.7670833333333,0.0,28.541666666666668,0.0,24.13625,1011.2404166666666,4.565416666666667,0.2391666666666666,26.140416666666667,21.401666666666667,5.189583333333333,174.205,1.663333333333333,9.452916666666669,220.70375,1.5991666666666668,9.955416666666666,222.7670833333333,0.0,28.541666666666668,0.0,24.13625,1011.2404166666666,4.565416666666667,0.2391666666666666,26.140416666666667,21.401666666666667,5.189583333333333,174.205,1.663333333333333,9.452916666666669,220.70375,1.5991666666666668,9.955416666666666,222.7670833333333,0.0,28.541666666666668,0.0,24.13625,1011.2404166666666,4.565416666666667,0.2391666666666666,0.0,0.0
SCR,South Cottesloe Reef,Dec. 29,"2022, 7 a.m.",29-Dec-22   7 a.m.,4,Fair,Flat,2022,7 AM,Dec 29 2022 7 AM,2022-12-29 07:00:00,2022-12-29 07:00:00+08:00,2022-12-28 23:00:00+00:00,2022-12-28,23:00:00,423,2022-12-28,20.385416666666668,21.317083333333333,6.462916666666668,149.95875,2.0820833333333333,10.44,221.75208333333333,1.9933333333333327,11.0,224.1375,0.0,61.25833333333333,0.0,24.135,1016.8325,9.129166666666666,0.2312499999999999,20.385416666666668,21.317083333333333,6.462916666666668,149.95875,2.0820833333333333,10.44,221.75208333333333,1.9933333333333327,11.0,224.1375,0.0,61.25833333333333,0.0,24.135,1016.8325,9.129166666666666,0.2312499999999999,20.385416666666668,21.317083333333333,6.462916666666668,149.95875,2.0820833333333333,10.44,221.75208333333333,1.9933333333333327,11.0,224.1375,0.0,61.25833333333333,0.0,24.135,1016.8325,9.129166666666666,0.2312499999999999,0.0,0.04
FRE,South Fremantle,Dec. 28,"2022, 8 p.m.",28-Dec-22   8 p.m.,5,Windy,"South Mole. 2m close to shore, about 5m further out. Cuttlefish, Squid, Crayfish. Stingers.",2022,8 PM,Dec 28 2022 8 PM,2022-12-28 20:00:00,2022-12-28 20:00:00+08:00,2022-12-28 12:00:00+00:00,2022-12-28,12:00:00,424,2022-12-28,20.385416666666668,21.317083333333333,6.462916666666668,149.95875,2.0820833333333333,10.44,221.75208333333333,1.9933333333333327,11.0,224.1375,0.0,61.25833333333333,0.0,24.135,1016.8325,9.129166666666666,0.2312499999999999,20.385416666666668,21.317083333333333,6.462916666666668,149.95875,2.0820833333333333,10.44,221.75208333333333,1.9933333333333327,11.0,224.1375,0.0,61.25833333333333,0.0,24.135,1016.8325,9.129166666666666,0.2312499999999999,20.385416666666668,21.317083333333333,6.462916666666668,149.95875,2.0820833333333333,10.44,221.75208333333333,1.9933333333333327,11.0,224.1375,0.0,61.25833333333333,0.0,24.135,1016.8325,9.129166666666666,0.2312499999999999,0.0,0.36
BUL,Bulk Jetty,Dec. 28,"2022, 10 a.m.",28-Dec-22   10 a.m.,3,Glassy,-,2022,10 AM,Dec 28 2022 10 AM,2022-12-28 10:00:00,2022-12-28 10:00:00+08:00,2022-12-28 02:00:00+00:00,2022-12-28,02:00:00,425,2022-12-28,23.64708333333333,20.99625,6.394583333333333,151.54458333333335,1.8533333333333333,10.394583333333332,226.49625,1.7583333333333335,11.072083333333332,229.35666666666668,0.0,30.77083333333333,0.0,24.133750000000003,1016.49875,8.082916666666668,0.2416666666666666,23.64708333333333,20.99625,6.394583333333333,151.54458333333335,1.8533333333333333,10.394583333333332,226.49625,1.7583333333333335,11.072083333333332,229.35666666666668,0.0,30.77083333333333,0.0,24.133750000000003,1016.49875,8.082916666666668,0.2416666666666666,23.64708333333333,20.99625,6.394583333333333,151.54458333333335,1.8533333333333333,10.394583333333332,226.49625,1.7583333333333335,11.072083333333332,229.35666666666668,0.0,30.77083333333333,0.0,24.133750000000003,1016.49875,8.082916666666668,0.2416666666666666,0.0,0.0
CMT,Coogee Maritime Trail,Dec. 27,"2022, noon",27-Dec-22   12 p.m.,2,Fair,Moderate SW winds,2022,12 PM,Dec 27 2022 12 PM,2022-12-27 12:00:00,2022-12-27 12:00:00+08:00,2022-12-27 04:00:00+00:00,2022-12-27,04:00:00,426,2022-12-27,21.195416666666667,21.21875,8.685,160.53125,2.4125,9.529583333333331,217.9875,2.115833333333333,10.782916666666669,224.11125,1.2583333333333333,41.175,0.0,24.13791666666667,1018.10875,9.075833333333334,0.3479166666666666,21.195416666666667,21.21875,8.685,160.53125,2.4125,9.529583333333331,217.9875,2.115833333333333,10.782916666666669,224.11125,1.2583333333333333,41.175,0.0,24.13791666666667,1018.10875,9.075833333333334,0.3479166666666666,21.195416666666667,21.21875,8.685,160.53125,2.4125,9.529583333333331,217.9875,2.115833333333333,10.782916666666669,224.11125,1.2583333333333333,41.175,0.0,24.13791666666667,1018.10875,9.075833333333334,0.3479166666666666,0.0,0.0
RNN,Rottnest North,Dec. 27,"2022, 10 a.m.",27-Dec-22   10 a.m.,12,Fair,Opera House,2022,10 AM,Dec 27 2022 10 AM,2022-12-27 10:00:00,2022-12-27 10:00:00+08:00,2022-12-27 02:00:00+00:00,2022-12-27,02:00:00,427,2022-12-27,19.28125,21.21875,8.685,160.53125,2.4125,9.529583333333331,217.9875,2.115833333333333,10.782916666666669,224.11125,1.4833333333333334,64.45416666666667,0.04,24.13791666666667,1018.74625,11.18875,0.3479166666666666,19.28125,21.21875,8.685,160.53125,2.4125,9.529583333333331,217.9875,2.115833333333333,10.782916666666669,224.11125,1.4833333333333334,64.45416666666667,0.04,24.13791666666667,1018.74625,11.18875,0.3479166666666666,19.28125,21.21875,8.685,160.53125,2.4125,9.529583333333331,217.9875,2.115833333333333,10.782916666666669,224.11125,1.4833333333333334,64.45416666666667,0.04,24.13791666666667,1018.74625,11.18875,0.3479166666666666,0.37,0.43
WAT,Watermans/North Beach,Dec. 27,"2022, 8 a.m.",27-Dec-22   8 a.m.,2,Fair,1-2m,2022,8 AM,Dec 27 2022 8 AM,2022-12-27 08:00:00,2022-12-27 08:00:00+08:00,2022-12-27 00:00:00+00:00,2022-12-27,00:00:00,428,2022-12-27,19.28125,21.39208333333333,10.364166666666668,158.91083333333333,2.7220833333333334,9.474166666666669,212.355,2.2695833333333333,11.140833333333331,220.7320833333333,1.4833333333333334,64.45416666666667,0.04,24.13791666666667,1018.74625,11.18875,0.3583333333333333,19.28125,21.39208333333333,10.364166666666668,158.91083333333333,2.7220833333333334,9.474166666666669,212.355,2.2695833333333333,11.140833333333331,220.7320833333333,1.4833333333333334,64.45416666666667,0.04,24.13791666666667,1018.74625,11.18875,0.3583333333333333,19.28125,21.39208333333333,10.364166666666668,158.91083333333333,2.7220833333333334,9.474166666666669,212.355,2.2695833333333333,11.140833333333331,220.7320833333333,1.4833333333333334,64.45416666666667,0.04,24.13791666666667,1018.74625,11.18875,0.3583333333333333,0.37,0.41
PRT,Port Beach,Dec. 26,"2022, 7 p.m.",26-Dec-22   7 p.m.,4,Fair,2-4m,2022,7 PM,Dec 26 2022 7 PM,2022-12-26 19:00:00,2022-12-26 19:00:00+08:00,2022-12-26 11:00:00+00:00,2022-12-26,11:00:00,429,2022-12-26,19.301666666666662,20.89708333333333,8.264999999999999,197.9575,2.405416666666667,10.35125,219.8725,2.1220833333333333,11.89125,224.03166666666667,38.37083333333333,75.29583333333333,0.37,24.133750000000003,1013.4758333333332,9.511666666666668,0.2408333333333333,19.301666666666662,20.89708333333333,8.264999999999999,197.9575,2.405416666666667,10.35125,219.8725,2.1220833333333333,11.89125,224.03166666666667,38.37083333333333,75.29583333333333,0.37,24.133750000000003,1013.4758333333332,9.511666666666668,0.2408333333333333,19.301666666666662,20.89708333333333,8.264999999999999,197.9575,2.405416666666667,10.35125,219.8725,2.1220833333333333,11.89125,224.03166666666667,38.37083333333333,75.29583333333333,0.37,24.133750000000003,1013.4758333333332,9.511666666666668,0.2408333333333333,0.07,0.07
LEN,Lena Wreck,Dec. 25,"2022, 10 a.m.",25-Dec-22   10 a.m.,17,Fair,Great dive. 22 degrees.,2022,10 AM,Dec 25 2022 10 AM,2022-12-25 10:00:00,2022-12-25 10:00:00+08:00,2022-12-25 02:00:00+00:00,2022-12-25,02:00:00,430,2022-12-25,19.247916666666665,19.859166666666667,7.821666666666666,190.00541666666663,2.160416666666667,13.95125,241.42541666666668,2.06,14.835416666666667,245.0666666666667,28.441666666666663,71.75416666666666,0.0,24.135,1009.4408333333334,7.156666666666666,0.1716666666666666,19.247916666666665,19.859166666666667,7.821666666666666,190.00541666666663,2.160416666666667,13.95125,241.42541666666668,2.06,14.835416666666667,245.0666666666667,28.441666666666663,71.75416666666666,0.0,24.135,1009.4408333333334,7.156666666666666,0.1716666666666666,19.247916666666665,19.859166666666667,7.821666666666666,190.00541666666663,2.160416666666667,13.95125,241.42541666666668,2.06,14.835416666666667,245.0666666666667,28.441666666666663,71.75416666666666,0.0,24.135,1009.4408333333334,7.156666666666666,0.1716666666666666,0.0,0.0
AMJ,Ammo Jetty,Dec. 24,"2022, 8 a.m.",24-Dec-22   8 a.m.,2,Fair,"Cloudy, fine silt.",2022,8 AM,Dec 24 2022 8 AM,2022-12-24 08:00:00,2022-12-24 08:00:00+08:00,2022-12-24 00:00:00+00:00,2022-12-24,00:00:00,431,2022-12-24,25.343333333333334,20.0275,7.140000000000001,185.0433333333333,1.75125,8.39875,217.2733333333333,1.4745833333333334,9.882916666666668,224.87833333333333,7.729166666666667,42.65833333333333,0.0,24.13416666666667,1007.4041666666668,6.32125,0.16125,25.343333333333334,20.0275,7.140000000000001,185.0433333333333,1.75125,8.39875,217.2733333333333,1.4745833333333334,9.882916666666668,224.87833333333333,7.729166666666667,42.65833333333333,0.0,24.13416666666667,1007.4041666666668,6.32125,0.16125,25.343333333333334,20.0275,7.140000000000001,185.0433333333333,1.75125,8.39875,217.2733333333333,1.4745833333333334,9.882916666666668,224.87833333333333,7.729166666666667,42.65833333333333,0.0,24.13416666666667,1007.4041666666668,6.32125,0.16125,0.0,0.0
WOO,Woodman Point,Dec. 24,"2022, 8 a.m.",24-Dec-22   8 a.m.,4,Fair,4-6m,2022,8 AM,Dec 24 2022 8 AM,2022-12-24 08:00:00,2022-12-24 08:00:00+08:00,2022-12-24 00:00:00+00:00,2022-12-24,00:00:00,432,2022-12-24,20.679583333333333,19.88833333333333,7.430416666666667,186.6508333333333,1.5458333333333334,8.36875,221.24791666666667,1.28875,9.975,230.4695833333333,4.1000000000000005,77.05416666666666,0.0,24.13416666666667,1008.0283333333332,9.3175,0.17,20.679583333333333,19.88833333333333,7.430416666666667,186.6508333333333,1.5458333333333334,8.36875,221.24791666666667,1.28875,9.975,230.4695833333333,4.1000000000000005,77.05416666666666,0.0,24.13416666666667,1008.0283333333332,9.3175,0.17,20.679583333333333,19.88833333333333,7.430416666666667,186.6508333333333,1.5458333333333334,8.36875,221.24791666666667,1.28875,9.975,230.4695833333333,4.1000000000000005,77.05416666666666,0.0,24.13416666666667,1008.0283333333332,9.3175,0.17,0.0,0.0
SCR,South Cottesloe Reef,Dec. 23,"2022, 8 p.m.",23-Dec-22   8 p.m.,2,Fair,lucky to get 2m for most of the dive.,2022,8 PM,Dec 23 2022 8 PM,2022-12-23 20:00:00,2022-12-23 20:00:00+08:00,2022-12-23 12:00:00+00:00,2022-12-23,12:00:00,433,2022-12-23,21.76875,20.21333333333333,4.524166666666667,185.81500000000003,1.6608333333333334,10.11125,222.82,1.600833333333333,10.5975,224.47375,0.45,74.15833333333333,0.0,24.135416666666668,1009.4641666666666,8.583333333333334,0.2166666666666666,21.76875,20.21333333333333,4.524166666666667,185.81500000000003,1.6608333333333334,10.11125,222.82,1.600833333333333,10.5975,224.47375,0.45,74.15833333333333,0.0,24.135416666666668,1009.4641666666666,8.583333333333334,0.2166666666666666,21.76875,20.21333333333333,4.524166666666667,185.81500000000003,1.6608333333333334,10.11125,222.82,1.600833333333333,10.5975,224.47375,0.45,74.15833333333333,0.0,24.135416666666668,1009.4641666666666,8.583333333333334,0.2166666666666666,0.0,0.0
AMJ,Ammo Jetty,Dec. 23,"2022, 11 a.m.",23-Dec-22   11 a.m.,1,Glassy,Murky. Very murky.,2022,11 AM,Dec 23 2022 11 AM,2022-12-23 11:00:00,2022-12-23 11:00:00+08:00,2022-12-23 03:00:00+00:00,2022-12-23,03:00:00,434,2022-12-23,28.687916666666663,20.21333333333333,4.524166666666667,185.81500000000003,1.6608333333333334,10.11125,222.82,1.600833333333333,10.5975,224.47375,3.954166666666666,28.65,0.0,24.135416666666668,1009.02,5.888333333333333,0.2166666666666666,28.687916666666663,20.21333333333333,4.524166666666667,185.81500000000003,1.6608333333333334,10.11125,222.82,1.600833333333333,10.5975,224.47375,3.954166666666666,28.65,0.0,24.135416666666668,1009.02,5.888333333333333,0.2166666666666666,28.687916666666663,20.21333333333333,4.524166666666667,185.81500000000003,1.6608333333333334,10.11125,222.82,1.600833333333333,10.5975,224.47375,3.954166666666666,28.65,0.0,24.135416666666668,1009.02,5.888333333333333,0.2166666666666666,0.0,0.0
SCR,South Cottesloe Reef,Dec. 23,"2022, 8 a.m.",23-Dec-22   8 a.m.,4,Fair,"Poor vis close to groyne, dense schools of shimmering fry, baby snapper, morwong, anemones, occies!",2022,8 AM,Dec 23 2022 8 AM,2022-12-23 08:00:00,2022-12-23 08:00:00+08:00,2022-12-23 00:00:00+00:00,2022-12-23,00:00:00,435,2022-12-23,21.76875,20.21333333333333,4.524166666666667,185.81500000000003,1.6608333333333334,10.11125,222.82,1.600833333333333,10.5975,224.47375,0.45,74.15833333333333,0.0,24.135416666666668,1009.4641666666666,8.583333333333334,0.2166666666666666,21.76875,20.21333333333333,4.524166666666667,185.81500000000003,1.6608333333333334,10.11125,222.82,1.600833333333333,10.5975,224.47375,0.45,74.15833333333333,0.0,24.135416666666668,1009.4641666666666,8.583333333333334,0.2166666666666666,21.76875,20.21333333333333,4.524166666666667,185.81500000000003,1.6608333333333334,10.11125,222.82,1.600833333333333,10.5975,224.47375,0.45,74.15833333333333,0.0,24.135416666666668,1009.4641666666666,8.583333333333334,0.2166666666666666,0.0,0.0
CMT,Coogee Maritime Trail,Dec. 23,"2022, 8 a.m.",23-Dec-22   8 a.m.,2,Fair,Good wind and surf conditions for snorkelling but visibility was poor as far as the dive flag.,2022,8 AM,Dec 23 2022 8 AM,2022-12-23 08:00:00,2022-12-23 08:00:00+08:00,2022-12-23 00:00:00+00:00,2022-12-23,00:00:00,436,2022-12-23,28.687916666666663,20.21333333333333,4.524166666666667,185.81500000000003,1.6608333333333334,10.11125,222.82,1.600833333333333,10.5975,224.47375,3.954166666666666,28.65,0.0,24.135416666666668,1009.02,5.888333333333333,0.2166666666666666,28.687916666666663,20.21333333333333,4.524166666666667,185.81500000000003,1.6608333333333334,10.11125,222.82,1.600833333333333,10.5975,224.47375,3.954166666666666,28.65,0.0,24.135416666666668,1009.02,5.888333333333333,0.2166666666666666,28.687916666666663,20.21333333333333,4.524166666666667,185.81500000000003,1.6608333333333334,10.11125,222.82,1.600833333333333,10.5975,224.47375,3.954166666666666,28.65,0.0,24.135416666666668,1009.02,5.888333333333333,0.2166666666666666,0.0,0.0
RTS,Rottnest South,Dec. 22,"2022, noon",22-Dec-22   12 p.m.,10,Fair,"Bit silty, but very flat.",2022,12 PM,Dec 22 2022 12 PM,2022-12-22 12:00:00,2022-12-22 12:00:00+08:00,2022-12-22 04:00:00+00:00,2022-12-22,04:00:00,437,2022-12-22,22.40833333333333,20.2975,4.31625,168.1175,1.95125,12.40125,224.8983333333333,1.93625,12.580833333333333,225.3670833333333,15.6625,69.27916666666667,0.0,24.133333333333336,1009.5329166666668,8.029583333333333,0.28875,22.40833333333333,20.2975,4.31625,168.1175,1.95125,12.40125,224.8983333333333,1.93625,12.580833333333333,225.3670833333333,15.6625,69.27916666666667,0.0,24.133333333333336,1009.5329166666668,8.029583333333333,0.28875,22.40833333333333,20.2975,4.31625,168.1175,1.95125,12.40125,224.8983333333333,1.93625,12.580833333333333,225.3670833333333,15.6625,69.27916666666667,0.0,24.133333333333336,1009.5329166666668,8.029583333333333,0.28875,0.0,0.0
NMF,North Mole Fremantle,Dec. 21,"2022, 8 p.m.",21-Dec-22   8 p.m.,6,Fair,"Topside conditions fairly flat, patchy areas of milky vis",2022,8 PM,Dec 21 2022 8 PM,2022-12-21 20:00:00,2022-12-21 20:00:00+08:00,2022-12-21 12:00:00+00:00,2022-12-21,12:00:00,438,2022-12-21,22.1275,21.254583333333333,5.40875,159.15875,1.997083333333333,12.695833333333333,223.92583333333332,1.96875,13.00625,224.90958333333333,52.3125,66.64583333333333,0.0,24.133333333333336,1009.545,9.021666666666668,0.43,22.1275,21.254583333333333,5.40875,159.15875,1.997083333333333,12.695833333333333,223.92583333333332,1.96875,13.00625,224.90958333333333,52.3125,66.64583333333333,0.0,24.133333333333336,1009.545,9.021666666666668,0.43,22.1275,21.254583333333333,5.40875,159.15875,1.997083333333333,12.695833333333333,223.92583333333332,1.96875,13.00625,224.90958333333333,52.3125,66.64583333333333,0.0,24.133333333333336,1009.545,9.021666666666668,0.43,0.0,0.0
RNN,Rottnest North,Dec. 21,"2022, 1 p.m.",21-Dec-22   1 p.m.,8,Fair,"Roe Reef, a flat surface, a little surge underneath.",2022,1 PM,Dec 21 2022 1 PM,2022-12-21 13:00:00,2022-12-21 13:00:00+08:00,2022-12-21 05:00:00+00:00,2022-12-21,05:00:00,439,2022-12-21,22.1275,21.254583333333333,5.40875,159.15875,1.997083333333333,12.695833333333333,223.92583333333332,1.96875,13.00625,224.90958333333333,52.3125,66.64583333333333,0.0,24.133333333333336,1009.545,9.021666666666668,0.43,22.1275,21.254583333333333,5.40875,159.15875,1.997083333333333,12.695833333333333,223.92583333333332,1.96875,13.00625,224.90958333333333,52.3125,66.64583333333333,0.0,24.133333333333336,1009.545,9.021666666666668,0.43,22.1275,21.254583333333333,5.40875,159.15875,1.997083333333333,12.695833333333333,223.92583333333332,1.96875,13.00625,224.90958333333333,52.3125,66.64583333333333,0.0,24.133333333333336,1009.545,9.021666666666668,0.43,0.0,0.0
BUL,Bulk Jetty,Dec. 21,"2022, 11 a.m.",21-Dec-22   11 a.m.,4,Glassy,"Lots of large crabs, a few seahorses, nudi's. Lots of algae and spawn in the water.",2022,11 AM,Dec 21 2022 11 AM,2022-12-21 11:00:00,2022-12-21 11:00:00+08:00,2022-12-21 03:00:00+00:00,2022-12-21,03:00:00,440,2022-12-21,27.657916666666665,20.765833333333333,5.345416666666666,161.20291666666665,1.7920833333333333,12.74375,229.49,1.7579166666666666,13.1225,231.00875,55.68333333333334,30.433333333333334,0.0,24.133333333333336,1009.0895833333334,10.112916666666669,0.4175,27.657916666666665,20.765833333333333,5.345416666666666,161.20291666666665,1.7920833333333333,12.74375,229.49,1.7579166666666666,13.1225,231.00875,55.68333333333334,30.433333333333334,0.0,24.133333333333336,1009.0895833333334,10.112916666666669,0.4175,27.657916666666665,20.765833333333333,5.345416666666666,161.20291666666665,1.7920833333333333,12.74375,229.49,1.7579166666666666,13.1225,231.00875,55.68333333333334,30.433333333333334,0.0,24.133333333333336,1009.0895833333334,10.112916666666669,0.4175,0.0,0.0
RNN,Rottnest North,Dec. 21,"2022, 11 a.m.",21-Dec-22   11 a.m.,5,Fair,"Opera House, 10m+ vis in first 20m of water. Dropped to 5m on the bottom & in cave.",2022,11 AM,Dec 21 2022 11 AM,2022-12-21 11:00:00,2022-12-21 11:00:00+08:00,2022-12-21 03:00:00+00:00,2022-12-21,03:00:00,441,2022-12-21,22.1275,21.254583333333333,5.40875,159.15875,1.997083333333333,12.695833333333333,223.92583333333332,1.96875,13.00625,224.90958333333333,52.3125,66.64583333333333,0.0,24.133333333333336,1009.545,9.021666666666668,0.43,22.1275,21.254583333333333,5.40875,159.15875,1.997083333333333,12.695833333333333,223.92583333333332,1.96875,13.00625,224.90958333333333,52.3125,66.64583333333333,0.0,24.133333333333336,1009.545,9.021666666666668,0.43,22.1275,21.254583333333333,5.40875,159.15875,1.997083333333333,12.695833333333333,223.92583333333332,1.96875,13.00625,224.90958333333333,52.3125,66.64583333333333,0.0,24.133333333333336,1009.545,9.021666666666668,0.43,0.0,0.0
RTS,Rottnest South,Dec. 21,"2022, 10 a.m.",21-Dec-22   10 a.m.,8,Fair,"Crystal palace, about 8m vis. about 1.3m swell",2022,10 AM,Dec 21 2022 10 AM,2022-12-21 10:00:00,2022-12-21 10:00:00+08:00,2022-12-21 02:00:00+00:00,2022-12-21,02:00:00,442,2022-12-21,22.1275,21.254583333333333,5.40875,159.15875,1.997083333333333,12.695833333333333,223.92583333333332,1.96875,13.00625,224.90958333333333,52.3125,66.64583333333333,0.0,24.133333333333336,1009.545,9.021666666666668,0.43,22.1275,21.254583333333333,5.40875,159.15875,1.997083333333333,12.695833333333333,223.92583333333332,1.96875,13.00625,224.90958333333333,52.3125,66.64583333333333,0.0,24.133333333333336,1009.545,9.021666666666668,0.43,22.1275,21.254583333333333,5.40875,159.15875,1.997083333333333,12.695833333333333,223.92583333333332,1.96875,13.00625,224.90958333333333,52.3125,66.64583333333333,0.0,24.133333333333336,1009.545,9.021666666666668,0.43,0.0,0.0
BIC,Bicton Baths,Dec. 20,"2022, 9 a.m.",20-Dec-22   9 a.m.,5,Fair,-,2022,9 AM,Dec 20 2022 9 AM,2022-12-20 09:00:00,2022-12-20 09:00:00+08:00,2022-12-20 01:00:00+00:00,2022-12-20,01:00:00,443,2022-12-20,28.508333333333336,21.04208333333333,6.579583333333333,150.9975,1.6483333333333334,10.653333333333334,221.44583333333333,1.5079166666666666,11.950833333333334,228.0404166666667,19.554166666666667,24.575,0.0,24.133750000000003,1009.1175,10.814583333333331,0.3487499999999999,28.508333333333336,21.04208333333333,6.579583333333333,150.9975,1.6483333333333334,10.653333333333334,221.44583333333333,1.5079166666666666,11.950833333333334,228.0404166666667,19.554166666666667,24.575,0.0,24.133750000000003,1009.1175,10.814583333333331,0.3487499999999999,28.508333333333336,21.04208333333333,6.579583333333333,150.9975,1.6483333333333334,10.653333333333334,221.44583333333333,1.5079166666666666,11.950833333333334,228.0404166666667,19.554166666666667,24.575,0.0,24.133750000000003,1009.1175,10.814583333333331,0.3487499999999999,0.0,0.0
LEN,Lena Wreck,Dec. 20,"2022, 8 a.m.",20-Dec-22   8 a.m.,17,Glassy,"Amazing visability, 21°. Sea like a mirror.",2022,8 AM,Dec 20 2022 8 AM,2022-12-20 08:00:00,2022-12-20 08:00:00+08:00,2022-12-20 00:00:00+00:00,2022-12-20,00:00:00,444,2022-12-20,22.7675,20.065,5.34,159.7675,1.3395833333333331,12.204166666666666,246.4925,1.2754166666666666,13.095833333333331,251.0275,41.3125,51.36666666666667,0.0,24.133750000000003,1011.5975,9.110416666666667,0.3408333333333333,22.7675,20.065,5.34,159.7675,1.3395833333333331,12.204166666666666,246.4925,1.2754166666666666,13.095833333333331,251.0275,41.3125,51.36666666666667,0.0,24.133750000000003,1011.5975,9.110416666666667,0.3408333333333333,22.7675,20.065,5.34,159.7675,1.3395833333333331,12.204166666666666,246.4925,1.2754166666666666,13.095833333333331,251.0275,41.3125,51.36666666666667,0.0,24.133750000000003,1011.5975,9.110416666666667,0.3408333333333333,0.0,0.0
SCR,South Cottesloe Reef,Dec. 19,"2022, 6 a.m.",19-Dec-22   6 a.m.,5,Fair,Milky and flat,2022,6 AM,Dec 19 2022 6 AM,2022-12-19 06:00:00,2022-12-19 06:00:00+08:00,2022-12-18 22:00:00+00:00,2022-12-18,22:00:00,445,2022-12-18,22.271666666666665,20.887916666666666,6.31125,131.71833333333333,1.77125,11.624583333333334,226.65875000000003,1.6820833333333332,12.487083333333333,231.02791666666667,40.9875,63.30416666666667,0.0,24.133333333333336,1008.6254166666666,9.854583333333332,0.3579166666666666,22.271666666666665,20.887916666666666,6.31125,131.71833333333333,1.77125,11.624583333333334,226.65875000000003,1.6820833333333332,12.487083333333333,231.02791666666667,40.9875,63.30416666666667,0.0,24.133333333333336,1008.6254166666666,9.854583333333332,0.3579166666666666,22.271666666666665,20.887916666666666,6.31125,131.71833333333333,1.77125,11.624583333333334,226.65875000000003,1.6820833333333332,12.487083333333333,231.02791666666667,40.9875,63.30416666666667,0.0,24.133333333333336,1008.6254166666666,9.854583333333332,0.3579166666666666,0.0,0.0
KGT,Kwinana Grain Terminal,Dec. 18,"2022, 9 p.m.",18-Dec-22   9 p.m.,3,Fair,"22c, no surge, night occy, blue rings, plenty of crabs. Not many nudis",2022,9 PM,Dec 18 2022 9 PM,2022-12-18 21:00:00,2022-12-18 21:00:00+08:00,2022-12-18 13:00:00+00:00,2022-12-18,13:00:00,446,2022-12-18,22.016666666666666,20.625416666666663,5.495,134.01875,1.5741666666666667,11.871666666666668,233.23458333333332,1.5170833333333336,12.528333333333334,236.18375,28.6,64.175,0.0,24.133333333333336,1009.2175,9.38,0.35,22.016666666666666,20.625416666666663,5.495,134.01875,1.5741666666666667,11.871666666666668,233.23458333333332,1.5170833333333336,12.528333333333334,236.18375,28.6,64.175,0.0,24.133333333333336,1009.2175,9.38,0.35,22.016666666666666,20.625416666666663,5.495,134.01875,1.5741666666666667,11.871666666666668,233.23458333333332,1.5170833333333336,12.528333333333334,236.18375,28.6,64.175,0.0,24.133333333333336,1009.2175,9.38,0.35,0.0,0.0
ROB,Robbs Jetty,Dec. 18,"2022, 10 a.m.",18-Dec-22   10 a.m.,10,Fair,Still excellent viz two days later.,2022,10 AM,Dec 18 2022 10 AM,2022-12-18 10:00:00,2022-12-18 10:00:00+08:00,2022-12-18 02:00:00+00:00,2022-12-18,02:00:00,447,2022-12-18,26.74833333333333,20.887916666666666,6.31125,131.71833333333333,1.77125,11.624583333333334,226.65875000000003,1.6820833333333332,12.487083333333333,231.02791666666667,48.57083333333333,27.675,0.0,24.133333333333336,1008.6220833333332,9.462916666666668,0.3579166666666666,26.74833333333333,20.887916666666666,6.31125,131.71833333333333,1.77125,11.624583333333334,226.65875000000003,1.6820833333333332,12.487083333333333,231.02791666666667,48.57083333333333,27.675,0.0,24.133333333333336,1008.6220833333332,9.462916666666668,0.3579166666666666,26.74833333333333,20.887916666666666,6.31125,131.71833333333333,1.77125,11.624583333333334,226.65875000000003,1.6820833333333332,12.487083333333333,231.02791666666667,48.57083333333333,27.675,0.0,24.133333333333336,1008.6220833333332,9.462916666666668,0.3579166666666666,0.0,0.0
KGT,Kwinana Grain Terminal,Dec. 18,"2022, 10 a.m.",18-Dec-22   10 a.m.,4,Fair,"NE breeze, calm",2022,10 AM,Dec 18 2022 10 AM,2022-12-18 10:00:00,2022-12-18 10:00:00+08:00,2022-12-18 02:00:00+00:00,2022-12-18,02:00:00,448,2022-12-18,22.016666666666666,20.625416666666663,5.495,134.01875,1.5741666666666667,11.871666666666668,233.23458333333332,1.5170833333333336,12.528333333333334,236.18375,28.6,64.175,0.0,24.133333333333336,1009.2175,9.38,0.35,22.016666666666666,20.625416666666663,5.495,134.01875,1.5741666666666667,11.871666666666668,233.23458333333332,1.5170833333333336,12.528333333333334,236.18375,28.6,64.175,0.0,24.133333333333336,1009.2175,9.38,0.35,22.016666666666666,20.625416666666663,5.495,134.01875,1.5741666666666667,11.871666666666668,233.23458333333332,1.5170833333333336,12.528333333333334,236.18375,28.6,64.175,0.0,24.133333333333336,1009.2175,9.38,0.35,0.0,0.0
FRE,South Fremantle,Dec. 18,"2022, 9 a.m.",18-Dec-22   9 a.m.,10,Fair,South mole,2022,9 AM,Dec 18 2022 9 AM,2022-12-18 09:00:00,2022-12-18 09:00:00+08:00,2022-12-18 01:00:00+00:00,2022-12-18,01:00:00,449,2022-12-18,22.271666666666665,20.887916666666666,6.31125,131.71833333333333,1.77125,11.624583333333334,226.65875000000003,1.6820833333333332,12.487083333333333,231.02791666666667,40.9875,63.30416666666667,0.0,24.133333333333336,1008.6254166666666,9.854583333333332,0.3579166666666666,22.271666666666665,20.887916666666666,6.31125,131.71833333333333,1.77125,11.624583333333334,226.65875000000003,1.6820833333333332,12.487083333333333,231.02791666666667,40.9875,63.30416666666667,0.0,24.133333333333336,1008.6254166666666,9.854583333333332,0.3579166666666666,22.271666666666665,20.887916666666666,6.31125,131.71833333333333,1.77125,11.624583333333334,226.65875000000003,1.6820833333333332,12.487083333333333,231.02791666666667,40.9875,63.30416666666667,0.0,24.133333333333336,1008.6254166666666,9.854583333333332,0.3579166666666666,0.0,0.0
AMJ,Ammo Jetty,Dec. 18,"2022, 8 a.m.",18-Dec-22   8 a.m.,5,Fair,"3-5m vis, murky but not much 'dust' in the water. Ok for macro",2022,8 AM,Dec 18 2022 8 AM,2022-12-18 08:00:00,2022-12-18 08:00:00+08:00,2022-12-18 00:00:00+00:00,2022-12-18,00:00:00,450,2022-12-18,26.74833333333333,20.887916666666666,6.31125,131.71833333333333,1.77125,11.624583333333334,226.65875000000003,1.6820833333333332,12.487083333333333,231.02791666666667,48.57083333333333,27.675,0.0,24.133333333333336,1008.6220833333332,9.462916666666668,0.3579166666666666,26.74833333333333,20.887916666666666,6.31125,131.71833333333333,1.77125,11.624583333333334,226.65875000000003,1.6820833333333332,12.487083333333333,231.02791666666667,48.57083333333333,27.675,0.0,24.133333333333336,1008.6220833333332,9.462916666666668,0.3579166666666666,26.74833333333333,20.887916666666666,6.31125,131.71833333333333,1.77125,11.624583333333334,226.65875000000003,1.6820833333333332,12.487083333333333,231.02791666666667,48.57083333333333,27.675,0.0,24.133333333333336,1008.6220833333332,9.462916666666668,0.3579166666666666,0.0,0.0
GDN,Garden Island (North),Dec. 17,"2022, 2 p.m.",17-Dec-22   2 p.m.,15,Fair,15-20m,2022,2 PM,Dec 17 2022 2 PM,2022-12-17 14:00:00,2022-12-17 14:00:00+08:00,2022-12-17 06:00:00+00:00,2022-12-17,06:00:00,451,2022-12-17,20.777916666666663,19.985,6.254583333333334,150.65041666666667,1.43125,10.843333333333334,228.3733333333333,1.3175,12.155416666666667,234.35625,26.6625,69.24583333333334,0.0,24.13416666666667,1011.5854166666668,9.6575,0.2729166666666667,20.777916666666663,19.985,6.254583333333334,150.65041666666667,1.43125,10.843333333333334,228.3733333333333,1.3175,12.155416666666667,234.35625,26.6625,69.24583333333334,0.0,24.13416666666667,1011.5854166666668,9.6575,0.2729166666666667,20.777916666666663,19.985,6.254583333333334,150.65041666666667,1.43125,10.843333333333334,228.3733333333333,1.3175,12.155416666666667,234.35625,26.6625,69.24583333333334,0.0,24.13416666666667,1011.5854166666668,9.6575,0.2729166666666667,0.0,0.0
RNW,Rottnest West,Dec. 17,"2022, 9 a.m.",17-Dec-22   9 a.m.,15,Fair,"Dave’s caves, little bit of turbidity in the water but good conditions underwater",2022,9 AM,Dec 17 2022 9 AM,2022-12-17 09:00:00,2022-12-17 09:00:00+08:00,2022-12-17 01:00:00+00:00,2022-12-17,01:00:00,452,2022-12-17,20.777916666666663,20.3775,6.576666666666667,146.11041666666668,1.9729166666666669,6.790416666666666,224.20875,1.76625,11.258333333333333,233.18625,26.6625,69.24583333333334,0.0,24.13416666666667,1011.5854166666668,9.6575,0.2683333333333333,20.777916666666663,20.3775,6.576666666666667,146.11041666666668,1.9729166666666669,6.790416666666666,224.20875,1.76625,11.258333333333333,233.18625,26.6625,69.24583333333334,0.0,24.13416666666667,1011.5854166666668,9.6575,0.2683333333333333,20.777916666666663,20.3775,6.576666666666667,146.11041666666668,1.9729166666666669,6.790416666666666,224.20875,1.76625,11.258333333333333,233.18625,26.6625,69.24583333333334,0.0,24.13416666666667,1011.5854166666668,9.6575,0.2683333333333333,0.0,0.0
AMJ,Ammo Jetty,Dec. 17,"2022, 8 a.m.",17-Dec-22   8 a.m.,7,Fair,Snorkeled. Could just see the bottom at the end of the jetty.e,2022,8 AM,Dec 17 2022 8 AM,2022-12-17 08:00:00,2022-12-17 08:00:00+08:00,2022-12-17 00:00:00+00:00,2022-12-17,00:00:00,453,2022-12-17,24.225,20.3775,6.576666666666667,146.11041666666668,1.6175,10.56875,221.45666666666668,1.461666666666667,12.045833333333334,228.75791666666663,7.620833333333334,38.17916666666667,0.0,24.13416666666667,1011.5129166666668,7.974166666666666,0.2683333333333333,24.225,20.3775,6.576666666666667,146.11041666666668,1.6175,10.56875,221.45666666666668,1.461666666666667,12.045833333333334,228.75791666666663,7.620833333333334,38.17916666666667,0.0,24.13416666666667,1011.5129166666668,7.974166666666666,0.2683333333333333,24.225,20.3775,6.576666666666667,146.11041666666668,1.6175,10.56875,221.45666666666668,1.461666666666667,12.045833333333334,228.75791666666663,7.620833333333334,38.17916666666667,0.0,24.13416666666667,1011.5129166666668,7.974166666666666,0.2683333333333333,0.0,0.0
ROB,Robbs Jetty,Dec. 16,"2022, 1 p.m.",16-Dec-22   1 p.m.,10,Fair,Clear and calm. Excellent viz.,2022,1 PM,Dec 16 2022 1 PM,2022-12-16 13:00:00,2022-12-16 13:00:00+08:00,2022-12-16 05:00:00+00:00,2022-12-16,05:00:00,454,2022-12-16,23.13416666666667,20.405833333333334,7.61,145.53958333333333,1.4895833333333333,9.945833333333333,208.76875,1.3116666666666668,11.757916666666668,220.45541666666668,0.8875000000000001,37.35,0.0,24.13458333333333,1012.3666666666668,9.817916666666669,0.3258333333333333,23.13416666666667,20.405833333333334,7.61,145.53958333333333,1.4895833333333333,9.945833333333333,208.76875,1.3116666666666668,11.757916666666668,220.45541666666668,0.8875000000000001,37.35,0.0,24.13458333333333,1012.3666666666668,9.817916666666669,0.3258333333333333,23.13416666666667,20.405833333333334,7.61,145.53958333333333,1.4895833333333333,9.945833333333333,208.76875,1.3116666666666668,11.757916666666668,220.45541666666668,0.8875000000000001,37.35,0.0,24.13458333333333,1012.3666666666668,9.817916666666669,0.3258333333333333,0.0,0.0
RTS,Rottnest South,Dec. 16,"2022, 11 a.m.",16-Dec-22   11 a.m.,20,Glassy,Little Salmon Bay snorkel. Great conditions,2022,11 AM,Dec 16 2022 11 AM,2022-12-16 11:00:00,2022-12-16 11:00:00+08:00,2022-12-16 03:00:00+00:00,2022-12-16,03:00:00,455,2022-12-16,19.855,20.405833333333334,7.61,145.53958333333333,1.4895833333333333,9.945833333333333,208.76875,1.3116666666666668,11.757916666666668,220.45541666666668,0.075,67.39166666666667,0.0,24.13458333333333,1012.6854166666668,11.6675,0.3258333333333333,19.855,20.405833333333334,7.61,145.53958333333333,1.4895833333333333,9.945833333333333,208.76875,1.3116666666666668,11.757916666666668,220.45541666666668,0.075,67.39166666666667,0.0,24.13458333333333,1012.6854166666668,11.6675,0.3258333333333333,19.855,20.405833333333334,7.61,145.53958333333333,1.4895833333333333,9.945833333333333,208.76875,1.3116666666666668,11.757916666666668,220.45541666666668,0.075,67.39166666666667,0.0,24.13458333333333,1012.6854166666668,11.6675,0.3258333333333333,0.0,0.0
KGT,Kwinana Grain Terminal,Dec. 14,"2022, 7 p.m.",14-Dec-22   7 p.m.,4,Fair,Calm water. Some current.,2022,7 PM,Dec 14 2022 7 PM,2022-12-14 19:00:00,2022-12-14 19:00:00+08:00,2022-12-14 11:00:00+00:00,2022-12-14,11:00:00,456,2022-12-14,19.93458333333333,19.63083333333333,6.361250000000001,154.63458333333332,1.0733333333333333,8.565833333333334,213.45791666666665,0.955,9.971666666666666,225.2925,0.8083333333333332,67.39583333333333,0.0,24.137083333333333,1012.9829166666668,10.639583333333333,0.2483333333333333,19.93458333333333,19.63083333333333,6.361250000000001,154.63458333333332,1.0733333333333333,8.565833333333334,213.45791666666665,0.955,9.971666666666666,225.2925,0.8083333333333332,67.39583333333333,0.0,24.137083333333333,1012.9829166666668,10.639583333333333,0.2483333333333333,19.93458333333333,19.63083333333333,6.361250000000001,154.63458333333332,1.0733333333333333,8.565833333333334,213.45791666666665,0.955,9.971666666666666,225.2925,0.8083333333333332,67.39583333333333,0.0,24.137083333333333,1012.9829166666668,10.639583333333333,0.2483333333333333,0.0,0.0
WAT,Watermans/North Beach,Dec. 13,"2022, 7 p.m.",13-Dec-22   7 p.m.,7,Fair,hazy viz. Low swell low winds,2022,7 PM,Dec 13 2022 7 PM,2022-12-13 19:00:00,2022-12-13 19:00:00+08:00,2022-12-13 11:00:00+00:00,2022-12-13,11:00:00,457,2022-12-13,19.398333333333333,20.01458333333333,8.6575,119.50458333333334,1.405,8.443333333333333,175.42916666666667,1.0825,11.317083333333334,211.34125,29.9375,63.4625,0.2,24.135,1014.4416666666666,11.765,0.24625,19.398333333333333,20.01458333333333,8.6575,119.50458333333334,1.405,8.443333333333333,175.42916666666667,1.0825,11.317083333333334,211.34125,29.9375,63.4625,0.2,24.135,1014.4416666666666,11.765,0.24625,19.398333333333333,20.01458333333333,8.6575,119.50458333333334,1.405,8.443333333333333,175.42916666666667,1.0825,11.317083333333334,211.34125,29.9375,63.4625,0.2,24.135,1014.4416666666666,11.765,0.24625,0.26,0.26
MET,Mettam’s Pool,Dec. 13,"2022, noon",13-Dec-22   12 p.m.,4,Fair,Flat and calm waters but strong easterlies,2022,12 PM,Dec 13 2022 12 PM,2022-12-13 12:00:00,2022-12-13 12:00:00+08:00,2022-12-13 04:00:00+00:00,2022-12-13,04:00:00,458,2022-12-13,18.4325,20.01458333333333,8.6575,119.50458333333334,1.405,8.443333333333333,175.42916666666667,1.0825,11.317083333333334,211.34125,44.98333333333333,51.0875,2.28,22.56833333333333,1014.1229166666668,14.210833333333332,0.24625,18.4325,20.01458333333333,8.6575,119.50458333333334,1.405,8.443333333333333,175.42916666666667,1.0825,11.317083333333334,211.34125,44.98333333333333,51.0875,2.28,22.56833333333333,1014.1229166666668,14.210833333333332,0.24625,18.4325,20.01458333333333,8.6575,119.50458333333334,1.405,8.443333333333333,175.42916666666667,1.0825,11.317083333333334,211.34125,44.98333333333333,51.0875,2.28,22.56833333333333,1014.1229166666668,14.210833333333332,0.24625,6.32,6.32
KGT,Kwinana Grain Terminal,Dec. 10,"2022, 8 a.m.",10-Dec-22   8 a.m.,8,Glassy,"Calm, warm. Nudi, crabs, patches of murk.",2022,8 AM,Dec 10 2022 8 AM,2022-12-10 08:00:00,2022-12-10 08:00:00+08:00,2022-12-10 00:00:00+00:00,2022-12-10,00:00:00,459,2022-12-10,16.903333333333332,19.80333333333333,8.112083333333333,167.71166666666667,1.985,10.161666666666669,222.53583333333333,1.7733333333333334,11.446666666666667,229.59125,16.170833333333334,63.88333333333333,0.0,24.133750000000003,1019.2275,10.084166666666668,0.27,16.903333333333332,19.80333333333333,8.112083333333333,167.71166666666667,1.985,10.161666666666669,222.53583333333333,1.7733333333333334,11.446666666666667,229.59125,16.170833333333334,63.88333333333333,0.0,24.133750000000003,1019.2275,10.084166666666668,0.27,16.903333333333332,19.80333333333333,8.112083333333333,167.71166666666667,1.985,10.161666666666669,222.53583333333333,1.7733333333333334,11.446666666666667,229.59125,16.170833333333334,63.88333333333333,0.0,24.133750000000003,1019.2275,10.084166666666668,0.27,0.0,0.35
BIC,Bicton Baths,Dec. 7,"2022, 7 p.m.",7-Dec-22   7 p.m.,8,Glassy,"Night dive. Ripping current in the channel, but pretty clear water",2022,7 PM,Dec 7 2022 7 PM,2022-12-07 19:00:00,2022-12-07 19:00:00+08:00,2022-12-07 11:00:00+00:00,2022-12-07,11:00:00,460,2022-12-07,23.32958333333333,20.332916666666662,7.9175,161.00041666666667,1.9741666666666664,9.9325,211.8695833333333,1.731666666666667,11.371250000000002,219.7445833333333,26.225,38.475,0.39,24.133750000000003,1006.0654166666668,8.381666666666666,0.3075,23.32958333333333,20.332916666666662,7.9175,161.00041666666667,1.9741666666666664,9.9325,211.8695833333333,1.731666666666667,11.371250000000002,219.7445833333333,26.225,38.475,0.39,24.133750000000003,1006.0654166666668,8.381666666666666,0.3075,23.32958333333333,20.332916666666662,7.9175,161.00041666666667,1.9741666666666664,9.9325,211.8695833333333,1.731666666666667,11.371250000000002,219.7445833333333,26.225,38.475,0.39,24.133750000000003,1006.0654166666668,8.381666666666666,0.3075,0.12,0.12
BIC,Bicton Baths,Dec. 7,"2022, 8 a.m.",7-Dec-22   8 a.m.,4,Windy,-,2022,8 AM,Dec 7 2022 8 AM,2022-12-07 08:00:00,2022-12-07 08:00:00+08:00,2022-12-07 00:00:00+00:00,2022-12-07,00:00:00,461,2022-12-07,23.32958333333333,20.332916666666662,7.9175,161.00041666666667,1.9741666666666664,9.9325,211.8695833333333,1.731666666666667,11.371250000000002,219.7445833333333,26.225,38.475,0.39,24.133750000000003,1006.0654166666668,8.381666666666666,0.3075,23.32958333333333,20.332916666666662,7.9175,161.00041666666667,1.9741666666666664,9.9325,211.8695833333333,1.731666666666667,11.371250000000002,219.7445833333333,26.225,38.475,0.39,24.133750000000003,1006.0654166666668,8.381666666666666,0.3075,23.32958333333333,20.332916666666662,7.9175,161.00041666666667,1.9741666666666664,9.9325,211.8695833333333,1.731666666666667,11.371250000000002,219.7445833333333,26.225,38.475,0.39,24.133750000000003,1006.0654166666668,8.381666666666666,0.3075,0.0,0.0
SCR,South Cottesloe Reef,Dec. 2,"2022, 9 p.m.",2-Dec-22   9 p.m.,2,Fair,"21c, lots of algae, surge",2022,9 PM,Dec 2 2022 9 PM,2022-12-02 21:00:00,2022-12-02 21:00:00+08:00,2022-12-02 13:00:00+00:00,2022-12-02,13:00:00,462,2022-12-02,17.96,20.1,5.647083333333334,184.84875,1.4995833333333335,9.555,223.14291666666668,1.4279166666666667,10.2375,225.4275,38.516666666666666,75.175,0.0,24.137083333333333,1010.5904166666666,7.24625,0.4058333333333333,17.96,20.1,5.647083333333334,184.84875,1.4995833333333335,9.555,223.14291666666668,1.4279166666666667,10.2375,225.4275,38.516666666666666,75.175,0.0,24.137083333333333,1010.5904166666666,7.24625,0.4058333333333333,17.96,20.1,5.647083333333334,184.84875,1.4995833333333335,9.555,223.14291666666668,1.4279166666666667,10.2375,225.4275,38.516666666666666,75.175,0.0,24.137083333333333,1010.5904166666666,7.24625,0.4058333333333333,0.0,0.51
MET,Mettam’s Pool,Nov. 22,"2022, 6 a.m.",22-Nov-22   6 a.m.,5,Fair,Milky,2022,6 AM,Nov 22 2022 6 AM,2022-11-22 06:00:00,2022-11-22 06:00:00+08:00,2022-11-21 22:00:00+00:00,2022-11-21,22:00:00,463,2022-11-21,22.876666666666665,18.49458333333333,7.85125,134.4725,1.9175,9.679583333333332,205.4525,1.7441666666666666,10.815,211.9725,24.22083333333333,31.35833333333333,0.0,24.13208333333333,1016.8170833333334,9.620833333333334,0.2758333333333334,22.876666666666665,18.49458333333333,7.85125,134.4725,1.9175,9.679583333333332,205.4525,1.7441666666666666,10.815,211.9725,24.22083333333333,31.35833333333333,0.0,24.13208333333333,1016.8170833333334,9.620833333333334,0.2758333333333334,22.876666666666665,18.49458333333333,7.85125,134.4725,1.9175,9.679583333333332,205.4525,1.7441666666666666,10.815,211.9725,24.22083333333333,31.35833333333333,0.0,24.13208333333333,1016.8170833333334,9.620833333333334,0.2758333333333334,0.0,0.0
SGR,Sue's Groyne,Nov. 16,"2022, 7 p.m.",16-Nov-22   7 p.m.,5,Fair,"Sues Groyne. Lots of Red Algae, and silt on bottom.",2022,7 PM,Nov 16 2022 7 PM,2022-11-16 19:00:00,2022-11-16 19:00:00+08:00,2022-11-16 11:00:00+00:00,2022-11-16,11:00:00,464,2022-11-16,20.46208333333333,18.082916666666662,7.109166666666667,229.1058333333333,1.3695833333333332,6.79375,226.25375,1.034166666666667,8.6575,222.4575,34.95,49.7375,1.02,23.629583333333333,1002.5954166666668,7.313333333333333,0.1475,20.46208333333333,18.082916666666662,7.109166666666667,229.1058333333333,1.3695833333333332,6.79375,226.25375,1.034166666666667,8.6575,222.4575,34.95,49.7375,1.02,23.629583333333333,1002.5954166666668,7.313333333333333,0.1475,20.46208333333333,18.082916666666662,7.109166666666667,229.1058333333333,1.3695833333333332,6.79375,226.25375,1.034166666666667,8.6575,222.4575,34.95,49.7375,1.02,23.629583333333333,1002.5954166666668,7.313333333333333,0.1475,0.0,0.0
SCR,South Cottesloe Reef,Nov. 14,"2022, 7 a.m.",14-Nov-22   7 a.m.,8,Fair,-,2022,7 AM,Nov 14 2022 7 AM,2022-11-14 07:00:00,2022-11-14 07:00:00+08:00,2022-11-13 23:00:00+00:00,2022-11-13,23:00:00,465,2022-11-13,15.972916666666668,18.17708333333333,8.958333333333334,150.4325,1.7895833333333335,8.967916666666666,206.51583333333332,1.49875,10.89625,216.66791666666663,23.36666666666667,65.98333333333333,0.0,24.135,1021.06125,9.054583333333332,0.2283333333333333,15.972916666666668,18.17708333333333,8.958333333333334,150.4325,1.7895833333333335,8.967916666666666,206.51583333333332,1.49875,10.89625,216.66791666666663,23.36666666666667,65.98333333333333,0.0,24.135,1021.06125,9.054583333333332,0.2283333333333333,15.972916666666668,18.17708333333333,8.958333333333334,150.4325,1.7895833333333335,8.967916666666666,206.51583333333332,1.49875,10.89625,216.66791666666663,23.36666666666667,65.98333333333333,0.0,24.135,1021.06125,9.054583333333332,0.2283333333333333,0.0,0.0699999999999999
CMB,The Coombe & Mosman Bay,Nov. 13,"2022, 7 a.m.",13-Nov-22   7 a.m.,3,Fair,-,2022,7 AM,Nov 13 2022 7 AM,2022-11-13 07:00:00,2022-11-13 07:00:00+08:00,2022-11-12 23:00:00+00:00,2022-11-12,23:00:00,466,2022-11-12,15.052083333333334,18.1475,8.325000000000001,164.385,1.794166666666667,8.69875,209.1604166666667,1.4800000000000002,10.580416666666666,218.94416666666663,11.0375,53.57083333333333,0.0,24.133750000000003,1018.7895833333332,6.913333333333333,0.2383333333333333,15.052083333333334,18.1475,8.325000000000001,164.385,1.794166666666667,8.69875,209.1604166666667,1.4800000000000002,10.580416666666666,218.94416666666663,11.0375,53.57083333333333,0.0,24.133750000000003,1018.7895833333332,6.913333333333333,0.2383333333333333,15.052083333333334,18.1475,8.325000000000001,164.385,1.794166666666667,8.69875,209.1604166666667,1.4800000000000002,10.580416666666666,218.94416666666663,11.0375,53.57083333333333,0.0,24.133750000000003,1018.7895833333332,6.913333333333333,0.2383333333333333,0.0,0.02
PRT,Port Beach,Nov. 9,"2022, 7 a.m.",9-Nov-22   7 a.m.,4,Fair,-,2022,7 AM,Nov 9 2022 7 AM,2022-11-09 07:00:00,2022-11-09 07:00:00+08:00,2022-11-08 23:00:00+00:00,2022-11-08,23:00:00,467,2022-11-08,17.643333333333334,18.596666666666668,5.1975,174.40708333333336,1.84375,11.057083333333331,226.13458333333327,1.7733333333333334,11.664166666666668,228.34666666666664,27.758333333333336,77.43333333333334,1.01,23.856666666666666,1010.3525,5.61625,0.31625,17.643333333333334,18.596666666666668,5.1975,174.40708333333336,1.84375,11.057083333333331,226.13458333333327,1.7733333333333334,11.664166666666668,228.34666666666664,27.758333333333336,77.43333333333334,1.01,23.856666666666666,1010.3525,5.61625,0.31625,17.643333333333334,18.596666666666668,5.1975,174.40708333333336,1.84375,11.057083333333331,226.13458333333327,1.7733333333333334,11.664166666666668,228.34666666666664,27.758333333333336,77.43333333333334,1.01,23.856666666666666,1010.3525,5.61625,0.31625,1.01,1.4
NMF,North Mole Fremantle,Nov. 6,"2022, 9 a.m.",6-Nov-22   9 a.m.,6,Fair,-,2022,9 AM,Nov 6 2022 9 AM,2022-11-06 09:00:00,2022-11-06 09:00:00+08:00,2022-11-06 01:00:00+00:00,2022-11-06,01:00:00,468,2022-11-06,18.002916666666668,18.652083333333334,8.112083333333333,171.58583333333334,1.9120833333333331,9.537916666666666,218.31375,1.61625,11.327916666666669,225.22375,69.35833333333333,73.91250000000001,0.09,24.072916666666668,1008.2366666666668,8.7025,0.2833333333333334,18.002916666666668,18.652083333333334,8.112083333333333,171.58583333333334,1.9120833333333331,9.537916666666666,218.31375,1.61625,11.327916666666669,225.22375,69.35833333333333,73.91250000000001,0.09,24.072916666666668,1008.2366666666668,8.7025,0.2833333333333334,18.002916666666668,18.652083333333334,8.112083333333333,171.58583333333334,1.9120833333333331,9.537916666666666,218.31375,1.61625,11.327916666666669,225.22375,69.35833333333333,73.91250000000001,0.09,24.072916666666668,1008.2366666666668,8.7025,0.2833333333333334,0.01,0.15
SCR,South Cottesloe Reef,Nov. 3,"2022, 7 a.m.",3-Nov-22   7 a.m.,8,Fair,Reef to south of groyne,2022,7 AM,Nov 3 2022 7 AM,2022-11-03 07:00:00,2022-11-03 07:00:00+08:00,2022-11-02 23:00:00+00:00,2022-11-02,23:00:00,469,2022-11-02,18.438333333333333,18.245833333333334,7.579166666666667,131.15833333333333,1.6020833333333335,10.0825,212.62041666666667,1.42125,11.7625,221.31041666666667,35.7,69.3875,0.0,24.132916666666663,1020.4825,10.277916666666666,0.1945833333333333,18.438333333333333,18.245833333333334,7.579166666666667,131.15833333333333,1.6020833333333335,10.0825,212.62041666666667,1.42125,11.7625,221.31041666666667,35.7,69.3875,0.0,24.132916666666663,1020.4825,10.277916666666666,0.1945833333333333,18.438333333333333,18.245833333333334,7.579166666666667,131.15833333333333,1.6020833333333335,10.0825,212.62041666666667,1.42125,11.7625,221.31041666666667,35.7,69.3875,0.0,24.132916666666663,1020.4825,10.277916666666666,0.1945833333333333,0.0,0.0
SCR,South Cottesloe Reef,Oct. 31,"2022, 6 a.m.",31-Oct-22   6 a.m.,3,Fair,-,2022,6 AM,Oct 31 2022 6 AM,2022-10-31 06:00:00,2022-10-31 06:00:00+08:00,2022-10-30 22:00:00+00:00,2022-10-30,22:00:00,470,2022-10-30,14.632083333333334,17.69125,10.015833333333331,177.61333333333334,2.9154166666666668,9.698333333333332,213.59458333333336,2.372916666666667,11.365,222.03625,81.8,61.84166666666667,3.24,22.565,1019.6258333333334,13.185416666666669,0.2345833333333333,14.632083333333334,17.69125,10.015833333333331,177.61333333333334,2.9154166666666668,9.698333333333332,213.59458333333336,2.372916666666667,11.365,222.03625,81.8,61.84166666666667,3.24,22.565,1019.6258333333334,13.185416666666669,0.2345833333333333,14.632083333333334,17.69125,10.015833333333331,177.61333333333334,2.9154166666666668,9.698333333333332,213.59458333333336,2.372916666666667,11.365,222.03625,81.8,61.84166666666667,3.24,22.565,1019.6258333333334,13.185416666666669,0.2345833333333333,3.47,11.65
SCR,South Cottesloe Reef,Oct. 26,"2022, 7 a.m.",26-Oct-22   7 a.m.,3,Fair,-,2022,7 AM,Oct 26 2022 7 AM,2022-10-26 07:00:00,2022-10-26 07:00:00+08:00,2022-10-25 23:00:00+00:00,2022-10-25,23:00:00,471,2022-10-25,16.252916666666668,18.96208333333333,7.392499999999999,183.96958333333336,1.8641666666666667,9.017083333333334,224.92916666666667,1.62375,10.410416666666666,231.16083333333333,15.279166666666669,65.125,0.35,24.135416666666668,1017.3233333333332,6.555,0.5354166666666668,16.252916666666668,18.96208333333333,7.392499999999999,183.96958333333336,1.8641666666666667,9.017083333333334,224.92916666666667,1.62375,10.410416666666666,231.16083333333333,15.279166666666669,65.125,0.35,24.135416666666668,1017.3233333333332,6.555,0.5354166666666668,16.252916666666668,18.96208333333333,7.392499999999999,183.96958333333336,1.8641666666666667,9.017083333333334,224.92916666666667,1.62375,10.410416666666666,231.16083333333333,15.279166666666669,65.125,0.35,24.135416666666668,1017.3233333333332,6.555,0.5354166666666668,0.35,4.97
KGT,Kwinana Grain Terminal,Oct. 23,"2022, 9 a.m.",23-Oct-22   9 a.m.,5,Fair,"20c, calm",2022,9 AM,Oct 23 2022 9 AM,2022-10-23 09:00:00,2022-10-23 09:00:00+08:00,2022-10-23 01:00:00+00:00,2022-10-23,01:00:00,472,2022-10-23,15.90625,18.76,6.519583333333333,176.0925,1.565416666666667,9.483333333333333,226.86916666666664,1.4066666666666665,10.617083333333332,233.88458333333327,72.03333333333333,76.40833333333333,6.99,22.14583333333333,1008.74625,7.337083333333333,0.4070833333333333,15.90625,18.76,6.519583333333333,176.0925,1.565416666666667,9.483333333333333,226.86916666666664,1.4066666666666665,10.617083333333332,233.88458333333327,72.03333333333333,76.40833333333333,6.99,22.14583333333333,1008.74625,7.337083333333333,0.4070833333333333,15.90625,18.76,6.519583333333333,176.0925,1.565416666666667,9.483333333333333,226.86916666666664,1.4066666666666665,10.617083333333332,233.88458333333327,72.03333333333333,76.40833333333333,6.99,22.14583333333333,1008.74625,7.337083333333333,0.4070833333333333,0.0,0.11
RNN,Rottnest North,Oct. 22,"2022, 11 p.m.",22-Oct-22   11 p.m.,20,Fair,Roe Reef and Swirl Reef,2022,11 PM,Oct 22 2022 11 PM,2022-10-22 23:00:00,2022-10-22 23:00:00+08:00,2022-10-22 15:00:00+00:00,2022-10-22,15:00:00,473,2022-10-22,17.294583333333332,18.38375,4.510833333333333,145.91291666666666,2.25,12.805,230.81333333333336,2.23875,12.917083333333332,231.31791666666663,21.454166666666666,70.22083333333333,0.0,24.13583333333333,1014.0025,4.0008333333333335,0.4441666666666666,17.294583333333332,18.38375,4.510833333333333,145.91291666666666,2.25,12.805,230.81333333333336,2.23875,12.917083333333332,231.31791666666663,21.454166666666666,70.22083333333333,0.0,24.13583333333333,1014.0025,4.0008333333333335,0.4441666666666666,17.294583333333332,18.38375,4.510833333333333,145.91291666666666,2.25,12.805,230.81333333333336,2.23875,12.917083333333332,231.31791666666663,21.454166666666666,70.22083333333333,0.0,24.13583333333333,1014.0025,4.0008333333333335,0.4441666666666666,0.0,0.46
LIT,Little Beach,Oct. 19,"2022, 7 p.m.",19-Oct-22   7 p.m.,10,Windy,"Jervoise Bay Cove. 10m vis in shallow, down to about 3m further along groyne.",2022,7 PM,Oct 19 2022 7 PM,2022-10-19 19:00:00,2022-10-19 19:00:00+08:00,2022-10-19 11:00:00+00:00,2022-10-19,11:00:00,474,2022-10-19,20.839166666666667,17.36583333333333,5.135,212.03625,1.7029166666666666,11.44375,232.9825,1.6658333333333333,11.825416666666667,233.64166666666665,46.01666666666667,50.85833333333333,0.19,24.13458333333333,1011.0245833333332,5.970833333333334,0.2804166666666667,20.839166666666667,17.36583333333333,5.135,212.03625,1.7029166666666666,11.44375,232.9825,1.6658333333333333,11.825416666666667,233.64166666666665,46.01666666666667,50.85833333333333,0.19,24.13458333333333,1011.0245833333332,5.970833333333334,0.2804166666666667,20.839166666666667,17.36583333333333,5.135,212.03625,1.7029166666666666,11.44375,232.9825,1.6658333333333333,11.825416666666667,233.64166666666665,46.01666666666667,50.85833333333333,0.19,24.13458333333333,1011.0245833333332,5.970833333333334,0.2804166666666667,0.0,0.0
KGT,Kwinana Grain Terminal,Oct. 16,"2022, 10 a.m.",16-Oct-22   10 a.m.,8,Fair,Very little sea life,2022,10 AM,Oct 16 2022 10 AM,2022-10-16 10:00:00,2022-10-16 10:00:00+08:00,2022-10-16 02:00:00+00:00,2022-10-16,02:00:00,475,2022-10-16,15.559583333333334,17.08125,5.996666666666666,219.9104166666667,1.6208333333333331,9.620833333333334,235.97708333333333,1.5525,10.18375,237.00208333333333,49.6375,63.12916666666666,5.14,21.11458333333333,1016.1583333333332,8.636249999999999,0.2991666666666666,15.559583333333334,17.08125,5.996666666666666,219.9104166666667,1.6208333333333331,9.620833333333334,235.97708333333333,1.5525,10.18375,237.00208333333333,49.6375,63.12916666666666,5.14,21.11458333333333,1016.1583333333332,8.636249999999999,0.2991666666666666,15.559583333333334,17.08125,5.996666666666666,219.9104166666667,1.6208333333333331,9.620833333333334,235.97708333333333,1.5525,10.18375,237.00208333333333,49.6375,63.12916666666666,5.14,21.11458333333333,1016.1583333333332,8.636249999999999,0.2991666666666666,0.0,0.01
KGT,Kwinana Grain Terminal,Oct. 12,"2022, 8 p.m.",12-Oct-22   8 p.m.,8,Fair,"Night dive, decent vis. Squid, crabs, prawns. A bit of current.",2022,8 PM,Oct 12 2022 8 PM,2022-10-12 20:00:00,2022-10-12 20:00:00+08:00,2022-10-12 12:00:00+00:00,2022-10-12,12:00:00,476,2022-10-12,13.68,16.830833333333334,7.021666666666667,165.85375,1.5033333333333332,8.629166666666666,220.05875,1.2983333333333331,9.975,227.45416666666665,16.6125,62.56666666666666,0.0,24.135416666666668,1023.57125,8.265833333333333,0.3066666666666667,13.68,16.830833333333334,7.021666666666667,165.85375,1.5033333333333332,8.629166666666666,220.05875,1.2983333333333331,9.975,227.45416666666665,16.6125,62.56666666666666,0.0,24.135416666666668,1023.57125,8.265833333333333,0.3066666666666667,13.68,16.830833333333334,7.021666666666667,165.85375,1.5033333333333332,8.629166666666666,220.05875,1.2983333333333331,9.975,227.45416666666665,16.6125,62.56666666666666,0.0,24.135416666666668,1023.57125,8.265833333333333,0.3066666666666667,0.06,0.6200000000000001
AMJ,Ammo Jetty,Oct. 9,"2022, 9 a.m.",9-Oct-22   9 a.m.,5,Glassy,Vis was variable 3m - 8m. Murky at end of jetty.  Lots of junk in the water (chairs x 3). Nudis+++,2022,9 AM,Oct 9 2022 9 AM,2022-10-09 09:00:00,2022-10-09 09:00:00+08:00,2022-10-09 01:00:00+00:00,2022-10-09,01:00:00,477,2022-10-09,16.37875,17.820833333333333,6.2004166666666665,226.5175,1.7545833333333334,9.195833333333333,235.08291666666665,1.62125,9.96625,235.33875,96.48333333333332,61.65416666666667,0.5,23.87208333333333,1016.29,5.702500000000001,0.2891666666666666,16.37875,17.820833333333333,6.2004166666666665,226.5175,1.7545833333333334,9.195833333333333,235.08291666666665,1.62125,9.96625,235.33875,96.48333333333332,61.65416666666667,0.5,23.87208333333333,1016.29,5.702500000000001,0.2891666666666666,16.37875,17.820833333333333,6.2004166666666665,226.5175,1.7545833333333334,9.195833333333333,235.08291666666665,1.62125,9.96625,235.33875,96.48333333333332,61.65416666666667,0.5,23.87208333333333,1016.29,5.702500000000001,0.2891666666666666,0.0,0.0
BSJ,Busselton Jetty,Oct. 8,"2022, 6 a.m.",8-Oct-22   6 a.m.,12,Fair,"17.6C, occasional passing swell,",2022,6 AM,Oct 8 2022 6 AM,2022-10-08 06:00:00,2022-10-08 06:00:00+08:00,2022-10-07 22:00:00+00:00,2022-10-07,22:00:00,478,2022-10-07,11.941666666666668,16.737083333333334,2.7391666666666663,163.52,2.3295833333333333,9.109583333333331,235.29875,2.2916666666666665,9.32625,233.20041666666663,55.54166666666666,66.96249999999999,0.04,24.13791666666667,1023.70125,3.4904166666666665,0.3245833333333333,11.941666666666668,16.737083333333334,2.7391666666666663,163.52,2.3295833333333333,9.109583333333331,235.29875,2.2916666666666665,9.32625,233.20041666666663,55.54166666666666,66.96249999999999,0.04,24.13791666666667,1023.70125,3.4904166666666665,0.3245833333333333,11.941666666666668,16.737083333333334,2.7391666666666663,163.52,2.3295833333333333,9.109583333333331,235.29875,2.2916666666666665,9.32625,233.20041666666663,55.54166666666666,66.96249999999999,0.04,24.13791666666667,1023.70125,3.4904166666666665,0.3245833333333333,0.05,1.22
CMT,Coogee Maritime Trail,Oct. 2,"2022, 9 a.m.",2-Oct-22   9 a.m.,8,Fair,"Calm. Was 15m+ at 9am, but got a bit murky over an hour",2022,9 AM,Oct 2 2022 9 AM,2022-10-02 09:00:00,2022-10-02 09:00:00+08:00,2022-10-02 01:00:00+00:00,2022-10-02,01:00:00,479,2022-10-02,14.521666666666668,17.925833333333333,8.754583333333334,120.215,2.0791666666666666,10.7575,208.6925,1.8083333333333331,12.83,226.74125,27.7875,56.86666666666667,0.04,24.133750000000003,1018.09875,9.946666666666667,0.2608333333333333,14.521666666666668,17.925833333333333,8.754583333333334,120.215,2.0791666666666666,10.7575,208.6925,1.8083333333333331,12.83,226.74125,27.7875,56.86666666666667,0.04,24.133750000000003,1018.09875,9.946666666666667,0.2608333333333333,14.521666666666668,17.925833333333333,8.754583333333334,120.215,2.0791666666666666,10.7575,208.6925,1.8083333333333331,12.83,226.74125,27.7875,56.86666666666667,0.04,24.133750000000003,1018.09875,9.946666666666667,0.2608333333333333,0.0,0.0
CMT,Coogee Maritime Trail,Sept. 22,"2022, 1 p.m.",22-Sep-22   1 p.m.,2,Fair,"Lots of particles floating about, flat",2022,1 PM,Sep 22 2022 1 PM,2022-09-22 13:00:00,2022-09-22 13:00:00+08:00,2022-09-22 05:00:00+00:00,2022-09-22,05:00:00,480,2022-09-22,12.676666666666668,18.0875,4.9875,118.03541666666666,3.11875,14.149166666666666,230.3058333333333,3.1179166666666664,14.161666666666669,230.36875,24.183333333333334,54.38333333333333,0.0,24.1325,1021.0404166666668,3.8366666666666656,0.2691666666666667,12.676666666666668,18.0875,4.9875,118.03541666666666,3.11875,14.149166666666666,230.3058333333333,3.1179166666666664,14.161666666666669,230.36875,24.183333333333334,54.38333333333333,0.0,24.1325,1021.0404166666668,3.8366666666666656,0.2691666666666667,12.676666666666668,18.0875,4.9875,118.03541666666666,3.11875,14.149166666666666,230.3058333333333,3.1179166666666664,14.161666666666669,230.36875,24.183333333333334,54.38333333333333,0.0,24.1325,1021.0404166666668,3.8366666666666656,0.2691666666666667,1.27,1.77
BUL,Bulk Jetty,Sept. 17,"2022, 9 a.m.",17-Sep-22   9 a.m.,5,Fair,16c heaps of seahorses,2022,9 AM,Sep 17 2022 9 AM,2022-09-17 09:00:00,2022-09-17 09:00:00+08:00,2022-09-17 01:00:00+00:00,2022-09-17,01:00:00,481,2022-09-17,14.010416666666666,17.708333333333332,2.7425,200.375,1.70875,12.27125,234.8658333333333,1.70625,12.3175,234.9308333333333,27.40833333333333,73.80416666666666,0.28,24.137083333333333,1019.4204166666668,3.1283333333333334,0.2416666666666666,14.010416666666666,17.708333333333332,2.7425,200.375,1.70875,12.27125,234.8658333333333,1.70625,12.3175,234.9308333333333,27.40833333333333,73.80416666666666,0.28,24.137083333333333,1019.4204166666668,3.1283333333333334,0.2416666666666666,14.010416666666666,17.708333333333332,2.7425,200.375,1.70875,12.27125,234.8658333333333,1.70625,12.3175,234.9308333333333,27.40833333333333,73.80416666666666,0.28,24.137083333333333,1019.4204166666668,3.1283333333333334,0.2416666666666666,0.0,0.7
PRT,Port Beach,Sept. 11,"2022, 6 p.m.",11-Sep-22   6 p.m.,4,Fair,Dirty green water,2022,6 PM,Sep 11 2022 6 PM,2022-09-11 18:00:00,2022-09-11 18:00:00+08:00,2022-09-11 10:00:00+00:00,2022-09-11,10:00:00,482,2022-09-11,17.236250000000002,17.90125,2.7154166666666666,106.59583333333336,1.6479166666666665,12.06875,229.36333333333332,1.643333333333333,12.120833333333332,229.06625,10.9,67.33749999999999,0.01,24.138333333333332,1013.8191666666668,3.26125,0.33875,17.236250000000002,17.90125,2.7154166666666666,106.59583333333336,1.6479166666666665,12.06875,229.36333333333332,1.643333333333333,12.120833333333332,229.06625,10.9,67.33749999999999,0.01,24.138333333333332,1013.8191666666668,3.26125,0.33875,17.236250000000002,17.90125,2.7154166666666666,106.59583333333336,1.6479166666666665,12.06875,229.36333333333332,1.643333333333333,12.120833333333332,229.06625,10.9,67.33749999999999,0.01,24.138333333333332,1013.8191666666668,3.26125,0.33875,0.0,0.0
RKM,Rockingham Dive Trail,Sept. 11,"2022, 11 a.m.",11-Sep-22   11 a.m.,8,Glassy,"Sunny, calm, little bit of snot in the water",2022,11 AM,Sep 11 2022 11 AM,2022-09-11 11:00:00,2022-09-11 11:00:00+08:00,2022-09-11 03:00:00+00:00,2022-09-11,03:00:00,483,2022-09-11,16.965833333333332,17.923333333333336,2.5033333333333334,114.8675,1.4791666666666667,11.959166666666668,234.27083333333331,1.4779166666666663,11.9925,234.11791666666667,26.42083333333333,69.42916666666666,0.15,24.138333333333332,1013.85375,3.495,0.33,16.965833333333332,17.923333333333336,2.5033333333333334,114.8675,1.4791666666666667,11.959166666666668,234.27083333333331,1.4779166666666663,11.9925,234.11791666666667,26.42083333333333,69.42916666666666,0.15,24.138333333333332,1013.85375,3.495,0.33,16.965833333333332,17.923333333333336,2.5033333333333334,114.8675,1.4791666666666667,11.959166666666668,234.27083333333331,1.4779166666666663,11.9925,234.11791666666667,26.42083333333333,69.42916666666666,0.15,24.138333333333332,1013.85375,3.495,0.33,0.0,0.14
RNN,Rottnest North,Sept. 11,"2022, 10 a.m.",11-Sep-22   10 a.m.,12,Fair,Green but calm. Becomes murky 1km from island.,2022,10 AM,Sep 11 2022 10 AM,2022-09-11 10:00:00,2022-09-11 10:00:00+08:00,2022-09-11 02:00:00+00:00,2022-09-11,02:00:00,484,2022-09-11,17.236250000000002,17.90125,2.7154166666666666,106.59583333333336,1.6479166666666665,12.06875,229.36333333333332,1.643333333333333,12.120833333333332,229.06625,10.9,67.33749999999999,0.01,24.138333333333332,1013.8191666666668,3.26125,0.33875,17.236250000000002,17.90125,2.7154166666666666,106.59583333333336,1.6479166666666665,12.06875,229.36333333333332,1.643333333333333,12.120833333333332,229.06625,10.9,67.33749999999999,0.01,24.138333333333332,1013.8191666666668,3.26125,0.33875,17.236250000000002,17.90125,2.7154166666666666,106.59583333333336,1.6479166666666665,12.06875,229.36333333333332,1.643333333333333,12.120833333333332,229.06625,10.9,67.33749999999999,0.01,24.138333333333332,1013.8191666666668,3.26125,0.33875,0.0,0.0
SCR,South Cottesloe Reef,Sept. 4,"2022, 7 p.m.",4-Sep-22   7 p.m.,15,Fair,"17C,<0.5m swell, rained later, still awesome",2022,7 PM,Sep 4 2022 7 PM,2022-09-04 19:00:00,2022-09-04 19:00:00+08:00,2022-09-04 11:00:00+00:00,2022-09-04,11:00:00,485,2022-09-04,17.215,17.8375,6.429583333333333,217.91375,1.3479166666666669,9.343333333333334,234.83791666666664,1.1729166666666668,10.6025,234.8420833333333,41.36666666666667,72.37916666666666,5.6,21.086666666666662,1012.3795833333334,7.002083333333334,0.4129166666666666,17.215,17.8375,6.429583333333333,217.91375,1.3479166666666669,9.343333333333334,234.83791666666664,1.1729166666666668,10.6025,234.8420833333333,41.36666666666667,72.37916666666666,5.6,21.086666666666662,1012.3795833333334,7.002083333333334,0.4129166666666666,17.215,17.8375,6.429583333333333,217.91375,1.3479166666666669,9.343333333333334,234.83791666666664,1.1729166666666668,10.6025,234.8420833333333,41.36666666666667,72.37916666666666,5.6,21.086666666666662,1012.3795833333334,7.002083333333334,0.4129166666666666,1.12,6.109999999999999
NMF,North Mole Fremantle,Aug. 30,"2022, 5 p.m.",30-Aug-22   5 p.m.,4,Fair,"Deceptively flat, very dirty water",2022,5 PM,Aug 30 2022 5 PM,2022-08-30 17:00:00,2022-08-30 17:00:00+08:00,2022-08-30 09:00:00+00:00,2022-08-30,09:00:00,486,2022-08-30,15.100833333333334,18.4975,5.877083333333334,146.96916666666667,2.2,12.835,225.44875,2.154166666666667,13.235416666666666,227.31458333333333,0.0,63.19583333333333,0.0,24.135416666666668,1022.6691666666668,5.432083333333334,0.3991666666666666,15.100833333333334,18.4975,5.877083333333334,146.96916666666667,2.2,12.835,225.44875,2.154166666666667,13.235416666666666,227.31458333333333,0.0,63.19583333333333,0.0,24.135416666666668,1022.6691666666668,5.432083333333334,0.3991666666666666,15.100833333333334,18.4975,5.877083333333334,146.96916666666667,2.2,12.835,225.44875,2.154166666666667,13.235416666666666,227.31458333333333,0.0,63.19583333333333,0.0,24.135416666666668,1022.6691666666668,5.432083333333334,0.3991666666666666,0.0,0.0
CMT,Coogee Maritime Trail,Aug. 21,"2022, 11 a.m.",21-Aug-22   11 a.m.,5,Glassy,"Very murky beyond the dive flag, clearer closer to shore. The wreck was pretty clear.",2022,11 AM,Aug 21 2022 11 AM,2022-08-21 11:00:00,2022-08-21 11:00:00+08:00,2022-08-21 03:00:00+00:00,2022-08-21,03:00:00,487,2022-08-21,12.802083333333334,17.81833333333333,8.127916666666666,145.68458333333334,2.043333333333333,9.98125,218.63041666666663,1.7979166666666666,11.349583333333332,230.0016666666667,2.6375,66.39166666666667,0.0,24.131666666666664,1027.2958333333331,7.295833333333333,0.2633333333333333,12.802083333333334,17.81833333333333,8.127916666666666,145.68458333333334,2.043333333333333,9.98125,218.63041666666663,1.7979166666666666,11.349583333333332,230.0016666666667,2.6375,66.39166666666667,0.0,24.131666666666664,1027.2958333333331,7.295833333333333,0.2633333333333333,12.802083333333334,17.81833333333333,8.127916666666666,145.68458333333334,2.043333333333333,9.98125,218.63041666666663,1.7979166666666666,11.349583333333332,230.0016666666667,2.6375,66.39166666666667,0.0,24.131666666666664,1027.2958333333331,7.295833333333333,0.2633333333333333,0.0,0.05
RKM,Rockingham Dive Trail,Aug. 13,"2022, 9 a.m.",13-Aug-22   9 a.m.,15,Rough,"Green, very clear",2022,9 AM,Aug 13 2022 9 AM,2022-08-13 09:00:00,2022-08-13 09:00:00+08:00,2022-08-13 01:00:00+00:00,2022-08-13,01:00:00,488,2022-08-13,16.190833333333334,18.944166666666668,8.862083333333333,226.38,3.15375,9.864166666666668,293.72041666666667,2.650416666666666,11.297083333333331,280.08875,65.75,64.33749999999999,18.55,19.74333333333333,1010.345,13.867916666666666,0.4970833333333333,16.190833333333334,18.944166666666668,8.862083333333333,226.38,3.15375,9.864166666666668,293.72041666666667,2.650416666666666,11.297083333333331,280.08875,65.75,64.33749999999999,18.55,19.74333333333333,1010.345,13.867916666666666,0.4970833333333333,16.190833333333334,18.944166666666668,8.862083333333333,226.38,3.15375,9.864166666666668,293.72041666666667,2.650416666666666,11.297083333333331,280.08875,65.75,64.33749999999999,18.55,19.74333333333333,1010.345,13.867916666666666,0.4970833333333333,5.949999999999999,5.959999999999999
CMB,The Coombe & Mosman Bay,July 22,"2022, 8 p.m.",22-Jul-22   8 p.m.,5,Fair,"Vis drops to 1m past 9m depth, 16c",2022,8 PM,July 22 2022 8 PM,2022-07-22 20:00:00,2022-07-22 20:00:00+08:00,2022-07-22 12:00:00+00:00,2022-07-22,12:00:00,489,2022-07-22,13.559166666666668,19.74416666666667,7.456666666666667,291.77833333333336,2.419583333333333,10.635833333333332,241.7358333333333,2.2570833333333336,11.499166666666667,235.30541666666667,57.5,88.30833333333334,6.36,20.21,1016.1179166666668,6.61875,0.4454166666666666,13.559166666666668,19.74416666666667,7.456666666666667,291.77833333333336,2.419583333333333,10.635833333333332,241.7358333333333,2.2570833333333336,11.499166666666667,235.30541666666667,57.5,88.30833333333334,6.36,20.21,1016.1179166666668,6.61875,0.4454166666666666,13.559166666666668,19.74416666666667,7.456666666666667,291.77833333333336,2.419583333333333,10.635833333333332,241.7358333333333,2.2570833333333336,11.499166666666667,235.30541666666667,57.5,88.30833333333334,6.36,20.21,1016.1179166666668,6.61875,0.4454166666666666,3.88,19.28
FRE,South Fremantle,July 21,"2022, 5 p.m.",21-Jul-22   5 p.m.,1,Windy,"Bathers Beach. Green and murky, stingers",2022,5 PM,July 21 2022 5 PM,2022-07-21 17:00:00,2022-07-21 17:00:00+08:00,2022-07-21 09:00:00+00:00,2022-07-21,09:00:00,490,2022-07-21,17.294166666666666,19.846666666666668,9.312083333333334,227.08916666666667,2.6166666666666667,9.541666666666666,247.13541666666663,2.3070833333333334,10.815,252.66458333333333,71.3625,64.37083333333334,2.64,22.987916666666667,1014.5083333333332,10.11,0.4495833333333334,17.294166666666666,19.846666666666668,9.312083333333334,227.08916666666667,2.6166666666666667,9.541666666666666,247.13541666666663,2.3070833333333334,10.815,252.66458333333333,71.3625,64.37083333333334,2.64,22.987916666666667,1014.5083333333332,10.11,0.4495833333333334,17.294166666666666,19.846666666666668,9.312083333333334,227.08916666666667,2.6166666666666667,9.541666666666666,247.13541666666663,2.3070833333333334,10.815,252.66458333333333,71.3625,64.37083333333334,2.64,22.987916666666667,1014.5083333333332,10.11,0.4495833333333334,16.36,16.36
RTS,Rottnest South,July 17,"2022, 10 a.m.",17-Jul-22   10 a.m.,15,Fair,"Swelly, but clear underwater",2022,10 AM,July 17 2022 10 AM,2022-07-17 10:00:00,2022-07-17 10:00:00+08:00,2022-07-17 02:00:00+00:00,2022-07-17,02:00:00,491,2022-07-17,16.183333333333334,20.714166666666667,6.504583333333334,130.92958333333334,1.57625,9.255833333333332,250.9608333333333,1.42125,10.505416666666669,241.65375000000003,66.33749999999999,78.6375,20.79,19.49125,1013.8104166666668,8.729583333333332,0.61375,16.183333333333334,20.714166666666667,6.504583333333334,130.92958333333334,1.57625,9.255833333333332,250.9608333333333,1.42125,10.505416666666669,241.65375000000003,66.33749999999999,78.6375,20.79,19.49125,1013.8104166666668,8.729583333333332,0.61375,16.183333333333334,20.714166666666667,6.504583333333334,130.92958333333334,1.57625,9.255833333333332,250.9608333333333,1.42125,10.505416666666669,241.65375000000003,66.33749999999999,78.6375,20.79,19.49125,1013.8104166666668,8.729583333333332,0.61375,12.62,14.27
MET,Mettam’s Pool,July 16,"2022, 4 p.m.",16-Jul-22   4 p.m.,10,Rough,"Perfect surf condtions, not ideal for snorkeling",2022,4 PM,July 16 2022 4 PM,2022-07-16 16:00:00,2022-07-16 16:00:00+08:00,2022-07-16 08:00:00+00:00,2022-07-16,08:00:00,492,2022-07-16,15.059166666666668,20.764166666666664,5.37875,111.26291666666668,2.155,11.602083333333333,225.89375,2.125,11.8675,225.53083333333333,62.26666666666667,59.12916666666666,2.11,24.124166666666667,1019.9254166666666,3.7929166666666663,0.5208333333333334,15.059166666666668,20.764166666666664,5.37875,111.26291666666668,2.155,11.602083333333333,225.89375,2.125,11.8675,225.53083333333333,62.26666666666667,59.12916666666666,2.11,24.124166666666667,1019.9254166666666,3.7929166666666663,0.5208333333333334,15.059166666666668,20.764166666666664,5.37875,111.26291666666668,2.155,11.602083333333333,225.89375,2.125,11.8675,225.53083333333333,62.26666666666667,59.12916666666666,2.11,24.124166666666667,1019.9254166666666,3.7929166666666663,0.5208333333333334,0.49,4.65
RNE,Rottnest East,July 16,"2022, 10 a.m.",16-Jul-22   10 a.m.,20,Rough,"Kingston, 20-20.8C",2022,10 AM,July 16 2022 10 AM,2022-07-16 10:00:00,2022-07-16 10:00:00+08:00,2022-07-16 02:00:00+00:00,2022-07-16,02:00:00,493,2022-07-16,17.742916666666666,20.68583333333333,5.28125,81.12791666666666,1.9379166666666665,11.350416666666668,232.3983333333333,1.8954166666666667,11.720833333333331,231.56541666666664,89.69166666666666,53.9625,3.11,23.543333333333333,1019.59625,3.7175,0.5195833333333334,17.742916666666666,20.68583333333333,5.28125,81.12791666666666,1.9379166666666665,11.350416666666668,232.3983333333333,1.8954166666666667,11.720833333333331,231.56541666666664,89.69166666666666,53.9625,3.11,23.543333333333333,1019.59625,3.7175,0.5195833333333334,17.742916666666666,20.68583333333333,5.28125,81.12791666666666,1.9379166666666665,11.350416666666668,232.3983333333333,1.8954166666666667,11.720833333333331,231.56541666666664,89.69166666666666,53.9625,3.11,23.543333333333333,1019.59625,3.7175,0.5195833333333334,1.65,12.59
WOO,Woodman Point,July 14,"2022, 9 p.m.",14-Jul-22   9 p.m.,10,Windy,"17C, 5m West-V.choppy,10m East-flat!",2022,9 PM,July 14 2022 9 PM,2022-07-14 21:00:00,2022-07-14 21:00:00+08:00,2022-07-14 13:00:00+00:00,2022-07-14,13:00:00,494,2022-07-14,18.23,22.25375,9.868333333333334,286.01625,3.3854166666666665,10.448333333333334,265.09250000000003,2.895833333333333,12.143333333333333,256.50875,43.38333333333333,70.3,18.04,19.77,1012.8866666666668,14.955,0.625,18.23,22.25375,9.868333333333334,286.01625,3.3854166666666665,10.448333333333334,265.09250000000003,2.895833333333333,12.143333333333333,256.50875,43.38333333333333,70.3,18.04,19.77,1012.8866666666668,14.955,0.625,18.23,22.25375,9.868333333333334,286.01625,3.3854166666666665,10.448333333333334,265.09250000000003,2.895833333333333,12.143333333333333,256.50875,43.38333333333333,70.3,18.04,19.77,1012.8866666666668,14.955,0.625,18.56,18.73
BWR,Blackwall Reach,July 13,"2022, 7 p.m.",13-Jul-22   7 p.m.,4,Fair,"A bit murky, cold on surface, warmer underneath. Strong current on bottom.",2022,7 PM,July 13 2022 7 PM,2022-07-13 19:00:00,2022-07-13 19:00:00+08:00,2022-07-13 11:00:00+00:00,2022-07-13,11:00:00,495,2022-07-13,15.722499999999998,21.953333333333333,5.805416666666666,213.83666666666667,2.6054166666666667,12.783333333333331,239.64416666666668,2.5466666666666664,13.179166666666667,237.30791666666667,27.416666666666668,67.25,1.21,24.094583333333333,1014.7479166666668,6.9425,0.5845833333333333,15.722499999999998,21.953333333333333,5.805416666666666,213.83666666666667,2.6054166666666667,12.783333333333331,239.64416666666668,2.5466666666666664,13.179166666666667,237.30791666666667,27.416666666666668,67.25,1.21,24.094583333333333,1014.7479166666668,6.9425,0.5845833333333333,15.722499999999998,21.953333333333333,5.805416666666666,213.83666666666667,2.6054166666666667,12.783333333333331,239.64416666666668,2.5466666666666664,13.179166666666667,237.30791666666667,27.416666666666668,67.25,1.21,24.094583333333333,1014.7479166666668,6.9425,0.5845833333333333,0.09,0.09
KGT,Kwinana Grain Terminal,July 8,"2022, 7 p.m.",8-Jul-22   7 p.m.,6,Fair,"Calm conditions, bit milky",2022,7 PM,July 8 2022 7 PM,2022-07-08 19:00:00,2022-07-08 19:00:00+08:00,2022-07-08 11:00:00+00:00,2022-07-08,11:00:00,496,2022-07-08,18.48958333333333,20.621666666666663,7.984999999999999,115.16791666666668,2.209583333333333,10.756666666666668,265.9529166666667,2.0070833333333336,12.080416666666666,253.265,4.779166666666667,63.82916666666667,0.3,23.65416666666667,1015.82875,10.4275,0.6133333333333333,18.48958333333333,20.621666666666663,7.984999999999999,115.16791666666668,2.209583333333333,10.756666666666668,265.9529166666667,2.0070833333333336,12.080416666666666,253.265,4.779166666666667,63.82916666666667,0.3,23.65416666666667,1015.82875,10.4275,0.6133333333333333,18.48958333333333,20.621666666666663,7.984999999999999,115.16791666666668,2.209583333333333,10.756666666666668,265.9529166666667,2.0070833333333336,12.080416666666666,253.265,4.779166666666667,63.82916666666667,0.3,23.65416666666667,1015.82875,10.4275,0.6133333333333333,1.9,6.95
CMB,The Coombe & Mosman Bay,July 6,"2022, 7 p.m.",6-Jul-22   7 p.m.,7,Fair,"Night dive, small amount of silt, but still good vis. A little cool though",2022,7 PM,July 6 2022 7 PM,2022-07-06 19:00:00,2022-07-06 19:00:00+08:00,2022-07-06 11:00:00+00:00,2022-07-06,11:00:00,497,2022-07-06,13.776666666666666,20.78875,5.752083333333334,104.88916666666668,2.248333333333333,11.875833333333333,238.59041666666667,2.217083333333333,12.114166666666668,239.58375,77.21249999999999,75.92083333333333,0.47,24.136666666666667,1021.9095833333332,2.44375,0.58625,13.776666666666666,20.78875,5.752083333333334,104.88916666666668,2.248333333333333,11.875833333333333,238.59041666666667,2.217083333333333,12.114166666666668,239.58375,77.21249999999999,75.92083333333333,0.47,24.136666666666667,1021.9095833333332,2.44375,0.58625,13.776666666666666,20.78875,5.752083333333334,104.88916666666668,2.248333333333333,11.875833333333333,238.59041666666667,2.217083333333333,12.114166666666668,239.58375,77.21249999999999,75.92083333333333,0.47,24.136666666666667,1021.9095833333332,2.44375,0.58625,0.11,12.07
BUL,Bulk Jetty,July 3,"2022, 9 a.m.",3-Jul-22   9 a.m.,13,Fair,15c mostly calm. Pineapple fish & lots of seahorses,2022,9 AM,July 3 2022 9 AM,2022-07-03 09:00:00,2022-07-03 09:00:00+08:00,2022-07-03 01:00:00+00:00,2022-07-03,01:00:00,498,2022-07-03,12.528333333333334,21.20833333333333,6.6745833333333335,46.70041666666666,2.3016666666666667,13.47375,250.0120833333333,2.209166666666667,14.243333333333332,246.8125,0.0,41.0125,0.0,24.135,1024.8758333333333,9.75375,0.5875,12.528333333333334,21.20833333333333,6.6745833333333335,46.70041666666666,2.3016666666666667,13.47375,250.0120833333333,2.209166666666667,14.243333333333332,246.8125,0.0,41.0125,0.0,24.135,1024.8758333333333,9.75375,0.5875,12.528333333333334,21.20833333333333,6.6745833333333335,46.70041666666666,2.3016666666666667,13.47375,250.0120833333333,2.209166666666667,14.243333333333332,246.8125,0.0,41.0125,0.0,24.135,1024.8758333333333,9.75375,0.5875,0.0,0.0
PPR,Point Peron,July 3,"2022, 8 a.m.",3-Jul-22   8 a.m.,5,Rough,-,2022,8 AM,July 3 2022 8 AM,2022-07-03 08:00:00,2022-07-03 08:00:00+08:00,2022-07-03 00:00:00+00:00,2022-07-03,00:00:00,499,2022-07-03,16.253333333333334,21.20833333333333,6.6745833333333335,46.70041666666666,2.3016666666666667,13.47375,250.0120833333333,2.209166666666667,14.243333333333332,246.8125,0.0,50.270833333333336,0.0,24.135,1024.43125,9.870416666666666,0.5875,16.253333333333334,21.20833333333333,6.6745833333333335,46.70041666666666,2.3016666666666667,13.47375,250.0120833333333,2.209166666666667,14.243333333333332,246.8125,0.0,50.270833333333336,0.0,24.135,1024.43125,9.870416666666666,0.5875,16.253333333333334,21.20833333333333,6.6745833333333335,46.70041666666666,2.3016666666666667,13.47375,250.0120833333333,2.209166666666667,14.243333333333332,246.8125,0.0,50.270833333333336,0.0,24.135,1024.43125,9.870416666666666,0.5875,0.0,0.0
WOO,Woodman Point,July 2,"2022, 10 a.m.",2-Jul-22   10 a.m.,10,Fair,"Variable vis on either side of groyne (5m west, 10m east",2022,10 AM,July 2 2022 10 AM,2022-07-02 10:00:00,2022-07-02 10:00:00+08:00,2022-07-02 02:00:00+00:00,2022-07-02,02:00:00,500,2022-07-02,16.145416666666666,21.465,4.767916666666667,64.26208333333334,2.1125000000000003,15.350416666666668,249.21125,2.087916666666666,15.6,249.0608333333333,0.0,53.92916666666667,0.0,24.13625,1028.4383333333333,6.744583333333334,0.5908333333333333,16.145416666666666,21.465,4.767916666666667,64.26208333333334,2.1125000000000003,15.350416666666668,249.21125,2.087916666666666,15.6,249.0608333333333,0.0,53.92916666666667,0.0,24.13625,1028.4383333333333,6.744583333333334,0.5908333333333333,16.145416666666666,21.465,4.767916666666667,64.26208333333334,2.1125000000000003,15.350416666666668,249.21125,2.087916666666666,15.6,249.0608333333333,0.0,53.92916666666667,0.0,24.13625,1028.4383333333333,6.744583333333334,0.5908333333333333,0.0,0.0
PRT,Port Beach,June 29,"2022, 8 p.m.",29-Jun-22   8 p.m.,4,Fair,"2-4m close, 4-6m further out.",2022,8 PM,June 29 2022 8 PM,2022-06-29 20:00:00,2022-06-29 20:00:00+08:00,2022-06-29 12:00:00+00:00,2022-06-29,12:00:00,501,2022-06-29,15.14,20.78833333333333,7.068333333333334,92.23791666666666,2.1083333333333334,12.395833333333334,227.31,2.012916666666667,13.279583333333331,231.11125,2.308333333333333,62.24583333333334,0.0,24.13625,1031.0983333333334,9.309166666666668,0.6166666666666667,15.14,20.78833333333333,7.068333333333334,92.23791666666666,2.1083333333333334,12.395833333333334,227.31,2.012916666666667,13.279583333333331,231.11125,2.308333333333333,62.24583333333334,0.0,24.13625,1031.0983333333334,9.309166666666668,0.6166666666666667,15.14,20.78833333333333,7.068333333333334,92.23791666666666,2.1083333333333334,12.395833333333334,227.31,2.012916666666667,13.279583333333331,231.11125,2.308333333333333,62.24583333333334,0.0,24.13625,1031.0983333333334,9.309166666666668,0.6166666666666667,0.0,0.0
NMF,North Mole Fremantle,June 29,"2022, 7 p.m.",29-Jun-22   7 p.m.,15,Fair,"Cold, tide was low, Port Jackson Shark, Rays, Squid, Small Surge",2022,7 PM,June 29 2022 7 PM,2022-06-29 19:00:00,2022-06-29 19:00:00+08:00,2022-06-29 11:00:00+00:00,2022-06-29,11:00:00,502,2022-06-29,15.14,20.78833333333333,7.068333333333334,92.23791666666666,2.1083333333333334,12.395833333333334,227.31,2.012916666666667,13.279583333333331,231.11125,2.308333333333333,62.24583333333334,0.0,24.13625,1031.0983333333334,9.309166666666668,0.6166666666666667,15.14,20.78833333333333,7.068333333333334,92.23791666666666,2.1083333333333334,12.395833333333334,227.31,2.012916666666667,13.279583333333331,231.11125,2.308333333333333,62.24583333333334,0.0,24.13625,1031.0983333333334,9.309166666666668,0.6166666666666667,15.14,20.78833333333333,7.068333333333334,92.23791666666666,2.1083333333333334,12.395833333333334,227.31,2.012916666666667,13.279583333333331,231.11125,2.308333333333333,62.24583333333334,0.0,24.13625,1031.0983333333334,9.309166666666668,0.6166666666666667,0.0,0.0
PRT,Port Beach,June 27,"2022, 11 a.m.",27-Jun-22   11 a.m.,16,Windy,6-15m,2022,11 AM,June 27 2022 11 AM,2022-06-27 11:00:00,2022-06-27 11:00:00+08:00,2022-06-27 03:00:00+00:00,2022-06-27,03:00:00,503,2022-06-27,17.548333333333332,19.70625,8.376666666666667,182.695,1.549583333333333,7.899166666666666,227.84333333333333,1.2958333333333334,9.547916666666667,238.36916666666664,45.75,67.42083333333333,0.07,24.137083333333333,1028.26125,8.577083333333333,0.56125,17.548333333333332,19.70625,8.376666666666667,182.695,1.549583333333333,7.899166666666666,227.84333333333333,1.2958333333333334,9.547916666666667,238.36916666666664,45.75,67.42083333333333,0.07,24.137083333333333,1028.26125,8.577083333333333,0.56125,17.548333333333332,19.70625,8.376666666666667,182.695,1.549583333333333,7.899166666666666,227.84333333333333,1.2958333333333334,9.547916666666667,238.36916666666664,45.75,67.42083333333333,0.07,24.137083333333333,1028.26125,8.577083333333333,0.56125,0.04,0.04
RKM,Rockingham Dive Trail,June 26,"2022, 11 a.m.",26-Jun-22   11 a.m.,12,Windy,8-12m,2022,11 AM,June 26 2022 11 AM,2022-06-26 11:00:00,2022-06-26 11:00:00+08:00,2022-06-26 03:00:00+00:00,2022-06-26,03:00:00,504,2022-06-26,19.10708333333333,20.459166666666665,4.687916666666666,224.74916666666664,1.23125,9.589166666666666,243.61541666666665,1.194583333333333,9.996666666666666,241.4020833333333,3.1333333333333333,71.39166666666667,0.27,24.135416666666668,1024.6745833333332,8.230833333333333,0.5270833333333333,19.10708333333333,20.459166666666665,4.687916666666666,224.74916666666664,1.23125,9.589166666666666,243.61541666666665,1.194583333333333,9.996666666666666,241.4020833333333,3.1333333333333333,71.39166666666667,0.27,24.135416666666668,1024.6745833333332,8.230833333333333,0.5270833333333333,19.10708333333333,20.459166666666665,4.687916666666666,224.74916666666664,1.23125,9.589166666666666,243.61541666666665,1.194583333333333,9.996666666666666,241.4020833333333,3.1333333333333333,71.39166666666667,0.27,24.135416666666668,1024.6745833333332,8.230833333333333,0.5270833333333333,0.0,0.0
KGT,Kwinana Grain Terminal,June 26,"2022, 9 a.m.",26-Jun-22   9 a.m.,8,Fair,Mild swell; lots of nudis and seahorses,2022,9 AM,June 26 2022 9 AM,2022-06-26 09:00:00,2022-06-26 09:00:00+08:00,2022-06-26 01:00:00+00:00,2022-06-26,01:00:00,505,2022-06-26,19.10708333333333,20.459166666666665,4.687916666666666,224.74916666666664,1.23125,9.589166666666666,243.61541666666665,1.194583333333333,9.996666666666666,241.4020833333333,3.1333333333333333,71.39166666666667,0.27,24.135416666666668,1024.6745833333332,8.230833333333333,0.5270833333333333,19.10708333333333,20.459166666666665,4.687916666666666,224.74916666666664,1.23125,9.589166666666666,243.61541666666665,1.194583333333333,9.996666666666666,241.4020833333333,3.1333333333333333,71.39166666666667,0.27,24.135416666666668,1024.6745833333332,8.230833333333333,0.5270833333333333,19.10708333333333,20.459166666666665,4.687916666666666,224.74916666666664,1.23125,9.589166666666666,243.61541666666665,1.194583333333333,9.996666666666666,241.4020833333333,3.1333333333333333,71.39166666666667,0.27,24.135416666666668,1024.6745833333332,8.230833333333333,0.5270833333333333,0.0,0.0
WAT,Watermans/North Beach,June 25,"2022, 2 p.m.",25-Jun-22   2 p.m.,5,Rough,Fine past the breakers,2022,2 PM,June 25 2022 2 PM,2022-06-25 14:00:00,2022-06-25 14:00:00+08:00,2022-06-25 06:00:00+00:00,2022-06-25,06:00:00,506,2022-06-25,16.222916666666666,20.67125,5.470833333333334,86.58791666666667,2.21375,11.935,221.40166666666667,2.1775,12.241666666666667,222.47083333333333,28.30416666666667,60.67083333333333,0.0,24.13583333333333,1025.7908333333332,5.327916666666667,0.4975,16.222916666666666,20.67125,5.470833333333334,86.58791666666667,2.21375,11.935,221.40166666666667,2.1775,12.241666666666667,222.47083333333333,28.30416666666667,60.67083333333333,0.0,24.13583333333333,1025.7908333333332,5.327916666666667,0.4975,16.222916666666666,20.67125,5.470833333333334,86.58791666666667,2.21375,11.935,221.40166666666667,2.1775,12.241666666666667,222.47083333333333,28.30416666666667,60.67083333333333,0.0,24.13583333333333,1025.7908333333332,5.327916666666667,0.4975,0.0,0.98
WOO,Woodman Point,June 24,"2022, 7 p.m.",24-Jun-22   7 p.m.,5,Fair,"Mild surge, clearer water further from groyne",2022,7 PM,June 24 2022 7 PM,2022-06-24 19:00:00,2022-06-24 19:00:00+08:00,2022-06-24 11:00:00+00:00,2022-06-24,11:00:00,507,2022-06-24,15.839583333333332,20.9675,3.938333333333333,114.38333333333333,2.2475,13.08,236.89791666666667,2.245,13.115416666666668,237.03625,6.775,66.05416666666666,0.0,24.135,1025.5816666666667,4.910833333333334,0.53125,15.839583333333332,20.9675,3.938333333333333,114.38333333333333,2.2475,13.08,236.89791666666667,2.245,13.115416666666668,237.03625,6.775,66.05416666666666,0.0,24.135,1025.5816666666667,4.910833333333334,0.53125,15.839583333333332,20.9675,3.938333333333333,114.38333333333333,2.2475,13.08,236.89791666666667,2.245,13.115416666666668,237.03625,6.775,66.05416666666666,0.0,24.135,1025.5816666666667,4.910833333333334,0.53125,0.33,5.26
CMB,The Coombe & Mosman Bay,June 22,"2022, 7 p.m.",22-Jun-22   7 p.m.,10,Glassy,"Night dive, great vis except when buddy was kicking up silt.",2022,7 PM,June 22 2022 7 PM,2022-06-22 19:00:00,2022-06-22 19:00:00+08:00,2022-06-22 11:00:00+00:00,2022-06-22,11:00:00,508,2022-06-22,16.169583333333332,20.845,5.201666666666667,277.2004166666667,2.6354166666666665,12.717083333333331,243.42541666666668,2.60375,12.947916666666666,241.9466666666667,44.70416666666667,78.625,1.29,24.136666666666667,1021.3616666666668,3.78125,0.5829166666666666,16.169583333333332,20.845,5.201666666666667,277.2004166666667,2.6354166666666665,12.717083333333331,243.42541666666668,2.60375,12.947916666666666,241.9466666666667,44.70416666666667,78.625,1.29,24.136666666666667,1021.3616666666668,3.78125,0.5829166666666666,16.169583333333332,20.845,5.201666666666667,277.2004166666667,2.6354166666666665,12.717083333333331,243.42541666666668,2.60375,12.947916666666666,241.9466666666667,44.70416666666667,78.625,1.29,24.136666666666667,1021.3616666666668,3.78125,0.5829166666666666,1.04,1.55
KGT,Kwinana Grain Terminal,June 21,"2022, 7 p.m.",21-Jun-22   7 p.m.,8,Fair,"Mild surge, clear water, Blackwater critters",2022,7 PM,June 21 2022 7 PM,2022-06-21 19:00:00,2022-06-21 19:00:00+08:00,2022-06-21 11:00:00+00:00,2022-06-21,11:00:00,509,2022-06-21,19.140416666666667,20.179583333333333,5.841666666666666,283.9916666666667,1.5933333333333335,9.05,252.2325,1.52625,9.572083333333332,247.4020833333333,45.07083333333333,71.64166666666667,1.17,23.987916666666667,1019.6720833333334,7.495833333333334,0.5195833333333334,19.140416666666667,20.179583333333333,5.841666666666666,283.9916666666667,1.5933333333333335,9.05,252.2325,1.52625,9.572083333333332,247.4020833333333,45.07083333333333,71.64166666666667,1.17,23.987916666666667,1019.6720833333334,7.495833333333334,0.5195833333333334,19.140416666666667,20.179583333333333,5.841666666666666,283.9916666666667,1.5933333333333335,9.05,252.2325,1.52625,9.572083333333332,247.4020833333333,45.07083333333333,71.64166666666667,1.17,23.987916666666667,1019.6720833333334,7.495833333333334,0.5195833333333334,0.8200000000000001,2.6100000000000003
AMJ,Ammo Jetty,June 21,"2022, 6 a.m.",21-Jun-22   6 a.m.,1,Fair,-,2022,6 AM,June 21 2022 6 AM,2022-06-21 06:00:00,2022-06-21 06:00:00+08:00,2022-06-20 22:00:00+00:00,2022-06-20,22:00:00,510,2022-06-20,15.885,19.87,3.3204166666666666,282.13208333333336,2.1675,11.149166666666666,238.74958333333333,2.1654166666666668,11.174166666666666,238.6325,66.91250000000001,76.34583333333333,0.95,24.13458333333333,1021.0158333333334,2.39125,0.5208333333333334,15.885,19.87,3.3204166666666666,282.13208333333336,2.1675,11.149166666666666,238.74958333333333,2.1654166666666668,11.174166666666666,238.6325,66.91250000000001,76.34583333333333,0.95,24.13458333333333,1021.0158333333334,2.39125,0.5208333333333334,15.885,19.87,3.3204166666666666,282.13208333333336,2.1675,11.149166666666666,238.74958333333333,2.1654166666666668,11.174166666666666,238.6325,66.91250000000001,76.34583333333333,0.95,24.13458333333333,1021.0158333333334,2.39125,0.5208333333333334,0.98,2.43
CMT,Coogee Maritime Trail,June 13,"2022, 6 p.m.",13-Jun-22   6 p.m.,0,Windy,-,2022,6 PM,June 13 2022 6 PM,2022-06-13 18:00:00,2022-06-13 18:00:00+08:00,2022-06-13 10:00:00+00:00,2022-06-13,10:00:00,511,2022-06-13,15.594583333333333,21.4225,7.330000000000001,239.9033333333333,3.2425,11.709583333333333,237.77291666666667,3.0516666666666663,12.280833333333334,237.69041666666664,92.29166666666669,71.15833333333333,3.73,21.25625,1017.4454166666666,6.774583333333333,0.6904166666666667,15.594583333333333,21.4225,7.330000000000001,239.9033333333333,3.2425,11.709583333333333,237.77291666666667,3.0516666666666663,12.280833333333334,237.69041666666664,92.29166666666669,71.15833333333333,3.73,21.25625,1017.4454166666666,6.774583333333333,0.6904166666666667,15.594583333333333,21.4225,7.330000000000001,239.9033333333333,3.2425,11.709583333333333,237.77291666666667,3.0516666666666663,12.280833333333334,237.69041666666664,92.29166666666669,71.15833333333333,3.73,21.25625,1017.4454166666666,6.774583333333333,0.6904166666666667,2.0,12.150000000000002
FRE,South Fremantle,June 11,"2022, 7 p.m.",11-Jun-22   7 p.m.,1,Fair,"South Mole, 17c, surge, pipehorse, seahorses, pipefish",2022,7 PM,June 11 2022 7 PM,2022-06-11 19:00:00,2022-06-11 19:00:00+08:00,2022-06-11 11:00:00+00:00,2022-06-11,11:00:00,512,2022-06-11,19.81416666666667,19.2225,6.82,337.15916666666664,2.31625,12.302083333333334,258.72166666666664,2.2175,13.0525,253.7425,42.8875,73.64999999999999,6.42,22.36875,1011.5616666666666,7.830416666666667,0.6,19.81416666666667,19.2225,6.82,337.15916666666664,2.31625,12.302083333333334,258.72166666666664,2.2175,13.0525,253.7425,42.8875,73.64999999999999,6.42,22.36875,1011.5616666666666,7.830416666666667,0.6,19.81416666666667,19.2225,6.82,337.15916666666664,2.31625,12.302083333333334,258.72166666666664,2.2175,13.0525,253.7425,42.8875,73.64999999999999,6.42,22.36875,1011.5616666666666,7.830416666666667,0.6,12.57,19.24
SCR,South Cottesloe Reef,June 8,"2022, 8 p.m.",8-Jun-22   8 p.m.,20,Glassy,"VVgood! 18C, got windy, near shore viz crap.",2022,8 PM,June 8 2022 8 PM,2022-06-08 20:00:00,2022-06-08 20:00:00+08:00,2022-06-08 12:00:00+00:00,2022-06-08,12:00:00,513,2022-06-08,19.039583333333333,19.85708333333333,11.14375,50.21333333333334,2.1820833333333334,9.78625,236.57375,1.5645833333333332,14.591666666666669,251.0483333333333,59.49583333333334,56.94166666666666,2.12,21.319166666666668,1014.9141666666666,15.584166666666668,0.5179166666666667,19.039583333333333,19.85708333333333,11.14375,50.21333333333334,2.1820833333333334,9.78625,236.57375,1.5645833333333332,14.591666666666669,251.0483333333333,59.49583333333334,56.94166666666666,2.12,21.319166666666668,1014.9141666666666,15.584166666666668,0.5179166666666667,19.039583333333333,19.85708333333333,11.14375,50.21333333333334,2.1820833333333334,9.78625,236.57375,1.5645833333333332,14.591666666666669,251.0483333333333,59.49583333333334,56.94166666666666,2.12,21.319166666666668,1014.9141666666666,15.584166666666668,0.5179166666666667,0.7200000000000001,0.7200000000000001
PRT,Port Beach,June 5,"2022, 10 a.m.",5-Jun-22   10 a.m.,2,Rough,"2-4m if you are lucky, surge.",2022,10 AM,June 5 2022 10 AM,2022-06-05 10:00:00,2022-06-05 10:00:00+08:00,2022-06-05 02:00:00+00:00,2022-06-05,02:00:00,514,2022-06-05,16.110833333333332,20.23583333333333,5.809583333333333,94.41291666666666,2.21,13.239166666666668,220.96166666666667,2.165833333333333,13.66625,222.9466666666667,96.09166666666664,59.45,0.0,24.13583333333333,1022.2808333333332,5.927499999999999,0.4570833333333333,16.110833333333332,20.23583333333333,5.809583333333333,94.41291666666666,2.21,13.239166666666668,220.96166666666667,2.165833333333333,13.66625,222.9466666666667,96.09166666666664,59.45,0.0,24.13583333333333,1022.2808333333332,5.927499999999999,0.4570833333333333,16.110833333333332,20.23583333333333,5.809583333333333,94.41291666666666,2.21,13.239166666666668,220.96166666666667,2.165833333333333,13.66625,222.9466666666667,96.09166666666664,59.45,0.0,24.13583333333333,1022.2808333333332,5.927499999999999,0.4570833333333333,0.13,0.13
SCR,South Cottesloe Reef,June 4,"2022, 5 p.m.",4-Jun-22   5 p.m.,10,Fair,Beautiful!,2022,5 PM,June 4 2022 5 PM,2022-06-04 17:00:00,2022-06-04 17:00:00+08:00,2022-06-04 09:00:00+00:00,2022-06-04,09:00:00,515,2022-06-04,15.77,20.284166666666668,5.521249999999999,131.67541666666668,1.9679166666666668,12.422083333333331,222.08166666666668,1.9441666666666664,12.674583333333333,223.3325,73.24583333333334,62.85416666666666,0.13,24.13416666666667,1022.4745833333332,6.274583333333333,0.475,15.77,20.284166666666668,5.521249999999999,131.67541666666668,1.9679166666666668,12.422083333333331,222.08166666666668,1.9441666666666664,12.674583333333333,223.3325,73.24583333333334,62.85416666666666,0.13,24.13416666666667,1022.4745833333332,6.274583333333333,0.475,15.77,20.284166666666668,5.521249999999999,131.67541666666668,1.9679166666666668,12.422083333333331,222.08166666666668,1.9441666666666664,12.674583333333333,223.3325,73.24583333333334,62.85416666666666,0.13,24.13416666666667,1022.4745833333332,6.274583333333333,0.475,0.03,0.27
PRT,Port Beach,June 3,"2022, 7 p.m.",3-Jun-22   7 p.m.,6,Fair,"6-8m, surge.",2022,7 PM,June 3 2022 7 PM,2022-06-03 19:00:00,2022-06-03 19:00:00+08:00,2022-06-03 11:00:00+00:00,2022-06-03,11:00:00,516,2022-06-03,15.8225,20.43958333333333,4.630833333333333,114.19666666666666,1.9883333333333333,11.845,227.9729166666667,1.9795833333333333,11.939166666666669,228.44083333333333,16.779166666666665,59.78333333333333,0.0,24.13458333333333,1022.6283333333334,6.414166666666667,0.4945833333333333,15.8225,20.43958333333333,4.630833333333333,114.19666666666666,1.9883333333333333,11.845,227.9729166666667,1.9795833333333333,11.939166666666669,228.44083333333333,16.779166666666665,59.78333333333333,0.0,24.13458333333333,1022.6283333333334,6.414166666666667,0.4945833333333333,15.8225,20.43958333333333,4.630833333333333,114.19666666666666,1.9883333333333333,11.845,227.9729166666667,1.9795833333333333,11.939166666666669,228.44083333333333,16.779166666666665,59.78333333333333,0.0,24.13458333333333,1022.6283333333334,6.414166666666667,0.4945833333333333,0.0699999999999999,2.67
CMT,Coogee Maritime Trail,June 3,"2022, 1 p.m.",3-Jun-22   1 p.m.,0,Fair,sand pumping begun by council,2022,1 PM,June 3 2022 1 PM,2022-06-03 13:00:00,2022-06-03 13:00:00+08:00,2022-06-03 05:00:00+00:00,2022-06-03,05:00:00,517,2022-06-03,12.593333333333334,20.43958333333333,4.630833333333333,114.19666666666666,1.9883333333333333,11.845,227.9729166666667,1.9795833333333333,11.939166666666669,228.44083333333333,22.179166666666664,58.075,0.0,24.13458333333333,1022.6933333333332,3.974166666666666,0.4945833333333333,12.593333333333334,20.43958333333333,4.630833333333333,114.19666666666666,1.9883333333333333,11.845,227.9729166666667,1.9795833333333333,11.939166666666669,228.44083333333333,22.179166666666664,58.075,0.0,24.13458333333333,1022.6933333333332,3.974166666666666,0.4945833333333333,12.593333333333334,20.43958333333333,4.630833333333333,114.19666666666666,1.9883333333333333,11.845,227.9729166666667,1.9795833333333333,11.939166666666669,228.44083333333333,22.179166666666664,58.075,0.0,24.13458333333333,1022.6933333333332,3.974166666666666,0.4945833333333333,0.21,1.14
SCR,South Cottesloe Reef,May 30,"2022, 10 a.m.",30-May-22   10 a.m.,4,Fair,Patchy visibility,2022,10 AM,May 30 2022 10 AM,2022-05-30 10:00:00,2022-05-30 10:00:00+08:00,2022-05-30 02:00:00+00:00,2022-05-30,02:00:00,518,2022-05-30,16.90458333333333,20.26375,5.427499999999999,122.92333333333332,1.5504166666666668,10.76875,212.57625,1.5041666666666669,11.256666666666668,215.5245833333333,34.979166666666664,60.1625,0.0,24.13625,1021.2558333333332,5.7525,0.3504166666666666,16.90458333333333,20.26375,5.427499999999999,122.92333333333332,1.5504166666666668,10.76875,212.57625,1.5041666666666669,11.256666666666668,215.5245833333333,34.979166666666664,60.1625,0.0,24.13625,1021.2558333333332,5.7525,0.3504166666666666,16.90458333333333,20.26375,5.427499999999999,122.92333333333332,1.5504166666666668,10.76875,212.57625,1.5041666666666669,11.256666666666668,215.5245833333333,34.979166666666664,60.1625,0.0,24.13625,1021.2558333333332,5.7525,0.3504166666666666,0.0,0.6200000000000001
WOO,Woodman Point,May 28,"2022, 10 a.m.",28-May-22   10 a.m.,4,Fair,Better on south side,2022,10 AM,May 28 2022 10 AM,2022-05-28 10:00:00,2022-05-28 10:00:00+08:00,2022-05-28 02:00:00+00:00,2022-05-28,02:00:00,519,2022-05-28,17.724999999999998,20.707916666666662,7.72625,175.96291666666664,1.885,9.26125,221.5608333333333,1.6154166666666665,10.546666666666669,229.14916666666667,60.770833333333336,61.4125,0.62,24.13583333333333,1016.425,9.910416666666666,0.4495833333333334,17.724999999999998,20.707916666666662,7.72625,175.96291666666664,1.885,9.26125,221.5608333333333,1.6154166666666665,10.546666666666669,229.14916666666667,60.770833333333336,61.4125,0.62,24.13583333333333,1016.425,9.910416666666666,0.4495833333333334,17.724999999999998,20.707916666666662,7.72625,175.96291666666664,1.885,9.26125,221.5608333333333,1.6154166666666665,10.546666666666669,229.14916666666667,60.770833333333336,61.4125,0.62,24.13583333333333,1016.425,9.910416666666666,0.4495833333333334,0.0,0.0
AMJ,Ammo Jetty,May 28,"2022, 8 a.m.",28-May-22   8 a.m.,1,Fair,Very murky,2022,8 AM,May 28 2022 8 AM,2022-05-28 08:00:00,2022-05-28 08:00:00+08:00,2022-05-28 00:00:00+00:00,2022-05-28,00:00:00,520,2022-05-28,15.417083333333332,20.10083333333333,8.675833333333333,171.23916666666665,2.1366666666666667,9.335833333333332,216.43375,1.747083333333333,10.821666666666667,225.6820833333333,30.070833333333336,55.25833333333333,0.1,24.13583333333333,1016.3658333333332,7.2475,0.4545833333333333,15.417083333333332,20.10083333333333,8.675833333333333,171.23916666666665,2.1366666666666667,9.335833333333332,216.43375,1.747083333333333,10.821666666666667,225.6820833333333,30.070833333333336,55.25833333333333,0.1,24.13583333333333,1016.3658333333332,7.2475,0.4545833333333333,15.417083333333332,20.10083333333333,8.675833333333333,171.23916666666665,2.1366666666666667,9.335833333333332,216.43375,1.747083333333333,10.821666666666667,225.6820833333333,30.070833333333336,55.25833333333333,0.1,24.13583333333333,1016.3658333333332,7.2475,0.4545833333333333,0.0,0.0
HIL,Hillarys,May 25,"2022, 7 p.m.",25-May-22   7 p.m.,0,Fair,"Calm, 20C, Couldn't see a thing. We dived North Groyne",2022,7 PM,May 25 2022 7 PM,2022-05-25 19:00:00,2022-05-25 19:00:00+08:00,2022-05-25 11:00:00+00:00,2022-05-25,11:00:00,521,2022-05-25,18.13458333333333,21.663750000000004,5.075833333333333,87.14833333333333,1.97875,10.890416666666669,229.6570833333333,1.9595833333333332,11.090000000000002,230.41375,53.07083333333333,65.7625,0.0,24.136666666666667,1020.18875,4.725,0.535,18.13458333333333,21.663750000000004,5.075833333333333,87.14833333333333,1.97875,10.890416666666669,229.6570833333333,1.9595833333333332,11.090000000000002,230.41375,53.07083333333333,65.7625,0.0,24.136666666666667,1020.18875,4.725,0.535,18.13458333333333,21.663750000000004,5.075833333333333,87.14833333333333,1.97875,10.890416666666669,229.6570833333333,1.9595833333333332,11.090000000000002,230.41375,53.07083333333333,65.7625,0.0,24.136666666666667,1020.18875,4.725,0.535,0.15,8.3
CMT,Coogee Maritime Trail,May 21,"2022, 10 a.m.",21-May-22   10 a.m.,15,Fair,Best I’ve seen it!,2022,10 AM,May 21 2022 10 AM,2022-05-21 10:00:00,2022-05-21 10:00:00+08:00,2022-05-21 02:00:00+00:00,2022-05-21,02:00:00,522,2022-05-21,18.78375,21.51833333333333,4.280833333333333,97.21041666666667,2.04,12.884166666666667,237.11166666666668,2.01125,13.162083333333332,237.15958333333333,1.5666666666666669,51.13333333333333,0.0,24.135,1011.9483333333332,4.647916666666666,0.47125,18.78375,21.51833333333333,4.280833333333333,97.21041666666667,2.04,12.884166666666667,237.11166666666668,2.01125,13.162083333333332,237.15958333333333,1.5666666666666669,51.13333333333333,0.0,24.135,1011.9483333333332,4.647916666666666,0.47125,18.78375,21.51833333333333,4.280833333333333,97.21041666666667,2.04,12.884166666666667,237.11166666666668,2.01125,13.162083333333332,237.15958333333333,1.5666666666666669,51.13333333333333,0.0,24.135,1011.9483333333332,4.647916666666666,0.47125,2.5200000000000005,4.88
KGT,Kwinana Grain Terminal,May 21,"2022, 9 a.m.",21-May-22   9 a.m.,4,Glassy,Vis drops dramatically past 5m depth.Low swell E wind 3 days prior. 19°C.,2022,9 AM,May 21 2022 9 AM,2022-05-21 09:00:00,2022-05-21 09:00:00+08:00,2022-05-21 01:00:00+00:00,2022-05-21,01:00:00,523,2022-05-21,20.40833333333333,21.22041666666667,3.6454166666666654,100.45,1.87375,12.765833333333331,241.67583333333332,1.84875,13.010833333333332,241.6233333333333,10.6125,62.3125,0.0,24.135,1011.7745833333332,4.3775,0.4591666666666666,20.40833333333333,21.22041666666667,3.6454166666666654,100.45,1.87375,12.765833333333331,241.67583333333332,1.84875,13.010833333333332,241.6233333333333,10.6125,62.3125,0.0,24.135,1011.7745833333332,4.3775,0.4591666666666666,20.40833333333333,21.22041666666667,3.6454166666666654,100.45,1.87375,12.765833333333331,241.67583333333332,1.84875,13.010833333333332,241.6233333333333,10.6125,62.3125,0.0,24.135,1011.7745833333332,4.3775,0.4591666666666666,1.28,3.89
PRT,Port Beach,May 18,"2022, 7 p.m.",18-May-22   7 p.m.,3,Rough,"3m, lots of surge, lots of weed",2022,7 PM,May 18 2022 7 PM,2022-05-18 19:00:00,2022-05-18 19:00:00+08:00,2022-05-18 11:00:00+00:00,2022-05-18,11:00:00,524,2022-05-18,20.00208333333333,19.28833333333333,4.900416666666667,284.9479166666667,1.7870833333333334,10.028333333333334,253.85958333333332,1.7608333333333333,10.237916666666669,252.65416666666667,24.7875,68.5625,7.42,21.718333333333334,1013.6595833333334,6.538333333333333,0.4575,20.00208333333333,19.28833333333333,4.900416666666667,284.9479166666667,1.7870833333333334,10.028333333333334,253.85958333333332,1.7608333333333333,10.237916666666669,252.65416666666667,24.7875,68.5625,7.42,21.718333333333334,1013.6595833333334,6.538333333333333,0.4575,20.00208333333333,19.28833333333333,4.900416666666667,284.9479166666667,1.7870833333333334,10.028333333333334,253.85958333333332,1.7608333333333333,10.237916666666669,252.65416666666667,24.7875,68.5625,7.42,21.718333333333334,1013.6595833333334,6.538333333333333,0.4575,13.67,13.88
FRE,South Fremantle,May 18,"2022, 7 p.m.",18-May-22   7 p.m.,4,Fair,South Mole,2022,7 PM,May 18 2022 7 PM,2022-05-18 19:00:00,2022-05-18 19:00:00+08:00,2022-05-18 11:00:00+00:00,2022-05-18,11:00:00,525,2022-05-18,20.00208333333333,19.28833333333333,4.900416666666667,284.9479166666667,1.7870833333333334,10.028333333333334,253.85958333333332,1.7608333333333333,10.237916666666669,252.65416666666667,24.7875,68.5625,7.42,21.718333333333334,1013.6595833333334,6.538333333333333,0.4575,20.00208333333333,19.28833333333333,4.900416666666667,284.9479166666667,1.7870833333333334,10.028333333333334,253.85958333333332,1.7608333333333333,10.237916666666669,252.65416666666667,24.7875,68.5625,7.42,21.718333333333334,1013.6595833333334,6.538333333333333,0.4575,20.00208333333333,19.28833333333333,4.900416666666667,284.9479166666667,1.7870833333333334,10.028333333333334,253.85958333333332,1.7608333333333333,10.237916666666669,252.65416666666667,24.7875,68.5625,7.42,21.718333333333334,1013.6595833333334,6.538333333333333,0.4575,13.67,13.88
RNN,Rottnest North,May 15,"2022, noon",15-May-22   12 p.m.,15,Fair,15-20m,2022,12 PM,May 15 2022 12 PM,2022-05-15 12:00:00,2022-05-15 12:00:00+08:00,2022-05-15 04:00:00+00:00,2022-05-15,04:00:00,526,2022-05-15,17.525833333333335,20.48875,3.453333333333333,126.47708333333333,2.3833333333333333,12.152916666666668,226.96166666666667,2.3816666666666664,12.169166666666667,226.96166666666667,81.22500000000001,64.60000000000001,0.62,24.133750000000003,1020.69875,4.56,0.4470833333333333,17.525833333333335,20.48875,3.453333333333333,126.47708333333333,2.3833333333333333,12.152916666666668,226.96166666666667,2.3816666666666664,12.169166666666667,226.96166666666667,81.22500000000001,64.60000000000001,0.62,24.133750000000003,1020.69875,4.56,0.4470833333333333,17.525833333333335,20.48875,3.453333333333333,126.47708333333333,2.3833333333333333,12.152916666666668,226.96166666666667,2.3816666666666664,12.169166666666667,226.96166666666667,81.22500000000001,64.60000000000001,0.62,24.133750000000003,1020.69875,4.56,0.4470833333333333,1.77,3.12
BUL,Bulk Jetty,May 15,"2022, 11 a.m.",15-May-22   11 a.m.,4,Glassy,"Calm, but murky. 18C",2022,11 AM,May 15 2022 11 AM,2022-05-15 11:00:00,2022-05-15 11:00:00+08:00,2022-05-15 03:00:00+00:00,2022-05-15,03:00:00,527,2022-05-15,14.845416666666669,20.0025,3.0733333333333337,128.6625,2.1425,12.0225,232.42416666666668,2.13875,12.050416666666663,232.41,59.583333333333336,64.24166666666666,0.25,24.133750000000003,1020.85625,4.010416666666667,0.4254166666666666,14.845416666666669,20.0025,3.0733333333333337,128.6625,2.1425,12.0225,232.42416666666668,2.13875,12.050416666666663,232.41,59.583333333333336,64.24166666666666,0.25,24.133750000000003,1020.85625,4.010416666666667,0.4254166666666666,14.845416666666669,20.0025,3.0733333333333337,128.6625,2.1425,12.0225,232.42416666666668,2.13875,12.050416666666663,232.41,59.583333333333336,64.24166666666666,0.25,24.133750000000003,1020.85625,4.010416666666667,0.4254166666666666,1.51,2.96
RTS,Rottnest South,May 15,"2022, 9 a.m.",15-May-22   9 a.m.,10,Rough,10-15m,2022,9 AM,May 15 2022 9 AM,2022-05-15 09:00:00,2022-05-15 09:00:00+08:00,2022-05-15 01:00:00+00:00,2022-05-15,01:00:00,528,2022-05-15,17.525833333333335,20.48875,3.453333333333333,126.47708333333333,2.3833333333333333,12.152916666666668,226.96166666666667,2.3816666666666664,12.169166666666667,226.96166666666667,81.22500000000001,64.60000000000001,0.62,24.133750000000003,1020.69875,4.56,0.4470833333333333,17.525833333333335,20.48875,3.453333333333333,126.47708333333333,2.3833333333333333,12.152916666666668,226.96166666666667,2.3816666666666664,12.169166666666667,226.96166666666667,81.22500000000001,64.60000000000001,0.62,24.133750000000003,1020.69875,4.56,0.4470833333333333,17.525833333333335,20.48875,3.453333333333333,126.47708333333333,2.3833333333333333,12.152916666666668,226.96166666666667,2.3816666666666664,12.169166666666667,226.96166666666667,81.22500000000001,64.60000000000001,0.62,24.133750000000003,1020.69875,4.56,0.4470833333333333,1.69,3.28
PRT,Port Beach,May 10,"2022, 6 p.m.",10-May-22   6 p.m.,4,Fair,"Cloudy, lots of surge.",2022,6 PM,May 10 2022 6 PM,2022-05-10 18:00:00,2022-05-10 18:00:00+08:00,2022-05-10 10:00:00+00:00,2022-05-10,10:00:00,529,2022-05-10,19.29625,21.782916666666665,4.2058333333333335,232.88666666666663,2.4170833333333333,13.152916666666668,231.68958333333333,2.41125,13.19625,231.76166666666663,21.275,69.42083333333333,0.0,24.135416666666668,1016.5920833333332,4.471666666666667,0.66375,19.29625,21.782916666666665,4.2058333333333335,232.88666666666663,2.4170833333333333,13.152916666666668,231.68958333333333,2.41125,13.19625,231.76166666666663,21.275,69.42083333333333,0.0,24.135416666666668,1016.5920833333332,4.471666666666667,0.66375,19.29625,21.782916666666665,4.2058333333333335,232.88666666666663,2.4170833333333333,13.152916666666668,231.68958333333333,2.41125,13.19625,231.76166666666663,21.275,69.42083333333333,0.0,24.135416666666668,1016.5920833333332,4.471666666666667,0.66375,0.0,0.03
PEN,Penguin Island,May 8,"2022, 4 p.m.",8-May-22   4 p.m.,4,Glassy,-,2022,4 PM,May 8 2022 4 PM,2022-05-08 16:00:00,2022-05-08 16:00:00+08:00,2022-05-08 08:00:00+00:00,2022-05-08,08:00:00,530,2022-05-08,19.8125,22.117083333333337,3.172916666666667,161.40166666666667,1.3845833333333335,12.653333333333334,239.22416666666663,1.3795833333333334,12.735833333333334,239.52791666666667,24.070833333333336,64.92916666666666,0.03,24.13791666666667,1017.1970833333334,3.95,0.5354166666666668,19.8125,22.117083333333337,3.172916666666667,161.40166666666667,1.3845833333333335,12.653333333333334,239.22416666666663,1.3795833333333334,12.735833333333334,239.52791666666667,24.070833333333336,64.92916666666666,0.03,24.13791666666667,1017.1970833333334,3.95,0.5354166666666668,19.8125,22.117083333333337,3.172916666666667,161.40166666666667,1.3845833333333335,12.653333333333334,239.22416666666663,1.3795833333333334,12.735833333333334,239.52791666666667,24.070833333333336,64.92916666666666,0.03,24.13791666666667,1017.1970833333334,3.95,0.5354166666666668,0.0,0.0
HIL,Hillarys,May 8,"2022, 1 p.m.",8-May-22   1 p.m.,6,Fair,Cow Rocks. Great dive better than Boy n boat as far as conditions go on the same day,2022,1 PM,May 8 2022 1 PM,2022-05-08 13:00:00,2022-05-08 13:00:00+08:00,2022-05-08 05:00:00+00:00,2022-05-08,05:00:00,531,2022-05-08,20.02541666666667,20.649166666666662,4.090833333333333,157.64833333333334,1.700416666666667,12.57625,228.00250000000003,1.6779166666666667,12.82625,229.1075,22.15833333333333,63.9625,0.03,24.13791666666667,1017.0808333333332,4.2125,0.535,20.02541666666667,20.649166666666662,4.090833333333333,157.64833333333334,1.700416666666667,12.57625,228.00250000000003,1.6779166666666667,12.82625,229.1075,22.15833333333333,63.9625,0.03,24.13791666666667,1017.0808333333332,4.2125,0.535,20.02541666666667,20.649166666666662,4.090833333333333,157.64833333333334,1.700416666666667,12.57625,228.00250000000003,1.6779166666666667,12.82625,229.1075,22.15833333333333,63.9625,0.03,24.13791666666667,1017.0808333333332,4.2125,0.535,0.0,0.0
HIL,Hillarys,May 8,"2022, 9 a.m.",8-May-22   9 a.m.,4,Fair,Swell sitting at 1.2,2022,9 AM,May 8 2022 9 AM,2022-05-08 09:00:00,2022-05-08 09:00:00+08:00,2022-05-08 01:00:00+00:00,2022-05-08,01:00:00,532,2022-05-08,20.02541666666667,20.649166666666662,4.090833333333333,157.64833333333334,1.700416666666667,12.57625,228.00250000000003,1.6779166666666667,12.82625,229.1075,22.15833333333333,63.9625,0.03,24.13791666666667,1017.0808333333332,4.2125,0.535,20.02541666666667,20.649166666666662,4.090833333333333,157.64833333333334,1.700416666666667,12.57625,228.00250000000003,1.6779166666666667,12.82625,229.1075,22.15833333333333,63.9625,0.03,24.13791666666667,1017.0808333333332,4.2125,0.535,20.02541666666667,20.649166666666662,4.090833333333333,157.64833333333334,1.700416666666667,12.57625,228.00250000000003,1.6779166666666667,12.82625,229.1075,22.15833333333333,63.9625,0.03,24.13791666666667,1017.0808333333332,4.2125,0.535,0.0,0.0
PPR,Point Peron,May 7,"2022, 9 a.m.",7-May-22   9 a.m.,6,Fair,Milky - worse over sand,2022,9 AM,May 7 2022 9 AM,2022-05-07 09:00:00,2022-05-07 09:00:00+08:00,2022-05-07 01:00:00+00:00,2022-05-07,01:00:00,533,2022-05-07,19.367916666666662,21.2325,2.5725,117.64666666666666,1.4045833333333333,13.334166666666668,243.78125,1.38875,13.595416666666669,242.7,21.8375,48.145833333333336,0.0,24.13625,1017.2429166666666,3.99,0.505,19.367916666666662,21.2325,2.5725,117.64666666666666,1.4045833333333333,13.334166666666668,243.78125,1.38875,13.595416666666669,242.7,21.8375,48.145833333333336,0.0,24.13625,1017.2429166666666,3.99,0.505,19.367916666666662,21.2325,2.5725,117.64666666666666,1.4045833333333333,13.334166666666668,243.78125,1.38875,13.595416666666669,242.7,21.8375,48.145833333333336,0.0,24.13625,1017.2429166666666,3.99,0.505,0.0,0.0
PPR,Point Peron,May 6,"2022, 3 p.m.",6-May-22   3 p.m.,15,Glassy,-,2022,3 PM,May 6 2022 3 PM,2022-05-06 15:00:00,2022-05-06 15:00:00+08:00,2022-05-06 07:00:00+00:00,2022-05-06,07:00:00,534,2022-05-06,18.5825,20.057916666666667,5.509166666666666,55.645,1.02875,10.466666666666669,222.44458333333333,0.9004166666666666,12.249166666666667,242.1425,0.0,47.82916666666667,0.0,24.13458333333333,1020.8979166666668,8.05125,0.4670833333333333,18.5825,20.057916666666667,5.509166666666666,55.645,1.02875,10.466666666666669,222.44458333333333,0.9004166666666666,12.249166666666667,242.1425,0.0,47.82916666666667,0.0,24.13458333333333,1020.8979166666668,8.05125,0.4670833333333333,18.5825,20.057916666666667,5.509166666666666,55.645,1.02875,10.466666666666669,222.44458333333333,0.9004166666666666,12.249166666666667,242.1425,0.0,47.82916666666667,0.0,24.13458333333333,1020.8979166666668,8.05125,0.4670833333333333,0.0,0.0
KGT,Kwinana Grain Terminal,May 1,"2022, 8 a.m.",1-May-22   8 a.m.,2,Glassy,"19⁰C, Ship is in",2022,8 AM,May 1 2022 8 AM,2022-05-01 08:00:00,2022-05-01 08:00:00+08:00,2022-05-01 00:00:00+00:00,2022-05-01,00:00:00,535,2022-05-01,18.521666666666665,20.87375,4.16625,162.94041666666666,1.4283333333333337,11.370416666666666,228.45625,1.4045833333333333,11.615833333333336,229.47958333333332,2.9333333333333336,67.57083333333334,0.0,24.13583333333333,1021.2704166666668,4.67,0.4025,18.521666666666665,20.87375,4.16625,162.94041666666666,1.4283333333333337,11.370416666666666,228.45625,1.4045833333333333,11.615833333333336,229.47958333333332,2.9333333333333336,67.57083333333334,0.0,24.13583333333333,1021.2704166666668,4.67,0.4025,18.521666666666665,20.87375,4.16625,162.94041666666666,1.4283333333333337,11.370416666666666,228.45625,1.4045833333333333,11.615833333333336,229.47958333333332,2.9333333333333336,67.57083333333334,0.0,24.13583333333333,1021.2704166666668,4.67,0.4025,0.0,0.0
CMT,Coogee Maritime Trail,April 30,"2022, 11 a.m.",30-Apr-22   11 a.m.,4,Fair,"Very calm, but vis not too great",2022,11 AM,April 30 2022 11 AM,2022-04-30 11:00:00,2022-04-30 11:00:00+08:00,2022-04-30 03:00:00+00:00,2022-04-30,03:00:00,536,2022-04-30,17.696666666666665,20.81583333333333,5.489166666666667,138.19958333333332,1.7254166666666666,10.955833333333333,222.35083333333333,1.6766666666666667,11.390833333333331,224.905,0.0,43.99166666666667,0.0,24.13416666666667,1024.30625,3.32875,0.3895833333333333,17.696666666666665,20.81583333333333,5.489166666666667,138.19958333333332,1.7254166666666666,10.955833333333333,222.35083333333333,1.6766666666666667,11.390833333333331,224.905,0.0,43.99166666666667,0.0,24.13416666666667,1024.30625,3.32875,0.3895833333333333,17.696666666666665,20.81583333333333,5.489166666666667,138.19958333333332,1.7254166666666666,10.955833333333333,222.35083333333333,1.6766666666666667,11.390833333333331,224.905,0.0,43.99166666666667,0.0,24.13416666666667,1024.30625,3.32875,0.3895833333333333,0.0,0.51
AMJ,Ammo Jetty,April 30,"2022, 10 a.m.",30-Apr-22   10 a.m.,4,Fair,Lots of fines suspended in water,2022,10 AM,April 30 2022 10 AM,2022-04-30 10:00:00,2022-04-30 10:00:00+08:00,2022-04-30 02:00:00+00:00,2022-04-30,02:00:00,537,2022-04-30,17.696666666666665,20.81583333333333,5.489166666666667,138.19958333333332,1.7254166666666666,10.955833333333333,222.35083333333333,1.6766666666666667,11.390833333333331,224.905,0.0,43.99166666666667,0.0,24.13416666666667,1024.30625,3.32875,0.3895833333333333,17.696666666666665,20.81583333333333,5.489166666666667,138.19958333333332,1.7254166666666666,10.955833333333333,222.35083333333333,1.6766666666666667,11.390833333333331,224.905,0.0,43.99166666666667,0.0,24.13416666666667,1024.30625,3.32875,0.3895833333333333,17.696666666666665,20.81583333333333,5.489166666666667,138.19958333333332,1.7254166666666666,10.955833333333333,222.35083333333333,1.6766666666666667,11.390833333333331,224.905,0.0,43.99166666666667,0.0,24.13416666666667,1024.30625,3.32875,0.3895833333333333,0.0,1.0
BUL,Bulk Jetty,April 30,"2022, 9 a.m.",30-Apr-22   9 a.m.,5,Fair,18c calm,2022,9 AM,April 30 2022 9 AM,2022-04-30 09:00:00,2022-04-30 09:00:00+08:00,2022-04-30 01:00:00+00:00,2022-04-30,01:00:00,538,2022-04-30,17.696666666666665,20.567083333333333,4.403333333333333,142.32916666666668,1.5,11.054583333333332,228.8308333333333,1.4800000000000002,11.303333333333333,230.14625,0.0,43.99166666666667,0.0,24.13416666666667,1024.30625,3.32875,0.3875,17.696666666666665,20.567083333333333,4.403333333333333,142.32916666666668,1.5,11.054583333333332,228.8308333333333,1.4800000000000002,11.303333333333333,230.14625,0.0,43.99166666666667,0.0,24.13416666666667,1024.30625,3.32875,0.3875,17.696666666666665,20.567083333333333,4.403333333333333,142.32916666666668,1.5,11.054583333333332,228.8308333333333,1.4800000000000002,11.303333333333333,230.14625,0.0,43.99166666666667,0.0,24.13416666666667,1024.30625,3.32875,0.3875,0.0,1.46
WAT,Watermans/North Beach,April 25,"2022, 10 a.m.",25-Apr-22   10 a.m.,10,Fair,"Vis improving, still particles in the water",2022,10 AM,April 25 2022 10 AM,2022-04-25 10:00:00,2022-04-25 10:00:00+08:00,2022-04-25 02:00:00+00:00,2022-04-25,02:00:00,539,2022-04-25,20.632916666666667,21.984583333333333,9.267916666666666,237.88458333333327,2.3454166666666665,10.624583333333334,257.3558333333333,1.8012499999999998,13.16875,244.0975,97.42916666666667,67.57083333333334,4.16,21.46333333333333,1004.6558333333334,11.827083333333334,0.4949999999999999,20.632916666666667,21.984583333333333,9.267916666666666,237.88458333333327,2.3454166666666665,10.624583333333334,257.3558333333333,1.8012499999999998,13.16875,244.0975,97.42916666666667,67.57083333333334,4.16,21.46333333333333,1004.6558333333334,11.827083333333334,0.4949999999999999,20.632916666666667,21.984583333333333,9.267916666666666,237.88458333333327,2.3454166666666665,10.624583333333334,257.3558333333333,1.8012499999999998,13.16875,244.0975,97.42916666666667,67.57083333333334,4.16,21.46333333333333,1004.6558333333334,11.827083333333334,0.4949999999999999,0.0,0.0
PRT,Port Beach,April 24,"2022, 7 p.m.",24-Apr-22   7 p.m.,8,Fair,6-8m,2022,7 PM,April 24 2022 7 PM,2022-04-24 19:00:00,2022-04-24 19:00:00+08:00,2022-04-24 11:00:00+00:00,2022-04-24,11:00:00,540,2022-04-24,22.09875,21.9975,6.201250000000001,107.49333333333334,1.035,10.9325,218.8525,0.9141666666666668,12.9225,228.03333333333333,55.45,58.63333333333333,0.0,24.13625,1013.9783333333334,9.961666666666668,0.5258333333333334,22.09875,21.9975,6.201250000000001,107.49333333333334,1.035,10.9325,218.8525,0.9141666666666668,12.9225,228.03333333333333,55.45,58.63333333333333,0.0,24.13625,1013.9783333333334,9.961666666666668,0.5258333333333334,22.09875,21.9975,6.201250000000001,107.49333333333334,1.035,10.9325,218.8525,0.9141666666666668,12.9225,228.03333333333333,55.45,58.63333333333333,0.0,24.13625,1013.9783333333334,9.961666666666668,0.5258333333333334,0.0,0.0
RTS,Rottnest South,April 24,"2022, 9 a.m.",24-Apr-22   9 a.m.,15,Fair,-,2022,9 AM,April 24 2022 9 AM,2022-04-24 09:00:00,2022-04-24 09:00:00+08:00,2022-04-24 01:00:00+00:00,2022-04-24,01:00:00,541,2022-04-24,22.09875,21.9975,6.201250000000001,107.49333333333334,1.035,10.9325,218.8525,0.9141666666666668,12.9225,228.03333333333333,55.45,58.63333333333333,0.0,24.13625,1013.9783333333334,9.961666666666668,0.5258333333333334,22.09875,21.9975,6.201250000000001,107.49333333333334,1.035,10.9325,218.8525,0.9141666666666668,12.9225,228.03333333333333,55.45,58.63333333333333,0.0,24.13625,1013.9783333333334,9.961666666666668,0.5258333333333334,22.09875,21.9975,6.201250000000001,107.49333333333334,1.035,10.9325,218.8525,0.9141666666666668,12.9225,228.03333333333333,55.45,58.63333333333333,0.0,24.13625,1013.9783333333334,9.961666666666668,0.5258333333333334,0.0,0.0
WOO,Woodman Point,April 24,"2022, 8 a.m.",24-Apr-22   8 a.m.,6,Fair,North Side 5-6m,2022,8 AM,April 24 2022 8 AM,2022-04-24 08:00:00,2022-04-24 08:00:00+08:00,2022-04-24 00:00:00+00:00,2022-04-24,00:00:00,542,2022-04-24,22.09875,22.41333333333333,5.273333333333333,109.16583333333334,0.9045833333333334,11.60125,231.4625,0.8254166666666666,13.1225,234.84125,55.45,58.63333333333333,0.0,24.13625,1013.9783333333334,9.961666666666668,0.5279166666666667,22.09875,22.41333333333333,5.273333333333333,109.16583333333334,0.9045833333333334,11.60125,231.4625,0.8254166666666666,13.1225,234.84125,55.45,58.63333333333333,0.0,24.13625,1013.9783333333334,9.961666666666668,0.5279166666666667,22.09875,22.41333333333333,5.273333333333333,109.16583333333334,0.9045833333333334,11.60125,231.4625,0.8254166666666666,13.1225,234.84125,55.45,58.63333333333333,0.0,24.13625,1013.9783333333334,9.961666666666668,0.5279166666666667,0.0,0.0
RKM,Rockingham Dive Trail,April 23,"2022, 10 a.m.",23-Apr-22   10 a.m.,2,Windy,50cm-2m tops.,2022,10 AM,April 23 2022 10 AM,2022-04-23 10:00:00,2022-04-23 10:00:00+08:00,2022-04-23 02:00:00+00:00,2022-04-23,02:00:00,543,2022-04-23,20.3825,22.187916666666663,5.6325,97.36791666666666,0.91625,9.434583333333334,191.50041666666667,0.77,11.602083333333333,223.84,4.416666666666667,56.54166666666666,0.0,24.138333333333332,1020.4741666666667,9.051666666666668,0.5270833333333333,20.3825,22.187916666666663,5.6325,97.36791666666666,0.91625,9.434583333333334,191.50041666666667,0.77,11.602083333333333,223.84,4.416666666666667,56.54166666666666,0.0,24.138333333333332,1020.4741666666667,9.051666666666668,0.5270833333333333,20.3825,22.187916666666663,5.6325,97.36791666666666,0.91625,9.434583333333334,191.50041666666667,0.77,11.602083333333333,223.84,4.416666666666667,56.54166666666666,0.0,24.138333333333332,1020.4741666666667,9.051666666666668,0.5270833333333333,0.0,0.0
MET,Mettam’s Pool,April 23,"2022, 8 a.m.",23-Apr-22   8 a.m.,15,Fair,"Beautiful conditions, no swell and we saw a stingray",2022,8 AM,April 23 2022 8 AM,2022-04-23 08:00:00,2022-04-23 08:00:00+08:00,2022-04-23 00:00:00+00:00,2022-04-23,00:00:00,544,2022-04-23,19.85333333333333,22.145416666666662,6.958749999999999,104.485,1.1775,9.354166666666666,183.5495833333333,0.97875,11.705416666666666,212.0795833333333,3.6375,39.77916666666667,0.0,24.138333333333332,1020.125,10.1225,0.5358333333333334,19.85333333333333,22.145416666666662,6.958749999999999,104.485,1.1775,9.354166666666666,183.5495833333333,0.97875,11.705416666666666,212.0795833333333,3.6375,39.77916666666667,0.0,24.138333333333332,1020.125,10.1225,0.5358333333333334,19.85333333333333,22.145416666666662,6.958749999999999,104.485,1.1775,9.354166666666666,183.5495833333333,0.97875,11.705416666666666,212.0795833333333,3.6375,39.77916666666667,0.0,24.138333333333332,1020.125,10.1225,0.5358333333333334,0.0,0.0
PRT,Port Beach,April 21,"2022, 7 p.m.",21-Apr-22   7 p.m.,3,Fair,3-4m,2022,7 PM,April 21 2022 7 PM,2022-04-21 19:00:00,2022-04-21 19:00:00+08:00,2022-04-21 11:00:00+00:00,2022-04-21,11:00:00,545,2022-04-21,20.63416666666667,21.415000000000003,7.781666666666666,108.51958333333332,1.7604166666666667,10.438333333333333,198.47208333333333,1.5470833333333334,12.159583333333332,217.67166666666665,39.2375,60.60833333333333,0.0,24.1325,1023.5308333333334,9.915833333333332,0.4095833333333333,20.63416666666667,21.415000000000003,7.781666666666666,108.51958333333332,1.7604166666666667,10.438333333333333,198.47208333333333,1.5470833333333334,12.159583333333332,217.67166666666665,39.2375,60.60833333333333,0.0,24.1325,1023.5308333333334,9.915833333333332,0.4095833333333333,20.63416666666667,21.415000000000003,7.781666666666666,108.51958333333332,1.7604166666666667,10.438333333333333,198.47208333333333,1.5470833333333334,12.159583333333332,217.67166666666665,39.2375,60.60833333333333,0.0,24.1325,1023.5308333333334,9.915833333333332,0.4095833333333333,0.0,0.0
PPR,Point Peron,April 20,"2022, 10 a.m.",20-Apr-22   10 a.m.,5,Fair,"4-5m, surgey.",2022,10 AM,April 20 2022 10 AM,2022-04-20 10:00:00,2022-04-20 10:00:00+08:00,2022-04-20 02:00:00+00:00,2022-04-20,02:00:00,546,2022-04-20,19.72875,21.502916666666668,6.787916666666667,134.08708333333334,1.73375,11.284583333333332,219.4595833333333,1.6408333333333334,12.182083333333331,224.65583333333333,39.06666666666667,66.11666666666666,0.0,24.13458333333333,1023.5233333333332,8.687083333333334,0.4708333333333332,19.72875,21.502916666666668,6.787916666666667,134.08708333333334,1.73375,11.284583333333332,219.4595833333333,1.6408333333333334,12.182083333333331,224.65583333333333,39.06666666666667,66.11666666666666,0.0,24.13458333333333,1023.5233333333332,8.687083333333334,0.4708333333333332,19.72875,21.502916666666668,6.787916666666667,134.08708333333334,1.73375,11.284583333333332,219.4595833333333,1.6408333333333334,12.182083333333331,224.65583333333333,39.06666666666667,66.11666666666666,0.0,24.13458333333333,1023.5233333333332,8.687083333333334,0.4708333333333332,0.0,0.0
RKM,Rockingham Dive Trail,April 20,"2022, 7 a.m.",20-Apr-22   7 a.m.,3,Fair,3-4m cloudy.,2022,7 AM,April 20 2022 7 AM,2022-04-20 07:00:00,2022-04-20 07:00:00+08:00,2022-04-19 23:00:00+00:00,2022-04-19,23:00:00,547,2022-04-19,19.5825,21.079166666666666,5.459583333333334,146.98458333333335,1.7966666666666669,11.56125,224.61625,1.75375,11.95625,226.4725,0.1,67.10416666666667,0.0,24.135416666666668,1023.2554166666667,6.433333333333334,0.3491666666666667,19.5825,21.079166666666666,5.459583333333334,146.98458333333335,1.7966666666666669,11.56125,224.61625,1.75375,11.95625,226.4725,0.1,67.10416666666667,0.0,24.135416666666668,1023.2554166666667,6.433333333333334,0.3491666666666667,19.5825,21.079166666666666,5.459583333333334,146.98458333333335,1.7966666666666669,11.56125,224.61625,1.75375,11.95625,226.4725,0.1,67.10416666666667,0.0,24.135416666666668,1023.2554166666667,6.433333333333334,0.3491666666666667,0.0,0.0
RNN,Rottnest North,April 19,"2022, 11 a.m.",19-Apr-22   11 a.m.,25,Fair,"Roe Reef. Lots of swim throughs, water like a swimming pool",2022,11 AM,April 19 2022 11 AM,2022-04-19 11:00:00,2022-04-19 11:00:00+08:00,2022-04-19 03:00:00+00:00,2022-04-19,03:00:00,548,2022-04-19,19.97875,21.304583333333333,6.557083333333334,140.78625,2.04875,11.573333333333332,219.6475,1.9925,12.020833333333334,221.87458333333333,0.0,63.9625,0.0,24.135416666666668,1022.8729166666668,6.3620833333333335,0.3529166666666667,19.97875,21.304583333333333,6.557083333333334,140.78625,2.04875,11.573333333333332,219.6475,1.9925,12.020833333333334,221.87458333333333,0.0,63.9625,0.0,24.135416666666668,1022.8729166666668,6.3620833333333335,0.3529166666666667,19.97875,21.304583333333333,6.557083333333334,140.78625,2.04875,11.573333333333332,219.6475,1.9925,12.020833333333334,221.87458333333333,0.0,63.9625,0.0,24.135416666666668,1022.8729166666668,6.3620833333333335,0.3529166666666667,0.0,0.0
RNW,Rottnest West,April 19,"2022, 9 a.m.",19-Apr-22   9 a.m.,15,Fair,Dave’s caves. Fair bit of current but nice dive,2022,9 AM,April 19 2022 9 AM,2022-04-19 09:00:00,2022-04-19 09:00:00+08:00,2022-04-19 01:00:00+00:00,2022-04-19,01:00:00,549,2022-04-19,19.97875,21.304583333333333,6.557083333333334,140.78625,2.7975,8.58,216.35458333333332,2.7320833333333336,9.941666666666666,218.45875,0.0,63.9625,0.0,24.135416666666668,1022.8729166666668,6.3620833333333335,0.3529166666666667,19.97875,21.304583333333333,6.557083333333334,140.78625,2.7975,8.58,216.35458333333332,2.7320833333333336,9.941666666666666,218.45875,0.0,63.9625,0.0,24.135416666666668,1022.8729166666668,6.3620833333333335,0.3529166666666667,19.97875,21.304583333333333,6.557083333333334,140.78625,2.7975,8.58,216.35458333333332,2.7320833333333336,9.941666666666666,218.45875,0.0,63.9625,0.0,24.135416666666668,1022.8729166666668,6.3620833333333335,0.3529166666666667,0.0,0.0
WAT,Watermans/North Beach,April 17,"2022, 9 a.m.",17-Apr-22   9 a.m.,1,Fair,"Offshore breeze, very poor vis, low but regular swell",2022,9 AM,April 17 2022 9 AM,2022-04-17 09:00:00,2022-04-17 09:00:00+08:00,2022-04-17 01:00:00+00:00,2022-04-17,01:00:00,550,2022-04-17,17.750833333333333,22.349166666666665,8.375833333333334,148.72458333333333,2.5525,11.119166666666668,211.31041666666667,2.3583333333333334,12.249583333333334,216.95208333333332,2.2583333333333333,62.21666666666667,0.0,24.132916666666663,1021.9645833333334,8.86875,0.4758333333333333,17.750833333333333,22.349166666666665,8.375833333333334,148.72458333333333,2.5525,11.119166666666668,211.31041666666667,2.3583333333333334,12.249583333333334,216.95208333333332,2.2583333333333333,62.21666666666667,0.0,24.132916666666663,1021.9645833333334,8.86875,0.4758333333333333,17.750833333333333,22.349166666666665,8.375833333333334,148.72458333333333,2.5525,11.119166666666668,211.31041666666667,2.3583333333333334,12.249583333333334,216.95208333333332,2.2583333333333333,62.21666666666667,0.0,24.132916666666663,1021.9645833333334,8.86875,0.4758333333333333,0.13,0.13
3MR,Three Mile Reef,April 15,"2022, 11 a.m.",15-Apr-22   11 a.m.,8,Fair,-,2022,11 AM,April 15 2022 11 AM,2022-04-15 11:00:00,2022-04-15 11:00:00+08:00,2022-04-15 03:00:00+00:00,2022-04-15,03:00:00,551,2022-04-15,20.921666666666667,22.63458333333333,5.7683333333333335,155.83583333333334,1.9104166666666669,11.880416666666669,217.70833333333331,1.8491666666666668,12.438333333333333,219.9275,3.375,71.72500000000001,0.0,24.133750000000003,1017.1295833333334,6.201666666666667,0.4812499999999999,20.921666666666667,22.63458333333333,5.7683333333333335,155.83583333333334,1.9104166666666669,11.880416666666669,217.70833333333331,1.8491666666666668,12.438333333333333,219.9275,3.375,71.72500000000001,0.0,24.133750000000003,1017.1295833333334,6.201666666666667,0.4812499999999999,20.921666666666667,22.63458333333333,5.7683333333333335,155.83583333333334,1.9104166666666669,11.880416666666669,217.70833333333331,1.8491666666666668,12.438333333333333,219.9275,3.375,71.72500000000001,0.0,24.133750000000003,1017.1295833333334,6.201666666666667,0.4812499999999999,0.0,0.0
WAT,Watermans/North Beach,April 15,"2022, 10 a.m.",15-Apr-22   10 a.m.,3,Fair,Better behind drop off and to the south but still cloudy,2022,10 AM,April 15 2022 10 AM,2022-04-15 10:00:00,2022-04-15 10:00:00+08:00,2022-04-15 02:00:00+00:00,2022-04-15,02:00:00,552,2022-04-15,20.921666666666667,22.63458333333333,5.7683333333333335,155.83583333333334,1.9104166666666669,11.880416666666669,217.70833333333331,1.8491666666666668,12.438333333333333,219.9275,3.375,71.72500000000001,0.0,24.133750000000003,1017.1295833333334,6.201666666666667,0.4812499999999999,20.921666666666667,22.63458333333333,5.7683333333333335,155.83583333333334,1.9104166666666669,11.880416666666669,217.70833333333331,1.8491666666666668,12.438333333333333,219.9275,3.375,71.72500000000001,0.0,24.133750000000003,1017.1295833333334,6.201666666666667,0.4812499999999999,20.921666666666667,22.63458333333333,5.7683333333333335,155.83583333333334,1.9104166666666669,11.880416666666669,217.70833333333331,1.8491666666666668,12.438333333333333,219.9275,3.375,71.72500000000001,0.0,24.133750000000003,1017.1295833333334,6.201666666666667,0.4812499999999999,0.0,0.0
PPR,Point Peron,April 15,"2022, 10 a.m.",15-Apr-22   10 a.m.,8,Fair,"Bit of surge, vis varied 6-10m",2022,10 AM,April 15 2022 10 AM,2022-04-15 10:00:00,2022-04-15 10:00:00+08:00,2022-04-15 02:00:00+00:00,2022-04-15,02:00:00,553,2022-04-15,19.975,22.152083333333334,4.585833333333333,161.29583333333332,1.52125,12.02875,228.26375,1.492916666666667,12.34125,229.51666666666665,13.791666666666666,73.10416666666667,0.0,24.133750000000003,1017.49625,5.6933333333333325,0.4583333333333333,19.975,22.152083333333334,4.585833333333333,161.29583333333332,1.52125,12.02875,228.26375,1.492916666666667,12.34125,229.51666666666665,13.791666666666666,73.10416666666667,0.0,24.133750000000003,1017.49625,5.6933333333333325,0.4583333333333333,19.975,22.152083333333334,4.585833333333333,161.29583333333332,1.52125,12.02875,228.26375,1.492916666666667,12.34125,229.51666666666665,13.791666666666666,73.10416666666667,0.0,24.133750000000003,1017.49625,5.6933333333333325,0.4583333333333333,0.0,0.0
PRT,Port Beach,April 14,"2022, 7 p.m.",14-Apr-22   7 p.m.,8,Fair,6-8m,2022,7 PM,April 14 2022 7 PM,2022-04-14 19:00:00,2022-04-14 19:00:00+08:00,2022-04-14 11:00:00+00:00,2022-04-14,11:00:00,554,2022-04-14,19.78833333333333,22.57875,5.982083333333333,124.56666666666666,1.5170833333333331,10.89125,218.16666666666663,1.4433333333333334,11.679166666666667,221.88375,0.0,67.54583333333333,0.0,24.13458333333333,1021.105,6.999583333333334,0.49875,19.78833333333333,22.57875,5.982083333333333,124.56666666666666,1.5170833333333331,10.89125,218.16666666666663,1.4433333333333334,11.679166666666667,221.88375,0.0,67.54583333333333,0.0,24.13458333333333,1021.105,6.999583333333334,0.49875,19.78833333333333,22.57875,5.982083333333333,124.56666666666666,1.5170833333333331,10.89125,218.16666666666663,1.4433333333333334,11.679166666666667,221.88375,0.0,67.54583333333333,0.0,24.13458333333333,1021.105,6.999583333333334,0.49875,0.0,0.0
WOO,Woodman Point,April 13,"2022, 10 a.m.",13-Apr-22   10 a.m.,6,Fair,"Great visibility, southerly breeze, stingers on south side in shallows",2022,10 AM,April 13 2022 10 AM,2022-04-13 10:00:00,2022-04-13 10:00:00+08:00,2022-04-13 02:00:00+00:00,2022-04-13,02:00:00,555,2022-04-13,19.405,22.21083333333333,6.479166666666667,151.43791666666667,1.2495833333333335,9.563333333333334,215.76666666666665,1.1170833333333332,11.069583333333334,223.3175,0.0,66.7375,0.0,24.135416666666668,1020.5579166666666,7.223333333333334,0.465,19.405,22.21083333333333,6.479166666666667,151.43791666666667,1.2495833333333335,9.563333333333334,215.76666666666665,1.1170833333333332,11.069583333333334,223.3175,0.0,66.7375,0.0,24.135416666666668,1020.5579166666666,7.223333333333334,0.465,19.405,22.21083333333333,6.479166666666667,151.43791666666667,1.2495833333333335,9.563333333333334,215.76666666666665,1.1170833333333332,11.069583333333334,223.3175,0.0,66.7375,0.0,24.135416666666668,1020.5579166666666,7.223333333333334,0.465,0.0,0.01
NMF,North Mole Fremantle,April 9,"2022, 6 p.m.",9-Apr-22   6 p.m.,5,Windy,"23C Lttlsurge,Hvy bck scttr",2022,6 PM,April 9 2022 6 PM,2022-04-09 18:00:00,2022-04-09 18:00:00+08:00,2022-04-09 10:00:00+00:00,2022-04-09,10:00:00,556,2022-04-09,17.785,22.660416666666663,7.302916666666667,165.36041666666668,2.355833333333333,10.652916666666666,229.5445833333333,2.2558333333333334,11.285416666666668,232.97916666666663,40.55416666666667,58.7625,0.1,24.1375,1018.6720833333334,7.426666666666667,0.4029166666666666,17.785,22.660416666666663,7.302916666666667,165.36041666666668,2.355833333333333,10.652916666666666,229.5445833333333,2.2558333333333334,11.285416666666668,232.97916666666663,40.55416666666667,58.7625,0.1,24.1375,1018.6720833333334,7.426666666666667,0.4029166666666666,17.785,22.660416666666663,7.302916666666667,165.36041666666668,2.355833333333333,10.652916666666666,229.5445833333333,2.2558333333333334,11.285416666666668,232.97916666666663,40.55416666666667,58.7625,0.1,24.1375,1018.6720833333334,7.426666666666667,0.4029166666666666,1.46,1.88
AMJ,Ammo Jetty,April 6,"2022, 7 a.m.",6-Apr-22   7 a.m.,5,Glassy,Got worst by 8am,2022,7 AM,April 6 2022 7 AM,2022-04-06 07:00:00,2022-04-06 07:00:00+08:00,2022-04-05 23:00:00+00:00,2022-04-05,23:00:00,557,2022-04-05,19.75333333333333,23.117500000000003,5.57375,120.16458333333333,1.27,9.301666666666668,220.39583333333331,1.2066666666666668,9.982916666666666,226.925,20.53333333333333,42.1875,0.0,24.13416666666667,1021.0020833333332,6.639166666666667,0.45375,19.75333333333333,23.117500000000003,5.57375,120.16458333333333,1.27,9.301666666666668,220.39583333333331,1.2066666666666668,9.982916666666666,226.925,20.53333333333333,42.1875,0.0,24.13416666666667,1021.0020833333332,6.639166666666667,0.45375,19.75333333333333,23.117500000000003,5.57375,120.16458333333333,1.27,9.301666666666668,220.39583333333331,1.2066666666666668,9.982916666666666,226.925,20.53333333333333,42.1875,0.0,24.13416666666667,1021.0020833333332,6.639166666666667,0.45375,0.0,0.0
MET,Mettam’s Pool,April 3,"2022, 1 p.m.",3-Apr-22   1 p.m.,8,Fair,-,2022,1 PM,April 3 2022 1 PM,2022-04-03 13:00:00,2022-04-03 13:00:00+08:00,2022-04-03 05:00:00+00:00,2022-04-03,05:00:00,558,2022-04-03,23.00583333333333,24.030833333333334,9.048333333333334,173.65541666666664,2.6079166666666667,10.584166666666668,216.42083333333332,2.099166666666666,12.65875,227.65833333333333,49.9375,70.07083333333334,0.61,24.133333333333336,1009.8145833333332,4.6745833333333335,0.5845833333333333,23.00583333333333,24.030833333333334,9.048333333333334,173.65541666666664,2.6079166666666667,10.584166666666668,216.42083333333332,2.099166666666666,12.65875,227.65833333333333,49.9375,70.07083333333334,0.61,24.133333333333336,1009.8145833333332,4.6745833333333335,0.5845833333333333,23.00583333333333,24.030833333333334,9.048333333333334,173.65541666666664,2.6079166666666667,10.584166666666668,216.42083333333332,2.099166666666666,12.65875,227.65833333333333,49.9375,70.07083333333334,0.61,24.133333333333336,1009.8145833333332,4.6745833333333335,0.5845833333333333,0.8,0.8400000000000001
SCR,South Cottesloe Reef,March 30,"2022, 9 a.m.",30-Mar-22   9 a.m.,5,Fair,-,2022,9 AM,March 30 2022 9 AM,2022-03-30 09:00:00,2022-03-30 09:00:00+08:00,2022-03-30 01:00:00+00:00,2022-03-30,01:00:00,559,2022-03-30,21.871666666666663,21.441666666666663,9.2,79.14041666666667,1.80625,9.850416666666666,190.29375,1.4741666666666668,12.665416666666667,221.8258333333333,94.27083333333331,78.36666666666666,1.66,24.1325,1015.2866666666667,14.48375,0.3166666666666666,21.871666666666663,21.441666666666663,9.2,79.14041666666667,1.80625,9.850416666666666,190.29375,1.4741666666666668,12.665416666666667,221.8258333333333,94.27083333333331,78.36666666666666,1.66,24.1325,1015.2866666666667,14.48375,0.3166666666666666,21.871666666666663,21.441666666666663,9.2,79.14041666666667,1.80625,9.850416666666666,190.29375,1.4741666666666668,12.665416666666667,221.8258333333333,94.27083333333331,78.36666666666666,1.66,24.1325,1015.2866666666667,14.48375,0.3166666666666666,0.57,4.029999999999999
WAT,Watermans/North Beach,March 26,"2022, 9 a.m.",26-Mar-22   9 a.m.,10,Fair,Better behind the drop off,2022,9 AM,March 26 2022 9 AM,2022-03-26 09:00:00,2022-03-26 09:00:00+08:00,2022-03-26 01:00:00+00:00,2022-03-26,01:00:00,560,2022-03-26,22.407083333333333,22.660833333333333,4.489166666666667,158.33041666666665,1.5704166666666666,11.214583333333332,222.64375,1.5245833333333334,11.47875,225.37958333333333,81.39999999999999,83.30416666666666,3.01,21.861666666666665,1007.9433333333332,7.73,0.4333333333333333,22.407083333333333,22.660833333333333,4.489166666666667,158.33041666666665,1.5704166666666666,11.214583333333332,222.64375,1.5245833333333334,11.47875,225.37958333333333,81.39999999999999,83.30416666666666,3.01,21.861666666666665,1007.9433333333332,7.73,0.4333333333333333,22.407083333333333,22.660833333333333,4.489166666666667,158.33041666666665,1.5704166666666666,11.214583333333332,222.64375,1.5245833333333334,11.47875,225.37958333333333,81.39999999999999,83.30416666666666,3.01,21.861666666666665,1007.9433333333332,7.73,0.4333333333333333,7.629999999999999,7.629999999999999
SCR,South Cottesloe Reef,March 22,"2022, 7 p.m.",22-Mar-22   7 p.m.,3,Windy,Sand Tracks  - 23-24c,2022,7 PM,March 22 2022 7 PM,2022-03-22 19:00:00,2022-03-22 19:00:00+08:00,2022-03-22 11:00:00+00:00,2022-03-22,11:00:00,561,2022-03-22,20.17458333333333,23.10291666666667,8.324166666666667,132.44708333333332,2.074583333333333,10.490416666666668,212.36625,1.8945833333333333,11.769166666666663,222.8383333333333,0.0,60.45416666666667,0.0,24.136666666666667,1018.8854166666666,9.920416666666666,0.4749999999999999,20.17458333333333,23.10291666666667,8.324166666666667,132.44708333333332,2.074583333333333,10.490416666666668,212.36625,1.8945833333333333,11.769166666666663,222.8383333333333,0.0,60.45416666666667,0.0,24.136666666666667,1018.8854166666666,9.920416666666666,0.4749999999999999,20.17458333333333,23.10291666666667,8.324166666666667,132.44708333333332,2.074583333333333,10.490416666666668,212.36625,1.8945833333333333,11.769166666666663,222.8383333333333,0.0,60.45416666666667,0.0,24.136666666666667,1018.8854166666666,9.920416666666666,0.4749999999999999,0.0,0.33
SCR,South Cottesloe Reef,March 19,"2022, 10 a.m.",19-Mar-22   10 a.m.,2,Windy,-,2022,10 AM,March 19 2022 10 AM,2022-03-19 10:00:00,2022-03-19 10:00:00+08:00,2022-03-19 02:00:00+00:00,2022-03-19,02:00:00,562,2022-03-19,23.074166666666667,23.3275,7.572083333333333,138.46208333333334,2.265,10.534583333333332,219.95208333333332,2.15625,11.22125,224.6291666666667,96.71666666666664,68.09583333333333,0.03,24.112916666666667,1013.5391666666666,10.0125,0.2841666666666667,23.074166666666667,23.3275,7.572083333333333,138.46208333333334,2.265,10.534583333333332,219.95208333333332,2.15625,11.22125,224.6291666666667,96.71666666666664,68.09583333333333,0.03,24.112916666666667,1013.5391666666666,10.0125,0.2841666666666667,23.074166666666667,23.3275,7.572083333333333,138.46208333333334,2.265,10.534583333333332,219.95208333333332,2.15625,11.22125,224.6291666666667,96.71666666666664,68.09583333333333,0.03,24.112916666666667,1013.5391666666666,10.0125,0.2841666666666667,0.21,0.21
NMF,North Mole Fremantle,March 16,"2022, 7 p.m.",16-Mar-22   7 p.m.,15,Fair,24-25.5c,2022,7 PM,March 16 2022 7 PM,2022-03-16 19:00:00,2022-03-16 19:00:00+08:00,2022-03-16 11:00:00+00:00,2022-03-16,11:00:00,563,2022-03-16,22.201666666666668,23.23625,5.202083333333333,215.15916666666664,1.74375,8.9925,231.19291666666663,1.695,9.294166666666667,229.9908333333333,45.2375,72.81666666666666,0.43,24.133750000000003,1015.485,5.451249999999999,0.5008333333333334,22.201666666666668,23.23625,5.202083333333333,215.15916666666664,1.74375,8.9925,231.19291666666663,1.695,9.294166666666667,229.9908333333333,45.2375,72.81666666666666,0.43,24.133750000000003,1015.485,5.451249999999999,0.5008333333333334,22.201666666666668,23.23625,5.202083333333333,215.15916666666664,1.74375,8.9925,231.19291666666663,1.695,9.294166666666667,229.9908333333333,45.2375,72.81666666666666,0.43,24.133750000000003,1015.485,5.451249999999999,0.5008333333333334,0.48,1.06
WOO,Woodman Point,March 12,"2022, 8 p.m.",12-Mar-22   8 p.m.,10,Glassy,"23c, perfect.",2022,8 PM,March 12 2022 8 PM,2022-03-12 20:00:00,2022-03-12 20:00:00+08:00,2022-03-12 12:00:00+00:00,2022-03-12,12:00:00,564,2022-03-12,22.225416666666664,23.084166666666665,4.202916666666667,273.175,1.1783333333333337,9.09125,238.6604166666667,1.15,9.43875,236.5220833333333,70.175,78.8875,0.6,24.1375,1008.6333333333332,5.645416666666667,0.4395833333333334,22.225416666666664,23.084166666666665,4.202916666666667,273.175,1.1783333333333337,9.09125,238.6604166666667,1.15,9.43875,236.5220833333333,70.175,78.8875,0.6,24.1375,1008.6333333333332,5.645416666666667,0.4395833333333334,22.225416666666664,23.084166666666665,4.202916666666667,273.175,1.1783333333333337,9.09125,238.6604166666667,1.15,9.43875,236.5220833333333,70.175,78.8875,0.6,24.1375,1008.6333333333332,5.645416666666667,0.4395833333333334,0.13,0.13
RKM,Rockingham Dive Trail,March 12,"2022, noon",12-Mar-22   12 p.m.,1,Windy,<1. Easterly wind + surge,2022,12 PM,March 12 2022 12 PM,2022-03-12 12:00:00,2022-03-12 12:00:00+08:00,2022-03-12 04:00:00+00:00,2022-03-12,04:00:00,565,2022-03-12,22.23333333333333,23.084166666666665,4.202916666666667,273.175,1.1783333333333337,9.09125,238.6604166666667,1.15,9.43875,236.5220833333333,73.61666666666666,79.3,0.77,24.1375,1008.2675,5.478750000000001,0.4395833333333334,22.23333333333333,23.084166666666665,4.202916666666667,273.175,1.1783333333333337,9.09125,238.6604166666667,1.15,9.43875,236.5220833333333,73.61666666666666,79.3,0.77,24.1375,1008.2675,5.478750000000001,0.4395833333333334,22.23333333333333,23.084166666666665,4.202916666666667,273.175,1.1783333333333337,9.09125,238.6604166666667,1.15,9.43875,236.5220833333333,73.61666666666666,79.3,0.77,24.1375,1008.2675,5.478750000000001,0.4395833333333334,0.31,0.31
BUL,Bulk Jetty,March 11,"2022, noon",11-Mar-22   12 p.m.,7,Fair,22C shipping,2022,12 PM,March 11 2022 12 PM,2022-03-11 12:00:00,2022-03-11 12:00:00+08:00,2022-03-11 04:00:00+00:00,2022-03-11,04:00:00,566,2022-03-11,29.970416666666665,22.765833333333333,2.3433333333333333,222.62875,0.8508333333333332,10.895,226.3454166666667,0.8475,10.95,226.44625,47.4375,30.90416666666667,0.51,24.11375,1007.20875,5.540416666666666,0.3925,29.970416666666665,22.765833333333333,2.3433333333333333,222.62875,0.8508333333333332,10.895,226.3454166666667,0.8475,10.95,226.44625,47.4375,30.90416666666667,0.51,24.11375,1007.20875,5.540416666666666,0.3925,29.970416666666665,22.765833333333333,2.3433333333333333,222.62875,0.8508333333333332,10.895,226.3454166666667,0.8475,10.95,226.44625,47.4375,30.90416666666667,0.51,24.11375,1007.20875,5.540416666666666,0.3925,0.0,0.0
SCR,South Cottesloe Reef,March 9,"2022, 7 a.m.",9-Mar-22   7 a.m.,15,Glassy,Heaps of fish around groyne,2022,7 AM,March 9 2022 7 AM,2022-03-09 07:00:00,2022-03-09 07:00:00+08:00,2022-03-08 23:00:00+00:00,2022-03-08,23:00:00,567,2022-03-08,23.879166666666663,22.649583333333336,6.536666666666666,129.50458333333333,1.63875,10.925416666666663,211.2058333333333,1.544166666666667,11.868333333333332,215.98625,43.2375,64.58749999999999,0.0,24.13583333333333,1016.28,8.795416666666666,0.3533333333333333,23.879166666666663,22.649583333333336,6.536666666666666,129.50458333333333,1.63875,10.925416666666663,211.2058333333333,1.544166666666667,11.868333333333332,215.98625,43.2375,64.58749999999999,0.0,24.13583333333333,1016.28,8.795416666666666,0.3533333333333333,23.879166666666663,22.649583333333336,6.536666666666666,129.50458333333333,1.63875,10.925416666666663,211.2058333333333,1.544166666666667,11.868333333333332,215.98625,43.2375,64.58749999999999,0.0,24.13583333333333,1016.28,8.795416666666666,0.3533333333333333,0.0,0.0
CMT,Coogee Maritime Trail,March 6,"2022, 9 p.m.",6-Mar-22   9 p.m.,4,Glassy,North side or marina,2022,9 PM,March 6 2022 9 PM,2022-03-06 21:00:00,2022-03-06 21:00:00+08:00,2022-03-06 13:00:00+00:00,2022-03-06,13:00:00,568,2022-03-06,26.79041666666667,22.886666666666667,6.824166666666667,137.82291666666666,1.7441666666666666,10.183333333333334,214.85625,1.6354166666666667,11.06375,220.0845833333333,30.21666666666667,37.90833333333333,0.0,24.138333333333332,1016.9541666666668,9.103333333333332,0.31375,26.79041666666667,22.886666666666667,6.824166666666667,137.82291666666666,1.7441666666666666,10.183333333333334,214.85625,1.6354166666666667,11.06375,220.0845833333333,30.21666666666667,37.90833333333333,0.0,24.138333333333332,1016.9541666666668,9.103333333333332,0.31375,26.79041666666667,22.886666666666667,6.824166666666667,137.82291666666666,1.7441666666666666,10.183333333333334,214.85625,1.6354166666666667,11.06375,220.0845833333333,30.21666666666667,37.90833333333333,0.0,24.138333333333332,1016.9541666666668,9.103333333333332,0.31375,0.0,0.0
NMF,North Mole Fremantle,March 5,"2022, 8 p.m.",5-Mar-22   8 p.m.,4,Fair,-,2022,8 PM,March 5 2022 8 PM,2022-03-05 20:00:00,2022-03-05 20:00:00+08:00,2022-03-05 12:00:00+00:00,2022-03-05,12:00:00,569,2022-03-05,22.811666666666667,22.749583333333334,7.1575,138.56041666666667,1.9920833333333332,11.503333333333332,217.58625,1.90625,12.21375,220.81708333333333,31.625,68.12916666666666,0.0,24.133750000000003,1017.7458333333334,9.438333333333334,0.1987499999999999,22.811666666666667,22.749583333333334,7.1575,138.56041666666667,1.9920833333333332,11.503333333333332,217.58625,1.90625,12.21375,220.81708333333333,31.625,68.12916666666666,0.0,24.133750000000003,1017.7458333333334,9.438333333333334,0.1987499999999999,22.811666666666667,22.749583333333334,7.1575,138.56041666666667,1.9920833333333332,11.503333333333332,217.58625,1.90625,12.21375,220.81708333333333,31.625,68.12916666666666,0.0,24.133750000000003,1017.7458333333334,9.438333333333334,0.1987499999999999,0.0,0.0
BUL,Bulk Jetty,March 5,"2022, 11 a.m.",5-Mar-22   11 a.m.,5,Fair,-,2022,11 AM,March 5 2022 11 AM,2022-03-05 11:00:00,2022-03-05 11:00:00+08:00,2022-03-05 03:00:00+00:00,2022-03-05,03:00:00,570,2022-03-05,25.44333333333333,22.652083333333334,6.1312500000000005,140.40166666666667,1.7504166666666665,11.472083333333332,223.13083333333336,1.67875,12.189583333333331,226.11375,8.225,37.15833333333333,0.0,24.133750000000003,1017.6675,8.05125,0.205,25.44333333333333,22.652083333333334,6.1312500000000005,140.40166666666667,1.7504166666666665,11.472083333333332,223.13083333333336,1.67875,12.189583333333331,226.11375,8.225,37.15833333333333,0.0,24.133750000000003,1017.6675,8.05125,0.205,25.44333333333333,22.652083333333334,6.1312500000000005,140.40166666666667,1.7504166666666665,11.472083333333332,223.13083333333336,1.67875,12.189583333333331,226.11375,8.225,37.15833333333333,0.0,24.133750000000003,1017.6675,8.05125,0.205,0.0,0.0
CAM,Camilla Wreck,March 5,"2022, 10 a.m.",5-Mar-22   10 a.m.,5,Fair,-,2022,10 AM,March 5 2022 10 AM,2022-03-05 10:00:00,2022-03-05 10:00:00+08:00,2022-03-05 02:00:00+00:00,2022-03-05,02:00:00,571,2022-03-05,25.44333333333333,22.652083333333334,6.1312500000000005,140.40166666666667,1.7504166666666665,11.472083333333332,223.13083333333336,1.67875,12.189583333333331,226.11375,8.225,37.15833333333333,0.0,24.133750000000003,1017.6675,8.05125,0.205,25.44333333333333,22.652083333333334,6.1312500000000005,140.40166666666667,1.7504166666666665,11.472083333333332,223.13083333333336,1.67875,12.189583333333331,226.11375,8.225,37.15833333333333,0.0,24.133750000000003,1017.6675,8.05125,0.205,25.44333333333333,22.652083333333334,6.1312500000000005,140.40166666666667,1.7504166666666665,11.472083333333332,223.13083333333336,1.67875,12.189583333333331,226.11375,8.225,37.15833333333333,0.0,24.133750000000003,1017.6675,8.05125,0.205,0.0,0.0
KGT,Kwinana Grain Terminal,Feb. 26,"2022, 10 a.m.",26-Feb-22   10 a.m.,10,Fair,-,2022,10 AM,Feb 26 2022 10 AM,2022-02-26 10:00:00,2022-02-26 10:00:00+08:00,2022-02-26 02:00:00+00:00,2022-02-26,02:00:00,572,2022-02-26,21.995,23.29208333333333,9.6325,163.97083333333333,1.659166666666667,7.225,196.8375,1.20375,9.570416666666668,216.2975,1.5375000000000003,71.33333333333333,0.0,24.13458333333333,1011.0833333333334,14.0375,0.3858333333333333,21.995,23.29208333333333,9.6325,163.97083333333333,1.659166666666667,7.225,196.8375,1.20375,9.570416666666668,216.2975,1.5375000000000003,71.33333333333333,0.0,24.13458333333333,1011.0833333333334,14.0375,0.3858333333333333,21.995,23.29208333333333,9.6325,163.97083333333333,1.659166666666667,7.225,196.8375,1.20375,9.570416666666668,216.2975,1.5375000000000003,71.33333333333333,0.0,24.13458333333333,1011.0833333333334,14.0375,0.3858333333333333,0.0,0.0
AMJ,Ammo Jetty,Feb. 23,"2022, 8 a.m.",23-Feb-22   8 a.m.,6,Fair,great vis best in months,2022,8 AM,Feb 23 2022 8 AM,2022-02-23 08:00:00,2022-02-23 08:00:00+08:00,2022-02-23 00:00:00+00:00,2022-02-23,00:00:00,573,2022-02-23,25.97583333333333,23.86583333333333,10.0025,145.40833333333333,2.10625,8.5075,201.4670833333333,1.6879166666666665,10.607916666666666,222.72333333333333,45.1125,45.80833333333334,0.0,24.1375,1012.2116666666668,10.661666666666669,0.3870833333333333,25.97583333333333,23.86583333333333,10.0025,145.40833333333333,2.10625,8.5075,201.4670833333333,1.6879166666666665,10.607916666666666,222.72333333333333,45.1125,45.80833333333334,0.0,24.1375,1012.2116666666668,10.661666666666669,0.3870833333333333,25.97583333333333,23.86583333333333,10.0025,145.40833333333333,2.10625,8.5075,201.4670833333333,1.6879166666666665,10.607916666666666,222.72333333333333,45.1125,45.80833333333334,0.0,24.1375,1012.2116666666668,10.661666666666669,0.3870833333333333,0.0,0.0
KGT,Kwinana Grain Terminal,Feb. 20,"2022, 9 a.m.",20-Feb-22   9 a.m.,5,Fair,little bit green but fair 24C,2022,9 AM,Feb 20 2022 9 AM,2022-02-20 09:00:00,2022-02-20 09:00:00+08:00,2022-02-20 01:00:00+00:00,2022-02-20,01:00:00,574,2022-02-20,23.36125,24.0675,7.111666666666667,142.4391666666667,1.27875,8.250833333333334,222.75125,1.1266666666666667,9.619583333333331,239.62166666666667,74.83749999999999,65.73333333333333,0.0,24.133750000000003,1013.49875,10.742916666666666,0.5283333333333333,23.36125,24.0675,7.111666666666667,142.4391666666667,1.27875,8.250833333333334,222.75125,1.1266666666666667,9.619583333333331,239.62166666666667,74.83749999999999,65.73333333333333,0.0,24.133750000000003,1013.49875,10.742916666666666,0.5283333333333333,23.36125,24.0675,7.111666666666667,142.4391666666667,1.27875,8.250833333333334,222.75125,1.1266666666666667,9.619583333333331,239.62166666666667,74.83749999999999,65.73333333333333,0.0,24.133750000000003,1013.49875,10.742916666666666,0.5283333333333333,0.0,0.0
PPR,Point Peron,Feb. 19,"2022, 9 a.m.",19-Feb-22   9 a.m.,6,Fair,-,2022,9 AM,Feb 19 2022 9 AM,2022-02-19 09:00:00,2022-02-19 09:00:00+08:00,2022-02-19 01:00:00+00:00,2022-02-19,01:00:00,575,2022-02-19,23.98708333333333,23.65375,6.647083333333334,172.65,1.6025,9.716666666666669,227.87458333333333,1.465833333333333,10.740833333333333,234.5041666666667,54.40416666666667,63.3875,0.0,24.13208333333333,1015.5629166666668,10.378333333333332,0.51125,23.98708333333333,23.65375,6.647083333333334,172.65,1.6025,9.716666666666669,227.87458333333333,1.465833333333333,10.740833333333333,234.5041666666667,54.40416666666667,63.3875,0.0,24.13208333333333,1015.5629166666668,10.378333333333332,0.51125,23.98708333333333,23.65375,6.647083333333334,172.65,1.6025,9.716666666666669,227.87458333333333,1.465833333333333,10.740833333333333,234.5041666666667,54.40416666666667,63.3875,0.0,24.13208333333333,1015.5629166666668,10.378333333333332,0.51125,0.0,0.0
PPR,Point Peron,Feb. 18,"2022, 10 a.m.",18-Feb-22   10 a.m.,8,Glassy,6-10m in diff places :),2022,10 AM,Feb 18 2022 10 AM,2022-02-18 10:00:00,2022-02-18 10:00:00+08:00,2022-02-18 02:00:00+00:00,2022-02-18,02:00:00,576,2022-02-18,24.694166666666664,23.71666666666667,3.910833333333333,153.38833333333335,1.5266666666666666,12.341666666666669,233.08291666666665,1.5125,12.539583333333333,233.74625,0.4624999999999999,63.975,0.0,24.13583333333333,1016.73125,7.19625,0.50625,24.694166666666664,23.71666666666667,3.910833333333333,153.38833333333335,1.5266666666666666,12.341666666666669,233.08291666666665,1.5125,12.539583333333333,233.74625,0.4624999999999999,63.975,0.0,24.13583333333333,1016.73125,7.19625,0.50625,24.694166666666664,23.71666666666667,3.910833333333333,153.38833333333335,1.5266666666666666,12.341666666666669,233.08291666666665,1.5125,12.539583333333333,233.74625,0.4624999999999999,63.975,0.0,24.13583333333333,1016.73125,7.19625,0.50625,0.0,0.0
CMB,The Coombe & Mosman Bay,Feb. 12,"2022, 8 p.m.",12-Feb-22   8 p.m.,1,Fair,"24c, high tide, no frogs :(",2022,8 PM,Feb 12 2022 8 PM,2022-02-12 20:00:00,2022-02-12 20:00:00+08:00,2022-02-12 12:00:00+00:00,2022-02-12,12:00:00,577,2022-02-12,22.95625,22.284166666666668,9.460416666666667,164.90416666666667,2.2466666666666666,9.445,219.22208333333333,1.8416666666666668,11.484583333333331,229.38083333333336,2.9333333333333336,50.05416666666667,0.0,24.137083333333333,1013.0183333333332,8.13625,0.2516666666666666,22.95625,22.284166666666668,9.460416666666667,164.90416666666667,2.2466666666666666,9.445,219.22208333333333,1.8416666666666668,11.484583333333331,229.38083333333336,2.9333333333333336,50.05416666666667,0.0,24.137083333333333,1013.0183333333332,8.13625,0.2516666666666666,22.95625,22.284166666666668,9.460416666666667,164.90416666666667,2.2466666666666666,9.445,219.22208333333333,1.8416666666666668,11.484583333333331,229.38083333333336,2.9333333333333336,50.05416666666667,0.0,24.137083333333333,1013.0183333333332,8.13625,0.2516666666666666,0.0,0.11
RNW,Rottnest West,Jan. 29,"2022, 11 a.m.",29-Jan-22   11 a.m.,15,Windy,"23c, strong surge and arvo SW",2022,11 AM,Jan 29 2022 11 AM,2022-01-29 11:00:00,2022-01-29 11:00:00+08:00,2022-01-29 03:00:00+00:00,2022-01-29,03:00:00,578,2022-01-29,23.73375,22.7475,6.680416666666666,182.3083333333333,2.7541666666666664,7.859583333333333,217.2983333333333,2.4991666666666665,10.790833333333332,221.56916666666663,2.404166666666667,76.075,0.0,24.1325,1007.6995833333334,9.469166666666666,,23.73375,22.7475,6.680416666666666,182.3083333333333,2.7541666666666664,7.859583333333333,217.2983333333333,2.4991666666666665,10.790833333333332,221.56916666666663,2.404166666666667,76.075,0.0,24.1325,1007.6995833333334,9.469166666666666,,23.73375,22.7475,6.680416666666666,182.3083333333333,2.7541666666666664,7.859583333333333,217.2983333333333,2.4991666666666665,10.790833333333332,221.56916666666663,2.404166666666667,76.075,0.0,24.1325,1007.6995833333334,9.469166666666666,,0.0,0.0
CMT,Coogee Maritime Trail,Jan. 29,"2022, 9 a.m.",29-Jan-22   9 a.m.,5,Fair,-,2022,9 AM,Jan 29 2022 9 AM,2022-01-29 09:00:00,2022-01-29 09:00:00+08:00,2022-01-29 01:00:00+00:00,2022-01-29,01:00:00,579,2022-01-29,31.174166666666668,32.82375,6.680416666666666,182.3083333333333,2.169166666666667,11.49,221.0883333333333,2.044583333333333,12.3975,224.26916666666668,10.35,33.0625,0.0,24.13125,1007.325,5.0775,,31.174166666666668,32.82375,6.680416666666666,182.3083333333333,2.169166666666667,11.49,221.0883333333333,2.044583333333333,12.3975,224.26916666666668,10.35,33.0625,0.0,24.13125,1007.325,5.0775,,31.174166666666668,32.82375,6.680416666666666,182.3083333333333,2.169166666666667,11.49,221.0883333333333,2.044583333333333,12.3975,224.26916666666668,10.35,33.0625,0.0,24.13125,1007.325,5.0775,,0.0,0.0
CMT,Coogee Maritime Trail,Jan. 26,"2022, 8 a.m.",26-Jan-22   8 a.m.,7,Glassy,-,2022,8 AM,Jan 26 2022 8 AM,2022-01-26 08:00:00,2022-01-26 08:00:00+08:00,2022-01-26 00:00:00+00:00,2022-01-26,00:00:00,580,2022-01-26,23.522916666666664,25.742083333333337,9.470833333333331,166.75291666666666,1.7575,8.165833333333333,205.05291666666668,1.2091666666666667,11.459583333333333,220.5295833333333,22.9125,47.63333333333333,0.0,24.1325,1006.4320833333333,8.034166666666666,,23.522916666666664,25.742083333333337,9.470833333333331,166.75291666666666,1.7575,8.165833333333333,205.05291666666668,1.2091666666666667,11.459583333333333,220.5295833333333,22.9125,47.63333333333333,0.0,24.1325,1006.4320833333333,8.034166666666666,,23.522916666666664,25.742083333333337,9.470833333333331,166.75291666666666,1.7575,8.165833333333333,205.05291666666668,1.2091666666666667,11.459583333333333,220.5295833333333,22.9125,47.63333333333333,0.0,24.1325,1006.4320833333333,8.034166666666666,,0.0,0.0
KGT,Kwinana Grain Terminal,Jan. 23,"2022, 10 a.m.",23-Jan-22   10 a.m.,10,Fair,Lots of occys!,2022,10 AM,Jan 23 2022 10 AM,2022-01-23 10:00:00,2022-01-23 10:00:00+08:00,2022-01-23 02:00:00+00:00,2022-01-23,02:00:00,581,2022-01-23,22.93583333333333,23.22625,8.73625,179.83791666666664,1.8275,8.715416666666666,222.75208333333333,1.3816666666666668,10.967916666666667,236.5533333333333,0.7000000000000001,72.84166666666667,0.0,24.136666666666667,1010.5841666666666,12.696666666666667,,22.93583333333333,23.22625,8.73625,179.83791666666664,1.8275,8.715416666666666,222.75208333333333,1.3816666666666668,10.967916666666667,236.5533333333333,0.7000000000000001,72.84166666666667,0.0,24.136666666666667,1010.5841666666666,12.696666666666667,,22.93583333333333,23.22625,8.73625,179.83791666666664,1.8275,8.715416666666666,222.75208333333333,1.3816666666666668,10.967916666666667,236.5533333333333,0.7000000000000001,72.84166666666667,0.0,24.136666666666667,1010.5841666666666,12.696666666666667,,0.0,0.0
CMT,Coogee Maritime Trail,Jan. 22,"2022, 11 a.m.",22-Jan-22   11 a.m.,5,Fair,Lots of algae in water column,2022,11 AM,Jan 22 2022 11 AM,2022-01-22 11:00:00,2022-01-22 11:00:00+08:00,2022-01-22 03:00:00+00:00,2022-01-22,03:00:00,582,2022-01-22,32.555,34.41875,4.53125,171.39916666666667,1.4195833333333334,9.635833333333332,230.21416666666667,1.3558333333333332,10.223333333333333,232.6625,13.070833333333333,21.125,0.0,24.135,1010.7983333333332,8.421666666666667,,32.555,34.41875,4.53125,171.39916666666667,1.4195833333333334,9.635833333333332,230.21416666666667,1.3558333333333332,10.223333333333333,232.6625,13.070833333333333,21.125,0.0,24.135,1010.7983333333332,8.421666666666667,,32.555,34.41875,4.53125,171.39916666666667,1.4195833333333334,9.635833333333332,230.21416666666667,1.3558333333333332,10.223333333333333,232.6625,13.070833333333333,21.125,0.0,24.135,1010.7983333333332,8.421666666666667,,0.0,0.0
AMJ,Ammo Jetty,Jan. 21,"2022, 8 p.m.",21-Jan-22   8 p.m.,5,Fair,Many octopus,2022,8 PM,Jan 21 2022 8 PM,2022-01-21 20:00:00,2022-01-21 20:00:00+08:00,2022-01-21 12:00:00+00:00,2022-01-21,12:00:00,583,2022-01-21,33.205,34.87,4.002083333333333,151.97208333333333,1.6158333333333337,11.399166666666666,231.83291666666665,1.5970833333333332,11.6175,232.53,0.1166666666666666,16.60833333333333,0.0,24.13625,1012.0179166666668,8.125833333333334,,33.205,34.87,4.002083333333333,151.97208333333333,1.6158333333333337,11.399166666666666,231.83291666666665,1.5970833333333332,11.6175,232.53,0.1166666666666666,16.60833333333333,0.0,24.13625,1012.0179166666668,8.125833333333334,,33.205,34.87,4.002083333333333,151.97208333333333,1.6158333333333337,11.399166666666666,231.83291666666665,1.5970833333333332,11.6175,232.53,0.1166666666666666,16.60833333333333,0.0,24.13625,1012.0179166666668,8.125833333333334,,0.0,0.0
NMF,North Mole Fremantle,Jan. 10,"2022, 8 p.m.",10-Jan-22   8 p.m.,6,Windy,"22 dec, pipefish + cephalopods",2022,8 PM,Jan 10 2022 8 PM,2022-01-10 20:00:00,2022-01-10 20:00:00+08:00,2022-01-10 12:00:00+00:00,2022-01-10,12:00:00,584,2022-01-10,20.77208333333333,22.16583333333333,8.356666666666667,139.46958333333333,1.4754166666666666,7.982916666666667,202.3058333333333,1.2541666666666669,9.4325,216.06791666666663,72.17083333333333,58.95416666666666,0.0,24.13083333333333,1016.5758333333332,10.716666666666669,0.2004166666666666,20.77208333333333,22.16583333333333,8.356666666666667,139.46958333333333,1.4754166666666666,7.982916666666667,202.3058333333333,1.2541666666666669,9.4325,216.06791666666663,72.17083333333333,58.95416666666666,0.0,24.13083333333333,1016.5758333333332,10.716666666666669,0.2004166666666666,20.77208333333333,22.16583333333333,8.356666666666667,139.46958333333333,1.4754166666666666,7.982916666666667,202.3058333333333,1.2541666666666669,9.4325,216.06791666666663,72.17083333333333,58.95416666666666,0.0,24.13083333333333,1016.5758333333332,10.716666666666669,0.2004166666666666,0.0,0.0
FRE,South Fremantle,Jan. 7,"2022, 8 p.m.",7-Jan-22   8 p.m.,5,Windy,Middle mole 15max depth,2022,8 PM,Jan 7 2022 8 PM,2022-01-07 20:00:00,2022-01-07 20:00:00+08:00,2022-01-07 12:00:00+00:00,2022-01-07,12:00:00,585,2022-01-07,24.890833333333333,23.04041666666667,7.622083333333333,162.42166666666665,1.7120833333333332,9.245416666666666,211.5595833333333,1.4545833333333336,11.316666666666668,219.89583333333331,1.6625,62.17083333333334,0.0,24.137083333333333,1006.6979166666666,11.773333333333332,0.2458333333333333,24.890833333333333,23.04041666666667,7.622083333333333,162.42166666666665,1.7120833333333332,9.245416666666666,211.5595833333333,1.4545833333333336,11.316666666666668,219.89583333333331,1.6625,62.17083333333334,0.0,24.137083333333333,1006.6979166666666,11.773333333333332,0.2458333333333333,24.890833333333333,23.04041666666667,7.622083333333333,162.42166666666665,1.7120833333333332,9.245416666666666,211.5595833333333,1.4545833333333336,11.316666666666668,219.89583333333331,1.6625,62.17083333333334,0.0,24.137083333333333,1006.6979166666666,11.773333333333332,0.2458333333333333,0.0,0.0
CMT,Coogee Maritime Trail,Jan. 4,"2022, 8 p.m.",4-Jan-22   8 p.m.,5,Fair,"North side, SW winds",2022,8 PM,Jan 4 2022 8 PM,2022-01-04 20:00:00,2022-01-04 20:00:00+08:00,2022-01-04 12:00:00+00:00,2022-01-04,12:00:00,586,2022-01-04,28.38958333333333,22.495,8.810833333333333,154.75291666666666,1.7033333333333334,8.588333333333333,201.10833333333332,1.3845833333333333,10.766666666666666,212.58875,2.983333333333333,38.5125,0.0,24.13416666666667,1012.00875,10.97375,0.2825,28.38958333333333,22.495,8.810833333333333,154.75291666666666,1.7033333333333334,8.588333333333333,201.10833333333332,1.3845833333333333,10.766666666666666,212.58875,2.983333333333333,38.5125,0.0,24.13416666666667,1012.00875,10.97375,0.2825,28.38958333333333,22.495,8.810833333333333,154.75291666666666,1.7033333333333334,8.588333333333333,201.10833333333332,1.3845833333333333,10.766666666666666,212.58875,2.983333333333333,38.5125,0.0,24.13416666666667,1012.00875,10.97375,0.2825,0.0,0.0
WOO,Woodman Point,Jan. 4,"2022, 7 p.m.",4-Jan-22   7 p.m.,6,Windy,"Strong SW winds,lil surge",2022,7 PM,Jan 4 2022 7 PM,2022-01-04 19:00:00,2022-01-04 19:00:00+08:00,2022-01-04 11:00:00+00:00,2022-01-04,11:00:00,587,2022-01-04,23.160416666666663,22.084166666666665,7.540416666666666,153.12916666666666,1.4045833333333333,8.778333333333334,205.21166666666667,1.2141666666666666,10.495,215.60125,2.025,69.73333333333333,0.0,24.13416666666667,1012.5520833333334,12.0325,0.2820833333333333,23.160416666666663,22.084166666666665,7.540416666666666,153.12916666666666,1.4045833333333333,8.778333333333334,205.21166666666667,1.2141666666666666,10.495,215.60125,2.025,69.73333333333333,0.0,24.13416666666667,1012.5520833333334,12.0325,0.2820833333333333,23.160416666666663,22.084166666666665,7.540416666666666,153.12916666666666,1.4045833333333333,8.778333333333334,205.21166666666667,1.2141666666666666,10.495,215.60125,2.025,69.73333333333333,0.0,24.13416666666667,1012.5520833333334,12.0325,0.2820833333333333,0.0,0.0
PPR,Point Peron,Jan. 2,"2022, 10 a.m.",2-Jan-22   10 a.m.,8,Fair,-,2022,10 AM,Jan 2 2022 10 AM,2022-01-02 10:00:00,2022-01-02 10:00:00+08:00,2022-01-02 02:00:00+00:00,2022-01-02,02:00:00,588,2022-01-02,20.78291666666667,21.765416666666667,7.585833333333333,163.25875,1.637916666666667,8.616249999999999,213.1170833333333,1.3845833333333333,10.062916666666666,219.42083333333332,9.208333333333334,66.27083333333333,0.0,24.13458333333333,1011.4495833333334,9.599166666666669,0.27375,20.78291666666667,21.765416666666667,7.585833333333333,163.25875,1.637916666666667,8.616249999999999,213.1170833333333,1.3845833333333333,10.062916666666666,219.42083333333332,9.208333333333334,66.27083333333333,0.0,24.13458333333333,1011.4495833333334,9.599166666666669,0.27375,20.78291666666667,21.765416666666667,7.585833333333333,163.25875,1.637916666666667,8.616249999999999,213.1170833333333,1.3845833333333333,10.062916666666666,219.42083333333332,9.208333333333334,66.27083333333333,0.0,24.13458333333333,1011.4495833333334,9.599166666666669,0.27375,0.0,0.0
NMF,North Mole Fremantle,Dec. 29,"2021, 8 p.m.",29-Dec-21   8 p.m.,6,Fair,"22 dec, pipefish + cephalopods",2021,8 PM,Dec 29 2021 8 PM,2021-12-29 20:00:00,2021-12-29 20:00:00+08:00,2021-12-29 12:00:00+00:00,2021-12-29,12:00:00,589,2021-12-29,22.31458333333333,22.249166666666667,7.024166666666667,190.76875,1.3975,8.109583333333333,222.01458333333332,1.0275,10.143333333333333,235.52,0.4624999999999999,76.55833333333334,0.0,24.135,1010.7433333333332,9.977916666666667,0.5679166666666666,22.31458333333333,22.249166666666667,7.024166666666667,190.76875,1.3975,8.109583333333333,222.01458333333332,1.0275,10.143333333333333,235.52,0.4624999999999999,76.55833333333334,0.0,24.135,1010.7433333333332,9.977916666666667,0.5679166666666666,22.31458333333333,22.249166666666667,7.024166666666667,190.76875,1.3975,8.109583333333333,222.01458333333332,1.0275,10.143333333333333,235.52,0.4624999999999999,76.55833333333334,0.0,24.135,1010.7433333333332,9.977916666666667,0.5679166666666666,0.0,0.0
WAT,Watermans/North Beach,Dec. 29,"2021, 10 a.m.",29-Dec-21   10 a.m.,1,Fair,Very dirty water,2021,10 AM,Dec 29 2021 10 AM,2021-12-29 10:00:00,2021-12-29 10:00:00+08:00,2021-12-29 02:00:00+00:00,2021-12-29,02:00:00,590,2021-12-29,22.31458333333333,22.05708333333333,6.931666666666668,188.23958333333331,1.487083333333333,8.312916666666666,218.9920833333333,1.137916666666667,10.13375,230.70416666666665,0.4624999999999999,76.55833333333334,0.0,24.135,1010.7433333333332,9.977916666666667,0.575,22.31458333333333,22.05708333333333,6.931666666666668,188.23958333333331,1.487083333333333,8.312916666666666,218.9920833333333,1.137916666666667,10.13375,230.70416666666665,0.4624999999999999,76.55833333333334,0.0,24.135,1010.7433333333332,9.977916666666667,0.575,22.31458333333333,22.05708333333333,6.931666666666668,188.23958333333331,1.487083333333333,8.312916666666666,218.9920833333333,1.137916666666667,10.13375,230.70416666666665,0.4624999999999999,76.55833333333334,0.0,24.135,1010.7433333333332,9.977916666666667,0.575,0.0,0.0
RNW,Rottnest West,Dec. 28,"2021, 11 a.m.",28-Dec-21   11 a.m.,25,Fair,21c at Shark Cave,2021,11 AM,Dec 28 2021 11 AM,2021-12-28 11:00:00,2021-12-28 11:00:00+08:00,2021-12-28 03:00:00+00:00,2021-12-28,03:00:00,591,2021-12-28,24.4225,22.09208333333333,4.3116666666666665,178.48375,1.2208333333333334,7.0225,224.3625,1.11625,10.060833333333331,228.35416666666663,7.0125,62.3375,0.0,24.13416666666667,1011.6145833333334,5.854166666666667,0.46375,24.4225,22.09208333333333,4.3116666666666665,178.48375,1.2208333333333334,7.0225,224.3625,1.11625,10.060833333333331,228.35416666666663,7.0125,62.3375,0.0,24.13416666666667,1011.6145833333334,5.854166666666667,0.46375,24.4225,22.09208333333333,4.3116666666666665,178.48375,1.2208333333333334,7.0225,224.3625,1.11625,10.060833333333331,228.35416666666663,7.0125,62.3375,0.0,24.13416666666667,1011.6145833333334,5.854166666666667,0.46375,0.0,0.0
PEN,Penguin Island,Dec. 26,"2021, 11 a.m.",26-Dec-21   11 a.m.,8,Fair,On the west side,2021,11 AM,Dec 26 2021 11 AM,2021-12-26 11:00:00,2021-12-26 11:00:00+08:00,2021-12-26 03:00:00+00:00,2021-12-26,03:00:00,592,2021-12-26,26.606666666666666,20.41208333333333,4.062916666666667,124.99166666666667,0.8854166666666666,10.62,227.38875,0.8450000000000001,11.2075,230.69791666666663,78.48333333333333,54.3875,0.0,24.13583333333333,1011.9533333333334,7.12125,0.3258333333333333,26.606666666666666,20.41208333333333,4.062916666666667,124.99166666666667,0.8854166666666666,10.62,227.38875,0.8450000000000001,11.2075,230.69791666666663,78.48333333333333,54.3875,0.0,24.13583333333333,1011.9533333333334,7.12125,0.3258333333333333,26.606666666666666,20.41208333333333,4.062916666666667,124.99166666666667,0.8854166666666666,10.62,227.38875,0.8450000000000001,11.2075,230.69791666666663,78.48333333333333,54.3875,0.0,24.13583333333333,1011.9533333333334,7.12125,0.3258333333333333,0.0,0.0
NMF,North Mole Fremantle,Dec. 19,"2021, 8 p.m.",19-Dec-21   8 p.m.,1,Fair,Patches of better vis (2m),2021,8 PM,Dec 19 2021 8 PM,2021-12-19 20:00:00,2021-12-19 20:00:00+08:00,2021-12-19 12:00:00+00:00,2021-12-19,12:00:00,593,2021-12-19,18.68083333333333,21.05958333333333,6.69,178.59875,1.877916666666667,9.8575,225.75291666666664,1.7795833333333333,10.501666666666669,229.35,0.8375,65.07083333333334,0.0,24.13625,1018.1916666666666,7.197500000000001,0.4575,18.68083333333333,21.05958333333333,6.69,178.59875,1.877916666666667,9.8575,225.75291666666664,1.7795833333333333,10.501666666666669,229.35,0.8375,65.07083333333334,0.0,24.13625,1018.1916666666666,7.197500000000001,0.4575,18.68083333333333,21.05958333333333,6.69,178.59875,1.877916666666667,9.8575,225.75291666666664,1.7795833333333333,10.501666666666669,229.35,0.8375,65.07083333333334,0.0,24.13625,1018.1916666666666,7.197500000000001,0.4575,0.0,0.93
CMT,Coogee Maritime Trail,Dec. 12,"2021, 10 a.m.",12-Dec-21   10 a.m.,4,Fair,-,2021,10 AM,Dec 12 2021 10 AM,2021-12-12 10:00:00,2021-12-12 10:00:00+08:00,2021-12-12 02:00:00+00:00,2021-12-12,02:00:00,594,2021-12-12,19.642083333333336,21.09375,9.839583333333334,158.40333333333334,2.28,9.341666666666669,216.16583333333332,1.8425,11.455,227.0925,31.679166666666664,42.775,0.0,24.135416666666668,1015.0925,8.069583333333332,0.3533333333333333,19.642083333333336,21.09375,9.839583333333334,158.40333333333334,2.28,9.341666666666669,216.16583333333332,1.8425,11.455,227.0925,31.679166666666664,42.775,0.0,24.135416666666668,1015.0925,8.069583333333332,0.3533333333333333,19.642083333333336,21.09375,9.839583333333334,158.40333333333334,2.28,9.341666666666669,216.16583333333332,1.8425,11.455,227.0925,31.679166666666664,42.775,0.0,24.135416666666668,1015.0925,8.069583333333332,0.3533333333333333,0.0,0.67
SCR,South Cottesloe Reef,Dec. 7,"2021, 7 p.m.",7-Dec-21   7 p.m.,8,Fair,"20deg, vis better further out",2021,7 PM,Dec 7 2021 7 PM,2021-12-07 19:00:00,2021-12-07 19:00:00+08:00,2021-12-07 11:00:00+00:00,2021-12-07,11:00:00,595,2021-12-07,23.186666666666667,20.894583333333333,6.745,124.92625,1.7591666666666663,11.449583333333337,213.63666666666663,1.6575,12.429166666666667,219.6858333333333,30.325000000000003,62.82916666666667,1.48,23.901666666666667,1010.5133333333332,10.6,0.4170833333333333,23.186666666666667,20.894583333333333,6.745,124.92625,1.7591666666666663,11.449583333333337,213.63666666666663,1.6575,12.429166666666667,219.6858333333333,30.325000000000003,62.82916666666667,1.48,23.901666666666667,1010.5133333333332,10.6,0.4170833333333333,23.186666666666667,20.894583333333333,6.745,124.92625,1.7591666666666663,11.449583333333337,213.63666666666663,1.6575,12.429166666666667,219.6858333333333,30.325000000000003,62.82916666666667,1.48,23.901666666666667,1010.5133333333332,10.6,0.4170833333333333,0.06,0.06
CMT,Coogee Maritime Trail,Dec. 3,"2021, noon",3-Dec-21   12 p.m.,2,Fair,Fish are returning.,2021,12 PM,Dec 3 2021 12 PM,2021-12-03 12:00:00,2021-12-03 12:00:00+08:00,2021-12-03 04:00:00+00:00,2021-12-03,04:00:00,596,2021-12-03,24.41375,19.7125,9.554583333333332,155.14374999999998,2.29625,9.430833333333334,210.54125,1.9279166666666667,11.190833333333332,221.12416666666664,11.675,38.48333333333333,0.0,24.1375,1017.4020833333334,11.584166666666668,0.2875,24.41375,19.7125,9.554583333333332,155.14374999999998,2.29625,9.430833333333334,210.54125,1.9279166666666667,11.190833333333332,221.12416666666664,11.675,38.48333333333333,0.0,24.1375,1017.4020833333334,11.584166666666668,0.2875,24.41375,19.7125,9.554583333333332,155.14374999999998,2.29625,9.430833333333334,210.54125,1.9279166666666667,11.190833333333332,221.12416666666664,11.675,38.48333333333333,0.0,24.1375,1017.4020833333334,11.584166666666668,0.2875,0.0,0.0
PPR,Point Peron,Nov. 28,"2021, 11 a.m.",28-Nov-21   11 a.m.,6,Fair,-,2021,11 AM,Nov 28 2021 11 AM,2021-11-28 11:00:00,2021-11-28 11:00:00+08:00,2021-11-28 03:00:00+00:00,2021-11-28,03:00:00,597,2021-11-28,20.08375,20.120833333333334,6.2275,211.82625,1.3491666666666668,8.727083333333333,228.28833333333333,1.1654166666666663,10.027916666666668,235.32333333333332,72.27083333333333,75.08333333333333,0.0,24.13458333333333,1014.1758333333332,8.314583333333333,0.425,20.08375,20.120833333333334,6.2275,211.82625,1.3491666666666668,8.727083333333333,228.28833333333333,1.1654166666666663,10.027916666666668,235.32333333333332,72.27083333333333,75.08333333333333,0.0,24.13458333333333,1014.1758333333332,8.314583333333333,0.425,20.08375,20.120833333333334,6.2275,211.82625,1.3491666666666668,8.727083333333333,228.28833333333333,1.1654166666666663,10.027916666666668,235.32333333333332,72.27083333333333,75.08333333333333,0.0,24.13458333333333,1014.1758333333332,8.314583333333333,0.425,0.0,0.0
RNN,Rottnest North,Nov. 27,"2021, 1 p.m.",27-Nov-21   1 p.m.,20,Fair,North west patch,2021,1 PM,Nov 27 2021 1 PM,2021-11-27 13:00:00,2021-11-27 13:00:00+08:00,2021-11-27 05:00:00+00:00,2021-11-27,05:00:00,598,2021-11-27,22.38958333333333,19.375833333333333,3.0354166666666664,187.2308333333333,1.25375,10.506666666666666,230.41625,1.24375,10.657916666666669,230.76375,45.12916666666666,69.22083333333333,0.0,24.138333333333332,1015.0445833333332,5.475833333333334,0.37625,22.38958333333333,19.375833333333333,3.0354166666666664,187.2308333333333,1.25375,10.506666666666666,230.41625,1.24375,10.657916666666669,230.76375,45.12916666666666,69.22083333333333,0.0,24.138333333333332,1015.0445833333332,5.475833333333334,0.37625,22.38958333333333,19.375833333333333,3.0354166666666664,187.2308333333333,1.25375,10.506666666666666,230.41625,1.24375,10.657916666666669,230.76375,45.12916666666666,69.22083333333333,0.0,24.138333333333332,1015.0445833333332,5.475833333333334,0.37625,0.0,0.0
RNW,Rottnest West,Nov. 27,"2021, 10 a.m.",27-Nov-21   10 a.m.,20,Glassy,2 grey nurse sharks,2021,10 AM,Nov 27 2021 10 AM,2021-11-27 10:00:00,2021-11-27 10:00:00+08:00,2021-11-27 02:00:00+00:00,2021-11-27,02:00:00,599,2021-11-27,22.38958333333333,19.375833333333333,3.0354166666666664,187.2308333333333,1.5270833333333331,7.45625,223.43625,1.5083333333333335,9.137083333333331,224.185,45.12916666666666,69.22083333333333,0.0,24.138333333333332,1015.0445833333332,5.475833333333334,0.37625,22.38958333333333,19.375833333333333,3.0354166666666664,187.2308333333333,1.5270833333333331,7.45625,223.43625,1.5083333333333335,9.137083333333331,224.185,45.12916666666666,69.22083333333333,0.0,24.138333333333332,1015.0445833333332,5.475833333333334,0.37625,22.38958333333333,19.375833333333333,3.0354166666666664,187.2308333333333,1.5270833333333331,7.45625,223.43625,1.5083333333333335,9.137083333333331,224.185,45.12916666666666,69.22083333333333,0.0,24.138333333333332,1015.0445833333332,5.475833333333334,0.37625,0.0,0.0
CMT,Coogee Maritime Trail,Nov. 24,"2021, noon",24-Nov-21   12 p.m.,2,Windy,-,2021,12 PM,Nov 24 2021 12 PM,2021-11-24 12:00:00,2021-11-24 12:00:00+08:00,2021-11-24 04:00:00+00:00,2021-11-24,04:00:00,600,2021-11-24,22.964583333333334,18.957083333333333,7.332083333333333,152.81,2.004166666666667,10.51125,224.04208333333332,1.88875,11.33,227.9225,0.0875,36.98333333333333,0.0,24.137083333333333,1018.5383333333332,8.883333333333333,0.3129166666666667,22.964583333333334,18.957083333333333,7.332083333333333,152.81,2.004166666666667,10.51125,224.04208333333332,1.88875,11.33,227.9225,0.0875,36.98333333333333,0.0,24.137083333333333,1018.5383333333332,8.883333333333333,0.3129166666666667,22.964583333333334,18.957083333333333,7.332083333333333,152.81,2.004166666666667,10.51125,224.04208333333332,1.88875,11.33,227.9225,0.0875,36.98333333333333,0.0,24.137083333333333,1018.5383333333332,8.883333333333333,0.3129166666666667,0.0,0.03
SCR,South Cottesloe Reef,Nov. 20,"2021, 7 p.m.",20-Nov-21   7 p.m.,5,Fair,-,2021,7 PM,Nov 20 2021 7 PM,2021-11-20 19:00:00,2021-11-20 19:00:00+08:00,2021-11-20 11:00:00+00:00,2021-11-20,11:00:00,601,2021-11-20,19.37666666666667,19.84,5.482916666666667,149.6325,1.0508333333333333,7.97625,211.00666666666663,0.9466666666666668,9.08375,217.8695833333333,2.091666666666667,69.225,0.0,24.135416666666668,1011.7466666666666,7.977083333333333,0.4641666666666666,19.37666666666667,19.84,5.482916666666667,149.6325,1.0508333333333333,7.97625,211.00666666666663,0.9466666666666668,9.08375,217.8695833333333,2.091666666666667,69.225,0.0,24.135416666666668,1011.7466666666666,7.977083333333333,0.4641666666666666,19.37666666666667,19.84,5.482916666666667,149.6325,1.0508333333333333,7.97625,211.00666666666663,0.9466666666666668,9.08375,217.8695833333333,2.091666666666667,69.225,0.0,24.135416666666668,1011.7466666666666,7.977083333333333,0.4641666666666666,0.0,0.0
BUL,Bulk Jetty,Nov. 14,"2021, 10 a.m.",14-Nov-21   10 a.m.,5,Fair,-,2021,10 AM,Nov 14 2021 10 AM,2021-11-14 10:00:00,2021-11-14 10:00:00+08:00,2021-11-14 02:00:00+00:00,2021-11-14,02:00:00,602,2021-11-14,23.15125,18.633750000000003,5.0875,139.69791666666666,0.8558333333333333,8.297083333333333,202.66083333333333,0.7816666666666666,9.284583333333332,212.84958333333336,63.25,45.6375,0.0,24.13583333333333,1009.49,7.41875,0.4454166666666666,23.15125,18.633750000000003,5.0875,139.69791666666666,0.8558333333333333,8.297083333333333,202.66083333333333,0.7816666666666666,9.284583333333332,212.84958333333336,63.25,45.6375,0.0,24.13583333333333,1009.49,7.41875,0.4454166666666666,23.15125,18.633750000000003,5.0875,139.69791666666666,0.8558333333333333,8.297083333333333,202.66083333333333,0.7816666666666666,9.284583333333332,212.84958333333336,63.25,45.6375,0.0,24.13583333333333,1009.49,7.41875,0.4454166666666666,0.0,0.0
TWR,Two Rocks,Nov. 12,"2021, 10 a.m.",12-Nov-21   10 a.m.,4,Fair,-,2021,10 AM,Nov 12 2021 10 AM,2021-11-12 10:00:00,2021-11-12 10:00:00+08:00,2021-11-12 02:00:00+00:00,2021-11-12,02:00:00,603,2021-11-12,19.15958333333333,18.57375,6.6175,133.97166666666666,1.2266666666666668,8.042083333333332,200.99666666666667,1.0825,9.265416666666669,209.57125,12.8625,57.4625,0.0,24.13625,1017.3533333333334,9.569583333333332,0.3566666666666667,19.15958333333333,18.57375,6.6175,133.97166666666666,1.2266666666666668,8.042083333333332,200.99666666666667,1.0825,9.265416666666669,209.57125,12.8625,57.4625,0.0,24.13625,1017.3533333333334,9.569583333333332,0.3566666666666667,19.15958333333333,18.57375,6.6175,133.97166666666666,1.2266666666666668,8.042083333333332,200.99666666666667,1.0825,9.265416666666669,209.57125,12.8625,57.4625,0.0,24.13625,1017.3533333333334,9.569583333333332,0.3566666666666667,0.0,0.0
RNN,Rottnest North,Nov. 6,"2021, noon",6-Nov-21   12 p.m.,15,Fair,Roe Reef,2021,12 PM,Nov 6 2021 12 PM,2021-11-06 12:00:00,2021-11-06 12:00:00+08:00,2021-11-06 04:00:00+00:00,2021-11-06,04:00:00,604,2021-11-06,14.976666666666668,18.23,9.365,166.50375,2.387916666666667,10.466666666666669,215.825,2.1008333333333336,12.002083333333331,223.6795833333333,29.516666666666666,67.65833333333333,0.0,24.13625,1014.6716666666666,9.229166666666666,0.3454166666666666,14.976666666666668,18.23,9.365,166.50375,2.387916666666667,10.466666666666669,215.825,2.1008333333333336,12.002083333333331,223.6795833333333,29.516666666666666,67.65833333333333,0.0,24.13625,1014.6716666666666,9.229166666666666,0.3454166666666666,14.976666666666668,18.23,9.365,166.50375,2.387916666666667,10.466666666666669,215.825,2.1008333333333336,12.002083333333331,223.6795833333333,29.516666666666666,67.65833333333333,0.0,24.13625,1014.6716666666666,9.229166666666666,0.3454166666666666,0.11,1.3
RNN,Rottnest North,Nov. 6,"2021, 10 a.m.",6-Nov-21   10 a.m.,15,Fair,Swirl Reef,2021,10 AM,Nov 6 2021 10 AM,2021-11-06 10:00:00,2021-11-06 10:00:00+08:00,2021-11-06 02:00:00+00:00,2021-11-06,02:00:00,605,2021-11-06,14.976666666666668,18.23,9.365,166.50375,2.387916666666667,10.466666666666669,215.825,2.1008333333333336,12.002083333333331,223.6795833333333,29.516666666666666,67.65833333333333,0.0,24.13625,1014.6716666666666,9.229166666666666,0.3454166666666666,14.976666666666668,18.23,9.365,166.50375,2.387916666666667,10.466666666666669,215.825,2.1008333333333336,12.002083333333331,223.6795833333333,29.516666666666666,67.65833333333333,0.0,24.13625,1014.6716666666666,9.229166666666666,0.3454166666666666,14.976666666666668,18.23,9.365,166.50375,2.387916666666667,10.466666666666669,215.825,2.1008333333333336,12.002083333333331,223.6795833333333,29.516666666666666,67.65833333333333,0.0,24.13625,1014.6716666666666,9.229166666666666,0.3454166666666666,0.68,1.2999999999999998
ROB,Robbs Jetty,Oct. 31,"2021, 10 a.m.",31-Oct-21   10 a.m.,5,Fair,-,2021,10 AM,Oct 31 2021 10 AM,2021-10-31 10:00:00,2021-10-31 10:00:00+08:00,2021-10-31 02:00:00+00:00,2021-10-31,02:00:00,606,2021-10-31,17.770833333333332,18.17708333333333,7.407083333333333,228.30291666666668,1.92875,10.446666666666667,227.66791666666663,1.6816666666666666,11.944166666666668,225.9233333333333,99.95416666666668,58.270833333333336,0.99,24.081666666666667,1010.44375,5.1745833333333335,0.2345833333333333,17.770833333333332,18.17708333333333,7.407083333333333,228.30291666666668,1.92875,10.446666666666667,227.66791666666663,1.6816666666666666,11.944166666666668,225.9233333333333,99.95416666666668,58.270833333333336,0.99,24.081666666666667,1010.44375,5.1745833333333335,0.2345833333333333,17.770833333333332,18.17708333333333,7.407083333333333,228.30291666666668,1.92875,10.446666666666667,227.66791666666663,1.6816666666666666,11.944166666666668,225.9233333333333,99.95416666666668,58.270833333333336,0.99,24.081666666666667,1010.44375,5.1745833333333335,0.2345833333333333,0.0,0.0
RNW,Rottnest West,Oct. 30,"2021, 11 a.m.",30-Oct-21   11 a.m.,15,Fair,"18c 15m@ NWPatch, 20m@ Swirl R",2021,11 AM,Oct 30 2021 11 AM,2021-10-30 11:00:00,2021-10-30 11:00:00+08:00,2021-10-30 03:00:00+00:00,2021-10-30,03:00:00,607,2021-10-30,16.922083333333333,18.34,6.7725,163.71375,1.49375,5.984583333333333,217.83541666666667,1.3491666666666668,10.748333333333331,225.01916666666668,16.116666666666667,62.69166666666666,0.0,24.13416666666667,1018.63875,6.478750000000001,0.2758333333333334,16.922083333333333,18.34,6.7725,163.71375,1.49375,5.984583333333333,217.83541666666667,1.3491666666666668,10.748333333333331,225.01916666666668,16.116666666666667,62.69166666666666,0.0,24.13416666666667,1018.63875,6.478750000000001,0.2758333333333334,16.922083333333333,18.34,6.7725,163.71375,1.49375,5.984583333333333,217.83541666666667,1.3491666666666668,10.748333333333331,225.01916666666668,16.116666666666667,62.69166666666666,0.0,24.13416666666667,1018.63875,6.478750000000001,0.2758333333333334,0.0,0.08
PPR,Point Peron,Oct. 24,"2021, 10 a.m.",24-Oct-21   10 a.m.,3,Fair,-,2021,10 AM,Oct 24 2021 10 AM,2021-10-24 10:00:00,2021-10-24 10:00:00+08:00,2021-10-24 02:00:00+00:00,2021-10-24,02:00:00,608,2021-10-24,17.97041666666667,18.79,4.99,216.89625,1.5575,10.17375,240.60791666666668,1.4858333333333331,10.762083333333337,241.60208333333333,94.85833333333332,70.72500000000001,2.13,22.510416666666668,1010.6929166666667,6.471666666666667,0.33125,17.97041666666667,18.79,4.99,216.89625,1.5575,10.17375,240.60791666666668,1.4858333333333331,10.762083333333337,241.60208333333333,94.85833333333332,70.72500000000001,2.13,22.510416666666668,1010.6929166666667,6.471666666666667,0.33125,17.97041666666667,18.79,4.99,216.89625,1.5575,10.17375,240.60791666666668,1.4858333333333331,10.762083333333337,241.60208333333333,94.85833333333332,70.72500000000001,2.13,22.510416666666668,1010.6929166666667,6.471666666666667,0.33125,0.0,0.0
WAT,Watermans/North Beach,Oct. 24,"2021, 8 a.m.",24-Oct-21   8 a.m.,3,Fair,better behind drop off,2021,8 AM,Oct 24 2021 8 AM,2021-10-24 08:00:00,2021-10-24 08:00:00+08:00,2021-10-24 00:00:00+00:00,2021-10-24,00:00:00,609,2021-10-24,18.36208333333333,19.09541666666667,6.083333333333333,210.20791666666665,1.86875,10.215,230.22541666666663,1.721666666666667,11.235833333333334,231.14083333333332,93.78333333333336,70.0625,1.16,24.00625,1010.66125,6.617083333333333,0.3304166666666666,18.36208333333333,19.09541666666667,6.083333333333333,210.20791666666665,1.86875,10.215,230.22541666666663,1.721666666666667,11.235833333333334,231.14083333333332,93.78333333333336,70.0625,1.16,24.00625,1010.66125,6.617083333333333,0.3304166666666666,18.36208333333333,19.09541666666667,6.083333333333333,210.20791666666665,1.86875,10.215,230.22541666666663,1.721666666666667,11.235833333333334,231.14083333333332,93.78333333333336,70.0625,1.16,24.00625,1010.66125,6.617083333333333,0.3304166666666666,0.0,0.03
AMJ,Ammo Jetty,Oct. 10,"2021, 10 a.m.",10-Oct-21   10 a.m.,2,Fair,-,2021,10 AM,Oct 10 2021 10 AM,2021-10-10 10:00:00,2021-10-10 10:00:00+08:00,2021-10-10 02:00:00+00:00,2021-10-10,02:00:00,610,2021-10-10,16.322083333333335,18.34708333333333,5.01875,222.855,1.7645833333333334,10.991666666666667,232.28208333333336,1.7233333333333334,11.317083333333334,230.73666666666668,84.9375,51.7,0.03,24.135,1017.01625,4.0925,0.2075,16.322083333333335,18.34708333333333,5.01875,222.855,1.7645833333333334,10.991666666666667,232.28208333333336,1.7233333333333334,11.317083333333334,230.73666666666668,84.9375,51.7,0.03,24.135,1017.01625,4.0925,0.2075,16.322083333333335,18.34708333333333,5.01875,222.855,1.7645833333333334,10.991666666666667,232.28208333333336,1.7233333333333334,11.317083333333334,230.73666666666668,84.9375,51.7,0.03,24.135,1017.01625,4.0925,0.2075,0.0,0.0
RNN,Rottnest North,Oct. 9,"2021, 11 a.m.",9-Oct-21   11 a.m.,15,Windy,Surgey,2021,11 AM,Oct 9 2021 11 AM,2021-10-09 11:00:00,2021-10-09 11:00:00+08:00,2021-10-09 03:00:00+00:00,2021-10-09,03:00:00,611,2021-10-09,14.969166666666666,17.75166666666667,7.874166666666666,148.16291666666666,2.5275,11.984166666666669,225.97416666666663,2.415833333333333,12.71125,229.17041666666668,5.2125,62.37916666666666,0.0,24.135416666666668,1023.52625,6.69625,0.13875,14.969166666666666,17.75166666666667,7.874166666666666,148.16291666666666,2.5275,11.984166666666669,225.97416666666663,2.415833333333333,12.71125,229.17041666666668,5.2125,62.37916666666666,0.0,24.135416666666668,1023.52625,6.69625,0.13875,14.969166666666666,17.75166666666667,7.874166666666666,148.16291666666666,2.5275,11.984166666666669,225.97416666666663,2.415833333333333,12.71125,229.17041666666668,5.2125,62.37916666666666,0.0,24.135416666666668,1023.52625,6.69625,0.13875,0.12,3.58
FWB,Freshwater Bay,Oct. 5,"2021, 7 p.m.",5-Oct-21   7 p.m.,1,Fair,"18 dec, pregnant hairypipefish",2021,7 PM,Oct 5 2021 7 PM,2021-10-05 19:00:00,2021-10-05 19:00:00+08:00,2021-10-05 11:00:00+00:00,2021-10-05,11:00:00,612,2021-10-05,11.01375,18.60625,7.56375,173.33333333333334,2.5875,11.355,231.22916666666663,2.47375,12.039166666666668,234.56500000000003,61.19166666666666,66.07083333333334,0.14,24.135416666666668,1015.9270833333334,4.902083333333334,0.3529166666666667,11.01375,18.60625,7.56375,173.33333333333334,2.5875,11.355,231.22916666666663,2.47375,12.039166666666668,234.56500000000003,61.19166666666666,66.07083333333334,0.14,24.135416666666668,1015.9270833333334,4.902083333333334,0.3529166666666667,11.01375,18.60625,7.56375,173.33333333333334,2.5875,11.355,231.22916666666663,2.47375,12.039166666666668,234.56500000000003,61.19166666666666,66.07083333333334,0.14,24.135416666666668,1015.9270833333334,4.902083333333334,0.3529166666666667,2.21,3.2
SCR,South Cottesloe Reef,Sept. 28,"2021, 8 p.m.",28-Sep-21   8 p.m.,8,Fair,"18 dec, vis better far out",2021,8 PM,Sep 28 2021 8 PM,2021-09-28 20:00:00,2021-09-28 20:00:00+08:00,2021-09-28 12:00:00+00:00,2021-09-28,12:00:00,613,2021-09-28,16.987916666666667,17.78125,5.201666666666667,97.69166666666666,1.6395833333333334,12.498333333333331,223.96916666666667,1.5895833333333331,13.082916666666668,225.59333333333333,81.49166666666666,65.2375,0.16,24.132916666666663,1014.3266666666668,6.4,0.4312499999999999,16.987916666666667,17.78125,5.201666666666667,97.69166666666666,1.6395833333333334,12.498333333333331,223.96916666666667,1.5895833333333331,13.082916666666668,225.59333333333333,81.49166666666666,65.2375,0.16,24.132916666666663,1014.3266666666668,6.4,0.4312499999999999,16.987916666666667,17.78125,5.201666666666667,97.69166666666666,1.6395833333333334,12.498333333333331,223.96916666666667,1.5895833333333331,13.082916666666668,225.59333333333333,81.49166666666666,65.2375,0.16,24.132916666666663,1014.3266666666668,6.4,0.4312499999999999,0.02,0.36
KGT,Kwinana Grain Terminal,Sept. 26,"2021, 10 a.m.",26-Sep-21   10 a.m.,5,Fair,16 C,2021,10 AM,Sep 26 2021 10 AM,2021-09-26 10:00:00,2021-09-26 10:00:00+08:00,2021-09-26 02:00:00+00:00,2021-09-26,02:00:00,614,2021-09-26,15.166666666666666,17.684166666666666,6.748333333333334,237.8575,1.7245833333333334,8.50125,244.63583333333332,1.5879166666666666,9.39375,241.9779166666667,7.966666666666666,73.27083333333333,4.73,22.674166666666665,1012.6366666666668,6.405833333333334,0.39875,15.166666666666666,17.684166666666666,6.748333333333334,237.8575,1.7245833333333334,8.50125,244.63583333333332,1.5879166666666666,9.39375,241.9779166666667,7.966666666666666,73.27083333333333,4.73,22.674166666666665,1012.6366666666668,6.405833333333334,0.39875,15.166666666666666,17.684166666666666,6.748333333333334,237.8575,1.7245833333333334,8.50125,244.63583333333332,1.5879166666666666,9.39375,241.9779166666667,7.966666666666666,73.27083333333333,4.73,22.674166666666665,1012.6366666666668,6.405833333333334,0.39875,6.250000000000001,6.25
KGT,Kwinana Grain Terminal,Sept. 25,"2021, 9 a.m.",25-Sep-21   9 a.m.,5,Fair,"3-5m, easterly wind, no swell.",2021,9 AM,Sep 25 2021 9 AM,2021-09-25 09:00:00,2021-09-25 09:00:00+08:00,2021-09-25 01:00:00+00:00,2021-09-25,01:00:00,615,2021-09-25,15.548333333333334,17.7375,4.634583333333333,158.98333333333332,1.37875,10.835833333333332,226.39,1.34875,11.164583333333333,227.6795833333333,52.05,70.71249999999999,3.61,21.704166666666666,1011.4095833333334,6.0304166666666665,0.3704166666666666,15.548333333333334,17.7375,4.634583333333333,158.98333333333332,1.37875,10.835833333333332,226.39,1.34875,11.164583333333333,227.6795833333333,52.05,70.71249999999999,3.61,21.704166666666666,1011.4095833333334,6.0304166666666665,0.3704166666666666,15.548333333333334,17.7375,4.634583333333333,158.98333333333332,1.37875,10.835833333333332,226.39,1.34875,11.164583333333333,227.6795833333333,52.05,70.71249999999999,3.61,21.704166666666666,1011.4095833333334,6.0304166666666665,0.3704166666666666,0.0,0.0
WAT,Watermans/North Beach,Sept. 21,"2021, 8 p.m.",21-Sep-21   8 p.m.,5,Fair,"17c, some surge, prowfish",2021,8 PM,Sep 21 2021 8 PM,2021-09-21 20:00:00,2021-09-21 20:00:00+08:00,2021-09-21 12:00:00+00:00,2021-09-21,12:00:00,616,2021-09-21,19.04875,18.19875,4.4275,128.17291666666668,1.6829166666666666,10.73625,220.42083333333332,1.66625,10.907083333333333,221.19208333333333,0.0,54.16666666666666,0.0,24.1375,1026.9329166666666,7.189166666666666,0.2470833333333333,19.04875,18.19875,4.4275,128.17291666666668,1.6829166666666666,10.73625,220.42083333333332,1.66625,10.907083333333333,221.19208333333333,0.0,54.16666666666666,0.0,24.1375,1026.9329166666666,7.189166666666666,0.2470833333333333,19.04875,18.19875,4.4275,128.17291666666668,1.6829166666666666,10.73625,220.42083333333332,1.66625,10.907083333333333,221.19208333333333,0.0,54.16666666666666,0.0,24.1375,1026.9329166666666,7.189166666666666,0.2470833333333333,0.0,0.0
RNE,Rottnest East,Sept. 19,"2021, 1 p.m.",19-Sep-21   1 p.m.,15,Fair,"Macedon, Denton Holme, gem",2021,1 PM,Sep 19 2021 1 PM,2021-09-19 13:00:00,2021-09-19 13:00:00+08:00,2021-09-19 05:00:00+00:00,2021-09-19,05:00:00,617,2021-09-19,15.532083333333333,17.3075,6.2179166666666665,175.32916666666665,2.0279166666666666,10.355416666666668,227.76958333333332,1.9675,10.7425,229.1208333333333,36.90416666666667,73.125,0.21,24.135,1028.3275,7.640000000000001,0.2304166666666667,15.532083333333333,17.3075,6.2179166666666665,175.32916666666665,2.0279166666666666,10.355416666666668,227.76958333333332,1.9675,10.7425,229.1208333333333,36.90416666666667,73.125,0.21,24.135,1028.3275,7.640000000000001,0.2304166666666667,15.532083333333333,17.3075,6.2179166666666665,175.32916666666665,2.0279166666666666,10.355416666666668,227.76958333333332,1.9675,10.7425,229.1208333333333,36.90416666666667,73.125,0.21,24.135,1028.3275,7.640000000000001,0.2304166666666667,4.15,5.41
RNE,Rottnest East,Sept. 19,"2021, 10 a.m.",19-Sep-21   10 a.m.,15,Fair,Miwok,2021,10 AM,Sep 19 2021 10 AM,2021-09-19 10:00:00,2021-09-19 10:00:00+08:00,2021-09-19 02:00:00+00:00,2021-09-19,02:00:00,618,2021-09-19,15.532083333333333,17.3075,6.2179166666666665,175.32916666666665,2.0279166666666666,10.355416666666668,227.76958333333332,1.9675,10.7425,229.1208333333333,36.90416666666667,73.125,0.21,24.135,1028.3275,7.640000000000001,0.2304166666666667,15.532083333333333,17.3075,6.2179166666666665,175.32916666666665,2.0279166666666666,10.355416666666668,227.76958333333332,1.9675,10.7425,229.1208333333333,36.90416666666667,73.125,0.21,24.135,1028.3275,7.640000000000001,0.2304166666666667,15.532083333333333,17.3075,6.2179166666666665,175.32916666666665,2.0279166666666666,10.355416666666668,227.76958333333332,1.9675,10.7425,229.1208333333333,36.90416666666667,73.125,0.21,24.135,1028.3275,7.640000000000001,0.2304166666666667,4.7,5.33
RTS,Rottnest South,Sept. 18,"2021, noon",18-Sep-21   12 p.m.,12,Fair,"Small waves, very slight surge",2021,12 PM,Sep 18 2021 12 PM,2021-09-18 12:00:00,2021-09-18 12:00:00+08:00,2021-09-18 04:00:00+00:00,2021-09-18,04:00:00,619,2021-09-18,16.96375,17.0075,8.08375,236.90375,2.37625,9.2875,239.98041666666663,2.1216666666666666,10.411666666666669,235.75,67.99166666666666,70.48333333333333,4.77,20.967916666666667,1023.5616666666666,6.6866666666666665,0.2866666666666667,16.96375,17.0075,8.08375,236.90375,2.37625,9.2875,239.98041666666663,2.1216666666666666,10.411666666666669,235.75,67.99166666666666,70.48333333333333,4.77,20.967916666666667,1023.5616666666666,6.6866666666666665,0.2866666666666667,16.96375,17.0075,8.08375,236.90375,2.37625,9.2875,239.98041666666663,2.1216666666666666,10.411666666666669,235.75,67.99166666666666,70.48333333333333,4.77,20.967916666666667,1023.5616666666666,6.6866666666666665,0.2866666666666667,0.8400000000000001,3.06
BUL,Bulk Jetty,Sept. 18,"2021, 9 a.m.",18-Sep-21   9 a.m.,1,Fair,"Green, calm",2021,9 AM,Sep 18 2021 9 AM,2021-09-18 09:00:00,2021-09-18 09:00:00+08:00,2021-09-18 01:00:00+00:00,2021-09-18,01:00:00,620,2021-09-18,13.834166666666668,16.711666666666666,7.04625,234.86416666666665,2.230833333333333,9.09,245.87833333333333,2.04875,9.874583333333334,242.85416666666663,67.80833333333334,80.24166666666666,3.39,21.386666666666667,1023.825,3.5195833333333333,0.2829166666666666,13.834166666666668,16.711666666666666,7.04625,234.86416666666665,2.230833333333333,9.09,245.87833333333333,2.04875,9.874583333333334,242.85416666666663,67.80833333333334,80.24166666666666,3.39,21.386666666666667,1023.825,3.5195833333333333,0.2829166666666666,13.834166666666668,16.711666666666666,7.04625,234.86416666666665,2.230833333333333,9.09,245.87833333333333,2.04875,9.874583333333334,242.85416666666663,67.80833333333334,80.24166666666666,3.39,21.386666666666667,1023.825,3.5195833333333333,0.2829166666666666,0.14,4.39
LIT,Little Beach,Sept. 18,"2021, 9 a.m.",18-Sep-21   9 a.m.,3,Fair,Dropped to 0 vis below 7m,2021,9 AM,Sep 18 2021 9 AM,2021-09-18 09:00:00,2021-09-18 09:00:00+08:00,2021-09-18 01:00:00+00:00,2021-09-18,01:00:00,621,2021-09-18,13.834166666666668,16.711666666666666,7.04625,234.86416666666665,2.230833333333333,9.09,245.87833333333333,2.04875,9.874583333333334,242.85416666666663,67.80833333333334,80.24166666666666,3.39,21.386666666666667,1023.825,3.5195833333333333,0.2829166666666666,13.834166666666668,16.711666666666666,7.04625,234.86416666666665,2.230833333333333,9.09,245.87833333333333,2.04875,9.874583333333334,242.85416666666663,67.80833333333334,80.24166666666666,3.39,21.386666666666667,1023.825,3.5195833333333333,0.2829166666666666,13.834166666666668,16.711666666666666,7.04625,234.86416666666665,2.230833333333333,9.09,245.87833333333333,2.04875,9.874583333333334,242.85416666666663,67.80833333333334,80.24166666666666,3.39,21.386666666666667,1023.825,3.5195833333333333,0.2829166666666666,0.14,4.39
KGT,Kwinana Grain Terminal,Sept. 11,"2021, 10 a.m.",11-Sep-21   10 a.m.,10,Fair,-,2021,10 AM,Sep 11 2021 10 AM,2021-09-11 10:00:00,2021-09-11 10:00:00+08:00,2021-09-11 02:00:00+00:00,2021-09-11,02:00:00,622,2021-09-11,13.323333333333332,17.893333333333334,7.432916666666666,133.64583333333334,2.1945833333333336,10.660416666666666,229.9933333333333,2.107083333333333,11.254583333333334,234.2275,23.75,65.72916666666667,0.05,24.136666666666667,1025.7,7.823333333333333,0.50875,13.323333333333332,17.893333333333334,7.432916666666666,133.64583333333334,2.1945833333333336,10.660416666666666,229.9933333333333,2.107083333333333,11.254583333333334,234.2275,23.75,65.72916666666667,0.05,24.136666666666667,1025.7,7.823333333333333,0.50875,13.323333333333332,17.893333333333334,7.432916666666666,133.64583333333334,2.1945833333333336,10.660416666666666,229.9933333333333,2.107083333333333,11.254583333333334,234.2275,23.75,65.72916666666667,0.05,24.136666666666667,1025.7,7.823333333333333,0.50875,3.46,3.94
RKM,Rockingham Dive Trail,Sept. 9,"2021, 7 p.m.",9-Sep-21   7 p.m.,5,Glassy,"16c, calm, good",2021,7 PM,Sep 9 2021 7 PM,2021-09-09 19:00:00,2021-09-09 19:00:00+08:00,2021-09-09 11:00:00+00:00,2021-09-09,11:00:00,623,2021-09-09,14.476666666666668,17.444583333333334,4.48625,177.24916666666664,2.475,12.96625,246.97125000000003,2.4454166666666666,13.165833333333332,248.0858333333333,38.6,76.65833333333333,2.73,22.61916666666667,1021.52625,3.137083333333333,0.445,14.476666666666668,17.444583333333334,4.48625,177.24916666666664,2.475,12.96625,246.97125000000003,2.4454166666666666,13.165833333333332,248.0858333333333,38.6,76.65833333333333,2.73,22.61916666666667,1021.52625,3.137083333333333,0.445,14.476666666666668,17.444583333333334,4.48625,177.24916666666664,2.475,12.96625,246.97125000000003,2.4454166666666666,13.165833333333332,248.0858333333333,38.6,76.65833333333333,2.73,22.61916666666667,1021.52625,3.137083333333333,0.445,8.030000000000001,8.17
PPR,Point Peron,Sept. 4,"2021, 10 a.m.",4-Sep-21   10 a.m.,5,Fair,16 C,2021,10 AM,Sep 4 2021 10 AM,2021-09-04 10:00:00,2021-09-04 10:00:00+08:00,2021-09-04 02:00:00+00:00,2021-09-04,02:00:00,624,2021-09-04,13.8875,16.594166666666666,3.4566666666666666,141.26041666666666,1.6362499999999998,11.780416666666667,232.99416666666664,1.6333333333333335,11.839166666666666,233.23958333333331,2.5625,66.53750000000001,0.0,24.13416666666667,1031.5633333333333,4.2595833333333335,0.3125,13.8875,16.594166666666666,3.4566666666666666,141.26041666666666,1.6362499999999998,11.780416666666667,232.99416666666664,1.6333333333333335,11.839166666666666,233.23958333333331,2.5625,66.53750000000001,0.0,24.13416666666667,1031.5633333333333,4.2595833333333335,0.3125,13.8875,16.594166666666666,3.4566666666666666,141.26041666666666,1.6362499999999998,11.780416666666667,232.99416666666664,1.6333333333333335,11.839166666666666,233.23958333333331,2.5625,66.53750000000001,0.0,24.13416666666667,1031.5633333333333,4.2595833333333335,0.3125,0.54,2.39
RKM,Rockingham Dive Trail,Aug. 31,"2021, 6 p.m.",31-Aug-21   6 p.m.,5,Windy,"Good, 16c, no current/swell",2021,6 PM,Aug 31 2021 6 PM,2021-08-31 18:00:00,2021-08-31 18:00:00+08:00,2021-08-31 10:00:00+00:00,2021-08-31,10:00:00,625,2021-08-31,16.995,16.47458333333333,7.269166666666667,297.10625,3.115833333333333,12.457916666666668,243.0008333333333,2.9166666666666665,13.401666666666666,237.15125,86.2375,72.15833333333333,2.18,23.64916666666667,1011.8383333333333,10.30375,0.3025,16.995,16.47458333333333,7.269166666666667,297.10625,3.115833333333333,12.457916666666668,243.0008333333333,2.9166666666666665,13.401666666666666,237.15125,86.2375,72.15833333333333,2.18,23.64916666666667,1011.8383333333333,10.30375,0.3025,16.995,16.47458333333333,7.269166666666667,297.10625,3.115833333333333,12.457916666666668,243.0008333333333,2.9166666666666665,13.401666666666666,237.15125,86.2375,72.15833333333333,2.18,23.64916666666667,1011.8383333333333,10.30375,0.3025,1.41,3.1
BUL,Bulk Jetty,Aug. 29,"2021, 10 a.m.",29-Aug-21   10 a.m.,6,Fair,16C,2021,10 AM,Aug 29 2021 10 AM,2021-08-29 10:00:00,2021-08-29 10:00:00+08:00,2021-08-29 02:00:00+00:00,2021-08-29,02:00:00,626,2021-08-29,14.808750000000002,17.312083333333334,8.750833333333334,261.605,2.65,10.413333333333334,244.75541666666663,2.299166666666667,12.064166666666669,239.6120833333333,37.375,73.49166666666666,3.04,22.911666666666665,1015.5125,8.73,0.34,14.808750000000002,17.312083333333334,8.750833333333334,261.605,2.65,10.413333333333334,244.75541666666663,2.299166666666667,12.064166666666669,239.6120833333333,37.375,73.49166666666666,3.04,22.911666666666665,1015.5125,8.73,0.34,14.808750000000002,17.312083333333334,8.750833333333334,261.605,2.65,10.413333333333334,244.75541666666663,2.299166666666667,12.064166666666669,239.6120833333333,37.375,73.49166666666666,3.04,22.911666666666665,1015.5125,8.73,0.34,1.49,1.92
BWR,Blackwall Reach,Aug. 28,"2021, 10 a.m.",28-Aug-21   10 a.m.,2,Fair,"low vis at top, ok below 5m",2021,10 AM,Aug 28 2021 10 AM,2021-08-28 10:00:00,2021-08-28 10:00:00+08:00,2021-08-28 02:00:00+00:00,2021-08-28,02:00:00,627,2021-08-28,13.632083333333334,17.085,3.922916666666667,229.23958333333331,2.567083333333333,13.485,235.09333333333333,2.54125,13.693333333333332,234.60416666666663,94.0125,69.25416666666666,0.88,24.11,1019.19125,2.8829166666666666,0.2891666666666667,13.632083333333334,17.085,3.922916666666667,229.23958333333331,2.567083333333333,13.485,235.09333333333333,2.54125,13.693333333333332,234.60416666666663,94.0125,69.25416666666666,0.88,24.11,1019.19125,2.8829166666666666,0.2891666666666667,13.632083333333334,17.085,3.922916666666667,229.23958333333331,2.567083333333333,13.485,235.09333333333333,2.54125,13.693333333333332,234.60416666666663,94.0125,69.25416666666666,0.88,24.11,1019.19125,2.8829166666666666,0.2891666666666667,0.43,1.76
CMT,Coogee Maritime Trail,Aug. 22,"2021, 9 a.m.",22-Aug-21   9 a.m.,1,Windy,Pea soup,2021,9 AM,Aug 22 2021 9 AM,2021-08-22 09:00:00,2021-08-22 09:00:00+08:00,2021-08-22 01:00:00+00:00,2021-08-22,01:00:00,628,2021-08-22,11.797083333333331,18.33875,6.91,137.37416666666667,3.1283333333333334,13.3775,224.7225,3.0979166666666664,13.579583333333334,225.56958333333333,12.466666666666669,57.00833333333333,0.0,24.133750000000003,1025.8325,8.052916666666667,0.4145833333333333,11.797083333333331,18.33875,6.91,137.37416666666667,3.1283333333333334,13.3775,224.7225,3.0979166666666664,13.579583333333334,225.56958333333333,12.466666666666669,57.00833333333333,0.0,24.133750000000003,1025.8325,8.052916666666667,0.4145833333333333,11.797083333333331,18.33875,6.91,137.37416666666667,3.1283333333333334,13.3775,224.7225,3.0979166666666664,13.579583333333334,225.56958333333333,12.466666666666669,57.00833333333333,0.0,24.133750000000003,1025.8325,8.052916666666667,0.4145833333333333,2.0700000000000003,3.36
CAM,Camilla Wreck,Aug. 14,"2021, noon",14-Aug-21   12 p.m.,2,Fair,"Green, weird jellyfish",2021,12 PM,Aug 14 2021 12 PM,2021-08-14 12:00:00,2021-08-14 12:00:00+08:00,2021-08-14 04:00:00+00:00,2021-08-14,04:00:00,629,2021-08-14,13.437916666666666,17.72375,4.915,149.55083333333332,2.009583333333333,12.151666666666666,238.1233333333333,1.9879166666666668,12.349166666666669,239.0575,0.0875,69.45,0.03,24.135,1024.49875,4.208333333333333,0.3925,13.437916666666666,17.72375,4.915,149.55083333333332,2.009583333333333,12.151666666666666,238.1233333333333,1.9879166666666668,12.349166666666669,239.0575,0.0875,69.45,0.03,24.135,1024.49875,4.208333333333333,0.3925,13.437916666666666,17.72375,4.915,149.55083333333332,2.009583333333333,12.151666666666666,238.1233333333333,1.9879166666666668,12.349166666666669,239.0575,0.0875,69.45,0.03,24.135,1024.49875,4.208333333333333,0.3925,0.0,0.11
BWR,Blackwall Reach,Aug. 14,"2021, 9 a.m.",14-Aug-21   9 a.m.,1,Fair,Pitch black in first few m,2021,9 AM,Aug 14 2021 9 AM,2021-08-14 09:00:00,2021-08-14 09:00:00+08:00,2021-08-14 01:00:00+00:00,2021-08-14,01:00:00,630,2021-08-14,13.437916666666666,17.893333333333334,5.753333333333334,146.73999999999998,2.1945833333333336,12.184166666666668,232.29083333333327,2.154583333333333,12.5025,233.84458333333336,0.0875,69.45,0.03,24.135,1024.49875,4.208333333333333,0.3899999999999999,13.437916666666666,17.893333333333334,5.753333333333334,146.73999999999998,2.1945833333333336,12.184166666666668,232.29083333333327,2.154583333333333,12.5025,233.84458333333336,0.0875,69.45,0.03,24.135,1024.49875,4.208333333333333,0.3899999999999999,13.437916666666666,17.893333333333334,5.753333333333334,146.73999999999998,2.1945833333333336,12.184166666666668,232.29083333333327,2.154583333333333,12.5025,233.84458333333336,0.0875,69.45,0.03,24.135,1024.49875,4.208333333333333,0.3899999999999999,0.0,0.21
BWR,Blackwall Reach,July 19,"2021, 9 a.m.",19-Jul-21   9 a.m.,1,Fair,Pitch black in first few m,2021,9 AM,July 19 2021 9 AM,2021-07-19 09:00:00,2021-07-19 09:00:00+08:00,2021-07-19 01:00:00+00:00,2021-07-19,01:00:00,631,2021-07-19,13.568333333333332,19.36458333333333,3.610416666666667,121.2025,2.3141666666666665,12.777083333333332,236.11166666666668,2.3008333333333333,12.890833333333331,236.415,98.10416666666669,69.95,1.07,24.135416666666668,1019.9416666666666,4.754166666666666,0.4104166666666666,13.568333333333332,19.36458333333333,3.610416666666667,121.2025,2.3141666666666665,12.777083333333332,236.11166666666668,2.3008333333333333,12.890833333333331,236.415,98.10416666666669,69.95,1.07,24.135416666666668,1019.9416666666666,4.754166666666666,0.4104166666666666,13.568333333333332,19.36458333333333,3.610416666666667,121.2025,2.3141666666666665,12.777083333333332,236.11166666666668,2.3008333333333333,12.890833333333331,236.415,98.10416666666669,69.95,1.07,24.135416666666668,1019.9416666666666,4.754166666666666,0.4104166666666666,1.06,3.4400000000000004
AMJ,Ammo Jetty,July 3,"2021, 8 a.m.",3-Jul-21   8 a.m.,2,Fair,Sub 2m for most. Small area 4m,2021,8 AM,July 3 2021 8 AM,2021-07-03 08:00:00,2021-07-03 08:00:00+08:00,2021-07-03 00:00:00+00:00,2021-07-03,00:00:00,632,2021-07-03,14.692083333333334,19.4975,7.552083333333333,33.110416666666666,1.5370833333333334,9.34125,255.585,1.32875,11.000416666666666,237.97375,99.1875,52.63333333333333,0.01,24.137083333333333,1019.1379166666668,7.1554166666666665,0.565,14.692083333333334,19.4975,7.552083333333333,33.110416666666666,1.5370833333333334,9.34125,255.585,1.32875,11.000416666666666,237.97375,99.1875,52.63333333333333,0.01,24.137083333333333,1019.1379166666668,7.1554166666666665,0.565,14.692083333333334,19.4975,7.552083333333333,33.110416666666666,1.5370833333333334,9.34125,255.585,1.32875,11.000416666666666,237.97375,99.1875,52.63333333333333,0.01,24.137083333333333,1019.1379166666668,7.1554166666666665,0.565,0.0,0.99
CAM,Camilla Wreck,June 26,"2021, 9 a.m.",26-Jun-21   9 a.m.,10,Fair,Much less milky than before,2021,9 AM,June 26 2021 9 AM,2021-06-26 09:00:00,2021-06-26 09:00:00+08:00,2021-06-26 01:00:00+00:00,2021-06-26,01:00:00,633,2021-06-26,13.760416666666666,19.1825,8.510833333333332,29.700416666666666,1.51375,8.095416666666667,302.54,1.2025,10.149166666666668,270.3975,16.370833333333334,42.54583333333333,0.0,24.135416666666668,1018.9370833333334,10.544583333333334,0.5758333333333333,13.760416666666666,19.1825,8.510833333333332,29.700416666666666,1.51375,8.095416666666667,302.54,1.2025,10.149166666666668,270.3975,16.370833333333334,42.54583333333333,0.0,24.135416666666668,1018.9370833333334,10.544583333333334,0.5758333333333333,13.760416666666666,19.1825,8.510833333333332,29.700416666666666,1.51375,8.095416666666667,302.54,1.2025,10.149166666666668,270.3975,16.370833333333334,42.54583333333333,0.0,24.135416666666668,1018.9370833333334,10.544583333333334,0.5758333333333333,0.0,0.0
CAM,Camilla Wreck,June 14,"2021, 9 a.m.",14-Jun-21   9 a.m.,7,Glassy,-,2021,9 AM,June 14 2021 9 AM,2021-06-14 09:00:00,2021-06-14 09:00:00+08:00,2021-06-14 01:00:00+00:00,2021-06-14,01:00:00,634,2021-06-14,13.592916666666667,20.752916666666668,10.59375,213.62583333333336,3.585833333333333,10.86375,234.39875,2.99,12.4775,237.04625,90.67083333333332,61.65833333333333,2.72,22.3925,1018.6925,9.65,0.5591666666666667,13.592916666666667,20.752916666666668,10.59375,213.62583333333336,3.585833333333333,10.86375,234.39875,2.99,12.4775,237.04625,90.67083333333332,61.65833333333333,2.72,22.3925,1018.6925,9.65,0.5591666666666667,13.592916666666667,20.752916666666668,10.59375,213.62583333333336,3.585833333333333,10.86375,234.39875,2.99,12.4775,237.04625,90.67083333333332,61.65833333333333,2.72,22.3925,1018.6925,9.65,0.5591666666666667,6.050000000000001,6.15
SCR,South Cottesloe Reef,June 8,"2021, 9 p.m.",8-Jun-21   9 p.m.,8,Fair,"17 deg, vis better further out",2021,9 PM,June 8 2021 9 PM,2021-06-08 21:00:00,2021-06-08 21:00:00+08:00,2021-06-08 13:00:00+00:00,2021-06-08,13:00:00,635,2021-06-08,16.237916666666667,20.58333333333333,12.164583333333333,62.88041666666667,2.3979166666666667,9.397916666666667,141.59375,1.7383333333333333,13.326666666666666,224.31333333333336,100.0,56.05,5.04,23.589583333333334,1021.1379166666668,15.556666666666668,0.635,16.237916666666667,20.58333333333333,12.164583333333333,62.88041666666667,2.3979166666666667,9.397916666666667,141.59375,1.7383333333333333,13.326666666666666,224.31333333333336,100.0,56.05,5.04,23.589583333333334,1021.1379166666668,15.556666666666668,0.635,16.237916666666667,20.58333333333333,12.164583333333333,62.88041666666667,2.3979166666666667,9.397916666666667,141.59375,1.7383333333333333,13.326666666666666,224.31333333333336,100.0,56.05,5.04,23.589583333333334,1021.1379166666668,15.556666666666668,0.635,0.0,0.12
WAT,Watermans/North Beach,June 3,"2021, 6 p.m.",3-Jun-21   6 p.m.,1,Fair,"18c, very milky, 50cm vis",2021,6 PM,June 3 2021 6 PM,2021-06-03 18:00:00,2021-06-03 18:00:00+08:00,2021-06-03 10:00:00+00:00,2021-06-03,10:00:00,636,2021-06-03,17.22458333333333,21.0625,3.1595833333333334,82.53291666666667,1.8754166666666665,12.009166666666667,223.4183333333333,1.8691666666666664,12.062083333333334,223.34041666666667,0.0,63.208333333333336,0.0,24.13583333333333,1026.4854166666669,3.70875,0.5858333333333333,17.22458333333333,21.0625,3.1595833333333334,82.53291666666667,1.8754166666666665,12.009166666666667,223.4183333333333,1.8691666666666664,12.062083333333334,223.34041666666667,0.0,63.208333333333336,0.0,24.13583333333333,1026.4854166666669,3.70875,0.5858333333333333,17.22458333333333,21.0625,3.1595833333333334,82.53291666666667,1.8754166666666665,12.009166666666667,223.4183333333333,1.8691666666666664,12.062083333333334,223.34041666666667,0.0,63.208333333333336,0.0,24.13583333333333,1026.4854166666669,3.70875,0.5858333333333333,0.0,0.0
WAT,Watermans/North Beach,June 2,"2021, 7 p.m.",2-Jun-21   7 p.m.,3,Fair,"19c, milky, light surge",2021,7 PM,June 2 2021 7 PM,2021-06-02 19:00:00,2021-06-02 19:00:00+08:00,2021-06-02 11:00:00+00:00,2021-06-02,11:00:00,637,2021-06-02,17.379583333333333,21.561666666666667,2.035416666666667,107.27291666666667,1.8166666666666669,12.6225,222.9,1.8166666666666669,12.62375,222.9008333333333,15.5125,64.3875,0.0,24.13458333333333,1025.8045833333333,4.654166666666667,0.6708333333333333,17.379583333333333,21.561666666666667,2.035416666666667,107.27291666666667,1.8166666666666669,12.6225,222.9,1.8166666666666669,12.62375,222.9008333333333,15.5125,64.3875,0.0,24.13458333333333,1025.8045833333333,4.654166666666667,0.6708333333333333,17.379583333333333,21.561666666666667,2.035416666666667,107.27291666666667,1.8166666666666669,12.6225,222.9,1.8166666666666669,12.62375,222.9008333333333,15.5125,64.3875,0.0,24.13458333333333,1025.8045833333333,4.654166666666667,0.6708333333333333,0.0,0.0
HIL,Hillarys,June 2,"2021, 7 p.m.",2-Jun-21   7 p.m.,3,Fair,"19c,liteEastly,lowSwell",2021,7 PM,June 2 2021 7 PM,2021-06-02 19:00:00,2021-06-02 19:00:00+08:00,2021-06-02 11:00:00+00:00,2021-06-02,11:00:00,638,2021-06-02,17.379583333333333,21.561666666666667,2.035416666666667,107.27291666666667,1.8166666666666669,12.6225,222.9,1.8166666666666669,12.62375,222.9008333333333,15.5125,64.3875,0.0,24.13458333333333,1025.8045833333333,4.654166666666667,0.6708333333333333,17.379583333333333,21.561666666666667,2.035416666666667,107.27291666666667,1.8166666666666669,12.6225,222.9,1.8166666666666669,12.62375,222.9008333333333,15.5125,64.3875,0.0,24.13458333333333,1025.8045833333333,4.654166666666667,0.6708333333333333,17.379583333333333,21.561666666666667,2.035416666666667,107.27291666666667,1.8166666666666669,12.6225,222.9,1.8166666666666669,12.62375,222.9008333333333,15.5125,64.3875,0.0,24.13458333333333,1025.8045833333333,4.654166666666667,0.6708333333333333,0.0,0.0
MET,Mettam’s Pool,May 16,"2021, 6 p.m.",16-May-21   6 p.m.,5,Fair,"20C, 1.0m surge",2021,6 PM,May 16 2021 6 PM,2021-05-16 18:00:00,2021-05-16 18:00:00+08:00,2021-05-16 10:00:00+00:00,2021-05-16,10:00:00,639,2021-05-16,21.07875,22.490416666666665,7.171250000000001,51.06708333333333,2.1404166666666664,13.400416666666668,226.08208333333332,2.0241666666666664,14.533333333333331,224.39416666666668,92.84583333333336,36.05416666666667,0.0,24.133750000000003,1017.2408333333332,8.895833333333334,0.63,21.07875,22.490416666666665,7.171250000000001,51.06708333333333,2.1404166666666664,13.400416666666668,226.08208333333332,2.0241666666666664,14.533333333333331,224.39416666666668,92.84583333333336,36.05416666666667,0.0,24.133750000000003,1017.2408333333332,8.895833333333334,0.63,21.07875,22.490416666666665,7.171250000000001,51.06708333333333,2.1404166666666664,13.400416666666668,226.08208333333332,2.0241666666666664,14.533333333333331,224.39416666666668,92.84583333333336,36.05416666666667,0.0,24.133750000000003,1017.2408333333332,8.895833333333334,0.63,0.0,0.0
RTS,Rottnest South,May 16,"2021, noon",16-May-21   12 p.m.,8,Windy,Surge,2021,12 PM,May 16 2021 12 PM,2021-05-16 12:00:00,2021-05-16 12:00:00+08:00,2021-05-16 04:00:00+00:00,2021-05-16,04:00:00,640,2021-05-16,21.94,22.47375,7.445,48.870000000000005,1.9604166666666665,12.857083333333334,235.2891666666667,1.80875,14.398333333333332,231.73166666666663,96.04166666666669,56.67083333333333,0.0,24.133750000000003,1016.6475,10.079166666666667,0.6341666666666667,21.94,22.47375,7.445,48.870000000000005,1.9604166666666665,12.857083333333334,235.2891666666667,1.80875,14.398333333333332,231.73166666666663,96.04166666666669,56.67083333333333,0.0,24.133750000000003,1016.6475,10.079166666666667,0.6341666666666667,21.94,22.47375,7.445,48.870000000000005,1.9604166666666665,12.857083333333334,235.2891666666667,1.80875,14.398333333333332,231.73166666666663,96.04166666666669,56.67083333333333,0.0,24.133750000000003,1016.6475,10.079166666666667,0.6341666666666667,0.0,0.0
BUL,Bulk Jetty,May 8,"2021, 9 a.m.",8-May-21   9 a.m.,3,Fair,"19c, milky, large ship nearby",2021,9 AM,May 8 2021 9 AM,2021-05-08 09:00:00,2021-05-08 09:00:00+08:00,2021-05-08 01:00:00+00:00,2021-05-08,01:00:00,641,2021-05-08,16.197916666666668,21.3225,2.37625,146.80833333333334,2.2304166666666667,13.90375,231.90541666666664,2.2304166666666667,13.905,231.90666666666667,13.5375,64.8625,0.0,24.13458333333333,1023.0425,3.0525,0.5129166666666667,16.197916666666668,21.3225,2.37625,146.80833333333334,2.2304166666666667,13.90375,231.90541666666664,2.2304166666666667,13.905,231.90666666666667,13.5375,64.8625,0.0,24.13458333333333,1023.0425,3.0525,0.5129166666666667,16.197916666666668,21.3225,2.37625,146.80833333333334,2.2304166666666667,13.90375,231.90541666666664,2.2304166666666667,13.905,231.90666666666667,13.5375,64.8625,0.0,24.13458333333333,1023.0425,3.0525,0.5129166666666667,0.0,2.26
FRE,South Fremantle,April 27,"2021, 8 p.m.",27-Apr-21   8 p.m.,3,Fair,"22 deg, milky, some surge",2021,8 PM,April 27 2021 8 PM,2021-04-27 20:00:00,2021-04-27 20:00:00+08:00,2021-04-27 12:00:00+00:00,2021-04-27,12:00:00,642,2021-04-27,21.77875,21.84875,2.7375000000000003,183.13541666666663,1.9641666666666664,12.945833333333333,237.22333333333333,1.961666666666667,12.962083333333332,237.28083333333333,40.37916666666667,71.53750000000001,0.0,24.13416666666667,1020.7408333333332,3.7504166666666663,0.5420833333333334,21.77875,21.84875,2.7375000000000003,183.13541666666663,1.9641666666666664,12.945833333333333,237.22333333333333,1.961666666666667,12.962083333333332,237.28083333333333,40.37916666666667,71.53750000000001,0.0,24.13416666666667,1020.7408333333332,3.7504166666666663,0.5420833333333334,21.77875,21.84875,2.7375000000000003,183.13541666666663,1.9641666666666664,12.945833333333333,237.22333333333333,1.961666666666667,12.962083333333332,237.28083333333333,40.37916666666667,71.53750000000001,0.0,24.13416666666667,1020.7408333333332,3.7504166666666663,0.5420833333333334,0.0,0.0
NMF,North Mole Fremantle,April 23,"2021, 9 p.m.",23-Apr-21   9 p.m.,3,Glassy,"21 deg, tiny waves but surgey",2021,9 PM,April 23 2021 9 PM,2021-04-23 21:00:00,2021-04-23 21:00:00+08:00,2021-04-23 13:00:00+00:00,2021-04-23,13:00:00,643,2021-04-23,22.675,21.532083333333333,2.544166666666667,126.34666666666668,1.9975,12.982916666666666,227.1925,1.992916666666667,13.023333333333332,227.2925,89.74583333333334,57.5125,0.0,24.13625,1018.1654166666668,5.148333333333333,0.4925,22.675,21.532083333333333,2.544166666666667,126.34666666666668,1.9975,12.982916666666666,227.1925,1.992916666666667,13.023333333333332,227.2925,89.74583333333334,57.5125,0.0,24.13625,1018.1654166666668,5.148333333333333,0.4925,22.675,21.532083333333333,2.544166666666667,126.34666666666668,1.9975,12.982916666666666,227.1925,1.992916666666667,13.023333333333332,227.2925,89.74583333333334,57.5125,0.0,24.13625,1018.1654166666668,5.148333333333333,0.4925,0.0,0.0
BSJ,Busselton Jetty,April 21,"2021, 1 p.m.",21-Apr-21   1 p.m.,12,Fair,"20/04, 19c, E-N wind, calm",2021,1 PM,April 21 2021 1 PM,2021-04-21 13:00:00,2021-04-21 13:00:00+08:00,2021-04-21 05:00:00+00:00,2021-04-21,05:00:00,644,2021-04-21,17.1675,22.62,6.23875,126.18458333333332,1.7675,6.828333333333333,219.93291666666667,1.6554166666666663,9.7825,224.21291666666664,43.70416666666667,72.17083333333333,0.0,24.1325,1024.605,7.815,0.6170833333333333,17.1675,22.62,6.23875,126.18458333333332,1.7675,6.828333333333333,219.93291666666667,1.6554166666666663,9.7825,224.21291666666664,43.70416666666667,72.17083333333333,0.0,24.1325,1024.605,7.815,0.6170833333333333,17.1675,22.62,6.23875,126.18458333333332,1.7675,6.828333333333333,219.93291666666667,1.6554166666666663,9.7825,224.21291666666664,43.70416666666667,72.17083333333333,0.0,24.1325,1024.605,7.815,0.6170833333333333,0.0,0.8300000000000001
CRN,Carnac Island,April 17,"2021, noon",17-Apr-21   12 p.m.,7,Fair,-,2021,12 PM,April 17 2021 12 PM,2021-04-17 12:00:00,2021-04-17 12:00:00+08:00,2021-04-17 04:00:00+00:00,2021-04-17,04:00:00,645,2021-04-17,21.927916666666665,21.825833333333332,6.0325,118.685,1.94125,12.2425,232.6475,1.8858333333333333,12.779583333333331,234.9595833333333,69.10416666666667,52.825,0.0,24.133750000000003,1024.3770833333333,6.49875,0.4641666666666666,21.927916666666665,21.825833333333332,6.0325,118.685,1.94125,12.2425,232.6475,1.8858333333333333,12.779583333333331,234.9595833333333,69.10416666666667,52.825,0.0,24.133750000000003,1024.3770833333333,6.49875,0.4641666666666666,21.927916666666665,21.825833333333332,6.0325,118.685,1.94125,12.2425,232.6475,1.8858333333333333,12.779583333333331,234.9595833333333,69.10416666666667,52.825,0.0,24.133750000000003,1024.3770833333333,6.49875,0.4641666666666666,0.0,0.0
CRN,Carnac Island,April 17,"2021, 10 a.m.",17-Apr-21   10 a.m.,7,Fair,"Five fathom bank, 28m depth",2021,10 AM,April 17 2021 10 AM,2021-04-17 10:00:00,2021-04-17 10:00:00+08:00,2021-04-17 02:00:00+00:00,2021-04-17,02:00:00,646,2021-04-17,21.927916666666665,21.825833333333332,6.0325,118.685,1.94125,12.2425,232.6475,1.8858333333333333,12.779583333333331,234.9595833333333,69.10416666666667,52.825,0.0,24.133750000000003,1024.3770833333333,6.49875,0.4641666666666666,21.927916666666665,21.825833333333332,6.0325,118.685,1.94125,12.2425,232.6475,1.8858333333333333,12.779583333333331,234.9595833333333,69.10416666666667,52.825,0.0,24.133750000000003,1024.3770833333333,6.49875,0.4641666666666666,21.927916666666665,21.825833333333332,6.0325,118.685,1.94125,12.2425,232.6475,1.8858333333333333,12.779583333333331,234.9595833333333,69.10416666666667,52.825,0.0,24.133750000000003,1024.3770833333333,6.49875,0.4641666666666666,0.0,0.0
BUL,Bulk Jetty,April 17,"2021, 8 a.m.",17-Apr-21   8 a.m.,7,Glassy,lots of particulates but good,2021,8 AM,April 17 2021 8 AM,2021-04-17 08:00:00,2021-04-17 08:00:00+08:00,2021-04-17 00:00:00+00:00,2021-04-17,00:00:00,647,2021-04-17,21.0775,21.765416666666667,4.72875,124.04291666666666,1.7445833333333332,12.562916666666666,238.56833333333336,1.7229166666666669,12.839166666666666,239.68,48.50833333333333,35.104166666666664,0.0,24.133750000000003,1024.4266666666667,7.0062500000000005,0.4633333333333333,21.0775,21.765416666666667,4.72875,124.04291666666666,1.7445833333333332,12.562916666666666,238.56833333333336,1.7229166666666669,12.839166666666666,239.68,48.50833333333333,35.104166666666664,0.0,24.133750000000003,1024.4266666666667,7.0062500000000005,0.4633333333333333,21.0775,21.765416666666667,4.72875,124.04291666666666,1.7445833333333332,12.562916666666666,238.56833333333336,1.7229166666666669,12.839166666666666,239.68,48.50833333333333,35.104166666666664,0.0,24.133750000000003,1024.4266666666667,7.0062500000000005,0.4633333333333333,0.0,0.0
RNW,Rottnest West,April 6,"2021, 1 p.m.",6-Apr-21   1 p.m.,12,Fair,2 grey nurses in shark cave,2021,1 PM,April 6 2021 1 PM,2021-04-06 13:00:00,2021-04-06 13:00:00+08:00,2021-04-06 05:00:00+00:00,2021-04-06,05:00:00,648,2021-04-06,22.28458333333333,22.0325,2.5241666666666664,225.37583333333336,1.65125,7.527083333333334,219.00291666666664,1.65,8.200833333333334,218.995,84.95,69.925,0.04,24.13583333333333,1014.2041666666668,3.4008333333333334,0.55875,22.28458333333333,22.0325,2.5241666666666664,225.37583333333336,1.65125,7.527083333333334,219.00291666666664,1.65,8.200833333333334,218.995,84.95,69.925,0.04,24.13583333333333,1014.2041666666668,3.4008333333333334,0.55875,22.28458333333333,22.0325,2.5241666666666664,225.37583333333336,1.65125,7.527083333333334,219.00291666666664,1.65,8.200833333333334,218.995,84.95,69.925,0.04,24.13583333333333,1014.2041666666668,3.4008333333333334,0.55875,0.04,0.04
RNE,Rottnest East,April 5,"2021, 9 a.m.",5-Apr-21   9 a.m.,3,Fair,"Slight swell, Parker point are",2021,9 AM,April 5 2021 9 AM,2021-04-05 09:00:00,2021-04-05 09:00:00+08:00,2021-04-05 01:00:00+00:00,2021-04-05,01:00:00,649,2021-04-05,21.902916666666663,21.77541666666667,2.73625,271.1516666666667,1.4729166666666669,10.706666666666663,222.32208333333327,1.4729166666666669,10.720416666666669,222.30375,8.495833333333334,73.2625,0.0,24.13458333333333,1013.1370833333334,3.992083333333333,0.5025000000000001,21.902916666666663,21.77541666666667,2.73625,271.1516666666667,1.4729166666666669,10.706666666666663,222.32208333333327,1.4729166666666669,10.720416666666669,222.30375,8.495833333333334,73.2625,0.0,24.13458333333333,1013.1370833333334,3.992083333333333,0.5025000000000001,21.902916666666663,21.77541666666667,2.73625,271.1516666666667,1.4729166666666669,10.706666666666663,222.32208333333327,1.4729166666666669,10.720416666666669,222.30375,8.495833333333334,73.2625,0.0,24.13458333333333,1013.1370833333334,3.992083333333333,0.5025000000000001,0.0,0.9
AMJ,Ammo Jetty,April 3,"2021, 9 a.m.",3-Apr-21   9 a.m.,5,Fair,-,2021,9 AM,April 3 2021 9 AM,2021-04-03 09:00:00,2021-04-03 09:00:00+08:00,2021-04-03 01:00:00+00:00,2021-04-03,01:00:00,650,2021-04-03,23.522916666666664,22.010416666666668,6.12625,136.21958333333333,1.72875,10.470416666666669,212.30875,1.6758333333333333,10.975,215.06166666666664,59.145833333333336,62.48333333333333,30.18,19.71375,1014.98875,8.22375,0.3720833333333333,23.522916666666664,22.010416666666668,6.12625,136.21958333333333,1.72875,10.470416666666669,212.30875,1.6758333333333333,10.975,215.06166666666664,59.145833333333336,62.48333333333333,30.18,19.71375,1014.98875,8.22375,0.3720833333333333,23.522916666666664,22.010416666666668,6.12625,136.21958333333333,1.72875,10.470416666666669,212.30875,1.6758333333333333,10.975,215.06166666666664,59.145833333333336,62.48333333333333,30.18,19.71375,1014.98875,8.22375,0.3720833333333333,0.0,0.0
AMJ,Ammo Jetty,March 29,"2021, 11 a.m.",29-Mar-21   11 a.m.,3,Glassy,Very murky. High slack tide.,2021,11 AM,March 29 2021 11 AM,2021-03-29 11:00:00,2021-03-29 11:00:00+08:00,2021-03-29 03:00:00+00:00,2021-03-29,03:00:00,651,2021-03-29,28.86458333333333,22.34083333333333,3.60875,234.42875,1.4779166666666663,9.927083333333334,228.55166666666665,1.4491666666666667,10.197083333333332,229.9975,34.9375,32.516666666666666,0.15,24.1125,1012.4325,4.093333333333333,0.4733333333333333,28.86458333333333,22.34083333333333,3.60875,234.42875,1.4779166666666663,9.927083333333334,228.55166666666665,1.4491666666666667,10.197083333333332,229.9975,34.9375,32.516666666666666,0.15,24.1125,1012.4325,4.093333333333333,0.4733333333333333,28.86458333333333,22.34083333333333,3.60875,234.42875,1.4779166666666663,9.927083333333334,228.55166666666665,1.4491666666666667,10.197083333333332,229.9975,34.9375,32.516666666666666,0.15,24.1125,1012.4325,4.093333333333333,0.4733333333333333,0.0,0.0
FRE,South Fremantle,March 28,"2021, 9 a.m.",28-Mar-21   9 a.m.,10,Fair,-,2021,9 AM,March 28 2021 9 AM,2021-03-28 09:00:00,2021-03-28 09:00:00+08:00,2021-03-28 01:00:00+00:00,2021-03-28,01:00:00,652,2021-03-28,22.28916666666667,22.08125,4.786666666666666,156.83541666666667,1.3104166666666666,9.080416666666666,224.40916666666664,1.2479166666666666,9.676666666666668,228.2683333333333,1.0583333333333331,63.270833333333336,0.0,24.133750000000003,1013.0683333333332,5.569583333333333,0.44875,22.28916666666667,22.08125,4.786666666666666,156.83541666666667,1.3104166666666666,9.080416666666666,224.40916666666664,1.2479166666666666,9.676666666666668,228.2683333333333,1.0583333333333331,63.270833333333336,0.0,24.133750000000003,1013.0683333333332,5.569583333333333,0.44875,22.28916666666667,22.08125,4.786666666666666,156.83541666666667,1.3104166666666666,9.080416666666666,224.40916666666664,1.2479166666666666,9.676666666666668,228.2683333333333,1.0583333333333331,63.270833333333336,0.0,24.133750000000003,1013.0683333333332,5.569583333333333,0.44875,0.0,0.0
CRN,Carnac Island,March 27,"2021, noon",27-Mar-21   12 p.m.,12,Fair,Challenger rock,2021,12 PM,March 27 2021 12 PM,2021-03-27 12:00:00,2021-03-27 12:00:00+08:00,2021-03-27 04:00:00+00:00,2021-03-27,04:00:00,653,2021-03-27,20.284166666666668,22.27916666666667,5.894166666666667,164.48208333333335,1.14125,7.370833333333334,218.83625,1.0145833333333334,8.396666666666667,226.4620833333333,32.00416666666667,67.24166666666666,0.0,24.132916666666663,1014.5166666666668,5.956666666666667,0.5004166666666666,20.284166666666668,22.27916666666667,5.894166666666667,164.48208333333335,1.14125,7.370833333333334,218.83625,1.0145833333333334,8.396666666666667,226.4620833333333,32.00416666666667,67.24166666666666,0.0,24.132916666666663,1014.5166666666668,5.956666666666667,0.5004166666666666,20.284166666666668,22.27916666666667,5.894166666666667,164.48208333333335,1.14125,7.370833333333334,218.83625,1.0145833333333334,8.396666666666667,226.4620833333333,32.00416666666667,67.24166666666666,0.0,24.132916666666663,1014.5166666666668,5.956666666666667,0.5004166666666666,0.0,0.0
AMJ,Ammo Jetty,March 24,"2021, 7 p.m.",24-Mar-21   7 p.m.,4,Windy,"23.5c,ChoppyNoSwellVizVrbl2-5m",2021,7 PM,March 24 2021 7 PM,2021-03-24 19:00:00,2021-03-24 19:00:00+08:00,2021-03-24 11:00:00+00:00,2021-03-24,11:00:00,654,2021-03-24,19.15875,22.27916666666667,7.521666666666667,159.65208333333334,1.4579166666666667,8.342916666666666,211.05541666666667,1.2645833333333334,9.699166666666668,220.13583333333332,32.9625,42.225,0.0,24.13458333333333,1013.8325,4.8220833333333335,0.5558333333333333,19.15875,22.27916666666667,7.521666666666667,159.65208333333334,1.4579166666666667,8.342916666666666,211.05541666666667,1.2645833333333334,9.699166666666668,220.13583333333332,32.9625,42.225,0.0,24.13458333333333,1013.8325,4.8220833333333335,0.5558333333333333,19.15875,22.27916666666667,7.521666666666667,159.65208333333334,1.4579166666666667,8.342916666666666,211.05541666666667,1.2645833333333334,9.699166666666668,220.13583333333332,32.9625,42.225,0.0,24.13458333333333,1013.8325,4.8220833333333335,0.5558333333333333,0.0,0.0
AMJ,Ammo Jetty,March 24,"2021, 7 p.m.",24-Mar-21   7 p.m.,3,Windy,"23.5c,ChoppyNoSwellVizVrbl2-5m",2021,7 PM,March 24 2021 7 PM,2021-03-24 19:00:00,2021-03-24 19:00:00+08:00,2021-03-24 11:00:00+00:00,2021-03-24,11:00:00,655,2021-03-24,19.15875,22.27916666666667,7.521666666666667,159.65208333333334,1.4579166666666667,8.342916666666666,211.05541666666667,1.2645833333333334,9.699166666666668,220.13583333333332,32.9625,42.225,0.0,24.13458333333333,1013.8325,4.8220833333333335,0.5558333333333333,19.15875,22.27916666666667,7.521666666666667,159.65208333333334,1.4579166666666667,8.342916666666666,211.05541666666667,1.2645833333333334,9.699166666666668,220.13583333333332,32.9625,42.225,0.0,24.13458333333333,1013.8325,4.8220833333333335,0.5558333333333333,19.15875,22.27916666666667,7.521666666666667,159.65208333333334,1.4579166666666667,8.342916666666666,211.05541666666667,1.2645833333333334,9.699166666666668,220.13583333333332,32.9625,42.225,0.0,24.13458333333333,1013.8325,4.8220833333333335,0.5558333333333333,0.0,0.0
BSJ,Busselton Jetty,March 23,"2021, 6 a.m.",23-Mar-21   6 a.m.,15,Fair,Sunday24cVizTo20m,2021,6 AM,March 23 2021 6 AM,2021-03-23 06:00:00,2021-03-23 06:00:00+08:00,2021-03-22 22:00:00+00:00,2021-03-22,22:00:00,656,2021-03-22,17.879166666666666,22.23333333333333,8.698749999999999,161.45208333333332,2.424166666666667,6.46375,225.49666666666667,2.1841666666666666,8.853333333333333,233.005,15.052083333333334,64.61666666666666,0.0,24.136666666666667,1017.6008333333334,10.297083333333331,0.55,17.879166666666666,22.23333333333333,8.698749999999999,161.45208333333332,2.424166666666667,6.46375,225.49666666666667,2.1841666666666666,8.853333333333333,233.005,15.052083333333334,64.61666666666666,0.0,24.136666666666667,1017.6008333333334,10.297083333333331,0.55,17.879166666666666,22.23333333333333,8.698749999999999,161.45208333333332,2.424166666666667,6.46375,225.49666666666667,2.1841666666666666,8.853333333333333,233.005,15.052083333333334,64.61666666666666,0.0,24.136666666666667,1017.6008333333334,10.297083333333331,0.55,0.0,0.0
CRN,Carnac Island,March 21,"2021, 11 a.m.",21-Mar-21   11 a.m.,4,Glassy,"big slowsurge, 2m swell, calm.",2021,11 AM,March 21 2021 11 AM,2021-03-21 11:00:00,2021-03-21 11:00:00+08:00,2021-03-21 03:00:00+00:00,2021-03-21,03:00:00,657,2021-03-21,24.120833333333334,23.13791666666667,6.900416666666668,190.26,2.43625,12.1,232.11791666666667,2.2075,13.1825,238.0325,6.8125,68.60000000000001,0.0,24.137083333333333,1011.4329166666666,8.728333333333333,0.52625,24.120833333333334,23.13791666666667,6.900416666666668,190.26,2.43625,12.1,232.11791666666667,2.2075,13.1825,238.0325,6.8125,68.60000000000001,0.0,24.137083333333333,1011.4329166666666,8.728333333333333,0.52625,24.120833333333334,23.13791666666667,6.900416666666668,190.26,2.43625,12.1,232.11791666666667,2.2075,13.1825,238.0325,6.8125,68.60000000000001,0.0,24.137083333333333,1011.4329166666666,8.728333333333333,0.52625,0.0,0.0
HIL,Hillarys,March 21,"2021, 10 a.m.",21-Mar-21   10 a.m.,2,Rough,BOTB,2021,10 AM,March 21 2021 10 AM,2021-03-21 10:00:00,2021-03-21 10:00:00+08:00,2021-03-21 02:00:00+00:00,2021-03-21,02:00:00,658,2021-03-21,24.120833333333334,23.388333333333332,6.98125,188.7045833333333,2.655,12.24875,227.2625,2.4145833333333333,13.275416666666668,232.49958333333333,6.8125,68.60000000000001,0.0,24.137083333333333,1011.4329166666666,8.728333333333333,0.5379166666666667,24.120833333333334,23.388333333333332,6.98125,188.7045833333333,2.655,12.24875,227.2625,2.4145833333333333,13.275416666666668,232.49958333333333,6.8125,68.60000000000001,0.0,24.137083333333333,1011.4329166666666,8.728333333333333,0.5379166666666667,24.120833333333334,23.388333333333332,6.98125,188.7045833333333,2.655,12.24875,227.2625,2.4145833333333333,13.275416666666668,232.49958333333333,6.8125,68.60000000000001,0.0,24.137083333333333,1011.4329166666666,8.728333333333333,0.5379166666666667,0.0,0.0
WAT,Watermans/North Beach,March 21,"2021, 10 a.m.",21-Mar-21   10 a.m.,2,Rough,soup,2021,10 AM,March 21 2021 10 AM,2021-03-21 10:00:00,2021-03-21 10:00:00+08:00,2021-03-21 02:00:00+00:00,2021-03-21,02:00:00,659,2021-03-21,24.120833333333334,23.388333333333332,6.98125,188.7045833333333,2.655,12.24875,227.2625,2.4145833333333333,13.275416666666668,232.49958333333333,6.8125,68.60000000000001,0.0,24.137083333333333,1011.4329166666666,8.728333333333333,0.5379166666666667,24.120833333333334,23.388333333333332,6.98125,188.7045833333333,2.655,12.24875,227.2625,2.4145833333333333,13.275416666666668,232.49958333333333,6.8125,68.60000000000001,0.0,24.137083333333333,1011.4329166666666,8.728333333333333,0.5379166666666667,24.120833333333334,23.388333333333332,6.98125,188.7045833333333,2.655,12.24875,227.2625,2.4145833333333333,13.275416666666668,232.49958333333333,6.8125,68.60000000000001,0.0,24.137083333333333,1011.4329166666666,8.728333333333333,0.5379166666666667,0.0,0.0
PPR,Point Peron,March 21,"2021, 9 a.m.",21-Mar-21   9 a.m.,5,Fair,-,2021,9 AM,March 21 2021 9 AM,2021-03-21 09:00:00,2021-03-21 09:00:00+08:00,2021-03-21 01:00:00+00:00,2021-03-21,01:00:00,660,2021-03-21,23.59166666666667,22.90833333333333,5.990416666666667,193.61541666666668,2.1975,12.147916666666667,237.1808333333333,2.05875,12.9125,241.6745833333333,9.895833333333334,68.19166666666666,0.0,24.137083333333333,1011.7095833333332,8.878333333333332,0.5225000000000001,23.59166666666667,22.90833333333333,5.990416666666667,193.61541666666668,2.1975,12.147916666666667,237.1808333333333,2.05875,12.9125,241.6745833333333,9.895833333333334,68.19166666666666,0.0,24.137083333333333,1011.7095833333332,8.878333333333332,0.5225000000000001,23.59166666666667,22.90833333333333,5.990416666666667,193.61541666666668,2.1975,12.147916666666667,237.1808333333333,2.05875,12.9125,241.6745833333333,9.895833333333334,68.19166666666666,0.0,24.137083333333333,1011.7095833333332,8.878333333333332,0.5225000000000001,0.0,0.0
BUL,Bulk Jetty,March 20,"2021, 9 a.m.",20-Mar-21   9 a.m.,6,Glassy,Great conditions for the jetty,2021,9 AM,March 20 2021 9 AM,2021-03-20 09:00:00,2021-03-20 09:00:00+08:00,2021-03-20 01:00:00+00:00,2021-03-20,01:00:00,661,2021-03-20,29.84875,23.26083333333333,2.8370833333333336,151.57833333333335,1.6275000000000002,12.602916666666667,240.31916666666663,1.62625,12.620416666666666,240.36166666666668,22.95833333333333,19.870833333333334,0.0,24.1375,1012.79875,6.525,0.5404166666666667,29.84875,23.26083333333333,2.8370833333333336,151.57833333333335,1.6275000000000002,12.602916666666667,240.31916666666663,1.62625,12.620416666666666,240.36166666666668,22.95833333333333,19.870833333333334,0.0,24.1375,1012.79875,6.525,0.5404166666666667,29.84875,23.26083333333333,2.8370833333333336,151.57833333333335,1.6275000000000002,12.602916666666667,240.31916666666663,1.62625,12.620416666666666,240.36166666666668,22.95833333333333,19.870833333333334,0.0,24.1375,1012.79875,6.525,0.5404166666666667,0.0,0.0
MET,Mettam’s Pool,March 20,"2021, 9 a.m.",20-Mar-21   9 a.m.,6,Fair,Beautiful,2021,9 AM,March 20 2021 9 AM,2021-03-20 09:00:00,2021-03-20 09:00:00+08:00,2021-03-20 01:00:00+00:00,2021-03-20,01:00:00,662,2021-03-20,29.84875,23.666666666666668,3.1641666666666666,136.89458333333332,1.9320833333333327,12.653333333333334,230.65625,1.9295833333333332,12.679583333333332,230.75250000000003,22.95833333333333,19.870833333333334,0.0,24.1375,1012.79875,6.525,0.5458333333333334,29.84875,23.666666666666668,3.1641666666666666,136.89458333333332,1.9320833333333327,12.653333333333334,230.65625,1.9295833333333332,12.679583333333332,230.75250000000003,22.95833333333333,19.870833333333334,0.0,24.1375,1012.79875,6.525,0.5458333333333334,29.84875,23.666666666666668,3.1641666666666666,136.89458333333332,1.9320833333333327,12.653333333333334,230.65625,1.9295833333333332,12.679583333333332,230.75250000000003,22.95833333333333,19.870833333333334,0.0,24.1375,1012.79875,6.525,0.5458333333333334,0.0,0.0
TWR,Two Rocks,March 20,"2021, 8 a.m.",20-Mar-21   8 a.m.,4,Windy,yanchep beach,2021,8 AM,March 20 2021 8 AM,2021-03-20 08:00:00,2021-03-20 08:00:00+08:00,2021-03-20 00:00:00+00:00,2021-03-20,00:00:00,663,2021-03-20,26.46875,23.94375,3.06125,140.95208333333332,1.6608333333333334,12.685,231.80166666666665,1.6583333333333332,12.71375,231.88541666666663,22.27083333333333,47.81666666666666,0.0,24.1375,1012.2775,6.05375,0.5529166666666667,26.46875,23.94375,3.06125,140.95208333333332,1.6608333333333334,12.685,231.80166666666665,1.6583333333333332,12.71375,231.88541666666663,22.27083333333333,47.81666666666666,0.0,24.1375,1012.2775,6.05375,0.5529166666666667,26.46875,23.94375,3.06125,140.95208333333332,1.6608333333333334,12.685,231.80166666666665,1.6583333333333332,12.71375,231.88541666666663,22.27083333333333,47.81666666666666,0.0,24.1375,1012.2775,6.05375,0.5529166666666667,0.0,0.0
BWR,Blackwall Reach,March 18,"2021, 4 p.m.",18-Mar-21   4 p.m.,3,Fair,A bit soupy,2021,4 PM,March 18 2021 4 PM,2021-03-18 16:00:00,2021-03-18 16:00:00+08:00,2021-03-18 08:00:00+00:00,2021-03-18,08:00:00,664,2021-03-18,27.75583333333333,23.254166666666663,6.248333333333334,152.68083333333334,2.1479166666666667,10.851666666666668,223.7733333333333,2.0175,11.722499999999998,227.74625,23.25,33.645833333333336,0.0,24.13416666666667,1015.4575,4.432083333333334,0.6529166666666667,27.75583333333333,23.254166666666663,6.248333333333334,152.68083333333334,2.1479166666666667,10.851666666666668,223.7733333333333,2.0175,11.722499999999998,227.74625,23.25,33.645833333333336,0.0,24.13416666666667,1015.4575,4.432083333333334,0.6529166666666667,27.75583333333333,23.254166666666663,6.248333333333334,152.68083333333334,2.1479166666666667,10.851666666666668,223.7733333333333,2.0175,11.722499999999998,227.74625,23.25,33.645833333333336,0.0,24.13416666666667,1015.4575,4.432083333333334,0.6529166666666667,0.0,0.0
SCR,South Cottesloe Reef,March 14,"2021, 11 a.m.",14-Mar-21   11 a.m.,15,Fair,"23.5c,Flat,Vlittleswell",2021,11 AM,March 14 2021 11 AM,2021-03-14 11:00:00,2021-03-14 11:00:00+08:00,2021-03-14 03:00:00+00:00,2021-03-14,03:00:00,665,2021-03-14,22.38458333333333,22.49375,8.08,91.78708333333331,1.3604166666666666,8.231250000000001,175.56375,1.0745833333333334,10.757916666666668,215.2720833333333,28.20833333333333,53.28333333333333,0.0,24.135,1021.80875,10.388333333333334,0.305,22.38458333333333,22.49375,8.08,91.78708333333331,1.3604166666666666,8.231250000000001,175.56375,1.0745833333333334,10.757916666666668,215.2720833333333,28.20833333333333,53.28333333333333,0.0,24.135,1021.80875,10.388333333333334,0.305,22.38458333333333,22.49375,8.08,91.78708333333331,1.3604166666666666,8.231250000000001,175.56375,1.0745833333333334,10.757916666666668,215.2720833333333,28.20833333333333,53.28333333333333,0.0,24.135,1021.80875,10.388333333333334,0.305,0.0,0.0
AMJ,Ammo Jetty,March 13,"2021, 10 a.m.",13-Mar-21   10 a.m.,4,Fair,"Not too bad, lots of occy",2021,10 AM,March 13 2021 10 AM,2021-03-13 10:00:00,2021-03-13 10:00:00+08:00,2021-03-13 02:00:00+00:00,2021-03-13,02:00:00,666,2021-03-13,20.09125,22.993333333333336,9.037916666666666,111.105,1.67125,8.56,186.22875,1.35375,10.915833333333332,215.0595833333333,0.0,40.6875,0.0,24.137083333333333,1025.1029166666667,9.977916666666667,0.4204166666666666,20.09125,22.993333333333336,9.037916666666666,111.105,1.67125,8.56,186.22875,1.35375,10.915833333333332,215.0595833333333,0.0,40.6875,0.0,24.137083333333333,1025.1029166666667,9.977916666666667,0.4204166666666666,20.09125,22.993333333333336,9.037916666666666,111.105,1.67125,8.56,186.22875,1.35375,10.915833333333332,215.0595833333333,0.0,40.6875,0.0,24.137083333333333,1025.1029166666667,9.977916666666667,0.4204166666666666,0.0,0.21
SCR,South Cottesloe Reef,March 10,"2021, 7 p.m.",10-Mar-21   7 p.m.,14,Fair,"24c, little surge",2021,7 PM,March 10 2021 7 PM,2021-03-10 19:00:00,2021-03-10 19:00:00+08:00,2021-03-10 11:00:00+00:00,2021-03-10,11:00:00,667,2021-03-10,23.086250000000003,23.425,5.855,314.8329166666667,1.235,8.325000000000001,258.555,1.1291666666666669,9.364583333333334,246.6695833333333,96.64583333333331,87.675,0.0,24.133750000000003,1008.8,6.64,0.55625,23.086250000000003,23.425,5.855,314.8329166666667,1.235,8.325000000000001,258.555,1.1291666666666669,9.364583333333334,246.6695833333333,96.64583333333331,87.675,0.0,24.133750000000003,1008.8,6.64,0.55625,23.086250000000003,23.425,5.855,314.8329166666667,1.235,8.325000000000001,258.555,1.1291666666666669,9.364583333333334,246.6695833333333,96.64583333333331,87.675,0.0,24.133750000000003,1008.8,6.64,0.55625,0.0,0.0
PPR,Point Peron,March 7,"2021, 1 p.m.",7-Mar-21   1 p.m.,2,Windy,"Surgey,veg soup,25c",2021,1 PM,March 7 2021 1 PM,2021-03-07 13:00:00,2021-03-07 13:00:00+08:00,2021-03-07 05:00:00+00:00,2021-03-07,05:00:00,668,2021-03-07,22.76,22.96291666666667,5.6825,146.42166666666665,2.1395833333333334,12.985833333333334,239.6891666666667,2.10125,13.353333333333332,241.38291666666663,63.16666666666666,74.46666666666667,0.0,24.13625,1014.1579166666668,8.505833333333333,0.5383333333333333,22.76,22.96291666666667,5.6825,146.42166666666665,2.1395833333333334,12.985833333333334,239.6891666666667,2.10125,13.353333333333332,241.38291666666663,63.16666666666666,74.46666666666667,0.0,24.13625,1014.1579166666668,8.505833333333333,0.5383333333333333,22.76,22.96291666666667,5.6825,146.42166666666665,2.1395833333333334,12.985833333333334,239.6891666666667,2.10125,13.353333333333332,241.38291666666663,63.16666666666666,74.46666666666667,0.0,24.13625,1014.1579166666668,8.505833333333333,0.5383333333333333,0.0,0.14
STA,Staggie Reef,March 6,"2021, 9 a.m.",6-Mar-21   9 a.m.,16,Fair,"Gemini Wrk, Better deeper 23c",2021,9 AM,March 6 2021 9 AM,2021-03-06 09:00:00,2021-03-06 09:00:00+08:00,2021-03-06 01:00:00+00:00,2021-03-06,01:00:00,669,2021-03-06,22.68208333333333,23.721666666666668,5.734166666666667,163.85041666666666,1.9179166666666667,12.109583333333331,231.47833333333327,1.8741666666666663,12.57625,233.465,59.1875,80.59166666666667,0.0,24.13583333333333,1012.7279166666668,6.34125,0.62375,22.68208333333333,23.721666666666668,5.734166666666667,163.85041666666666,1.9179166666666667,12.109583333333331,231.47833333333327,1.8741666666666663,12.57625,233.465,59.1875,80.59166666666667,0.0,24.13583333333333,1012.7279166666668,6.34125,0.62375,22.68208333333333,23.721666666666668,5.734166666666667,163.85041666666666,1.9179166666666667,12.109583333333331,231.47833333333327,1.8741666666666663,12.57625,233.465,59.1875,80.59166666666667,0.0,24.13583333333333,1012.7279166666668,6.34125,0.62375,0.0999999999999999,1.28
AMJ,Ammo Jetty,March 3,"2021, 10 a.m.",3-Mar-21   10 a.m.,1,Glassy,Like mud. Came in from the NW.,2021,10 AM,March 3 2021 10 AM,2021-03-03 10:00:00,2021-03-03 10:00:00+08:00,2021-03-03 02:00:00+00:00,2021-03-03,02:00:00,670,2021-03-03,22.971666666666668,23.232083333333332,6.198333333333333,127.26958333333334,0.9804166666666668,8.3225,290.82166666666666,0.84,9.852916666666667,273.11375,66.33333333333333,73.81666666666666,24.68,17.018333333333334,1007.6875,11.812083333333334,0.6483333333333333,22.971666666666668,23.232083333333332,6.198333333333333,127.26958333333334,0.9804166666666668,8.3225,290.82166666666666,0.84,9.852916666666667,273.11375,66.33333333333333,73.81666666666666,24.68,17.018333333333334,1007.6875,11.812083333333334,0.6483333333333333,22.971666666666668,23.232083333333332,6.198333333333333,127.26958333333334,0.9804166666666668,8.3225,290.82166666666666,0.84,9.852916666666667,273.11375,66.33333333333333,73.81666666666666,24.68,17.018333333333334,1007.6875,11.812083333333334,0.6483333333333333,7.66,8.92
AMJ,Ammo Jetty,March 3,"2021, 9 a.m.",3-Mar-21   9 a.m.,5,Glassy,"Calm, perfect",2021,9 AM,March 3 2021 9 AM,2021-03-03 09:00:00,2021-03-03 09:00:00+08:00,2021-03-03 01:00:00+00:00,2021-03-03,01:00:00,671,2021-03-03,22.971666666666668,23.232083333333332,6.198333333333333,127.26958333333334,0.9804166666666668,8.3225,290.82166666666666,0.84,9.852916666666667,273.11375,66.33333333333333,73.81666666666666,24.68,17.018333333333334,1007.6875,11.812083333333334,0.6483333333333333,22.971666666666668,23.232083333333332,6.198333333333333,127.26958333333334,0.9804166666666668,8.3225,290.82166666666666,0.84,9.852916666666667,273.11375,66.33333333333333,73.81666666666666,24.68,17.018333333333334,1007.6875,11.812083333333334,0.6483333333333333,22.971666666666668,23.232083333333332,6.198333333333333,127.26958333333334,0.9804166666666668,8.3225,290.82166666666666,0.84,9.852916666666667,273.11375,66.33333333333333,73.81666666666666,24.68,17.018333333333334,1007.6875,11.812083333333334,0.6483333333333333,5.26,6.82
NMF,North Mole Fremantle,Feb. 27,"2021, 8 p.m.",27-Feb-21   8 p.m.,8,Fair,"24-25c no current,small swell",2021,8 PM,Feb 27 2021 8 PM,2021-02-27 20:00:00,2021-02-27 20:00:00+08:00,2021-02-27 12:00:00+00:00,2021-02-27,12:00:00,672,2021-02-27,22.071250000000003,21.750833333333333,8.206249999999999,150.79166666666666,2.3995833333333336,12.895416666666668,220.63166666666663,2.2608333333333333,14.015,225.68291666666667,86.64583333333333,67.30833333333334,0.0,24.13416666666667,1009.69,10.532916666666669,0.3108333333333333,22.071250000000003,21.750833333333333,8.206249999999999,150.79166666666666,2.3995833333333336,12.895416666666668,220.63166666666663,2.2608333333333333,14.015,225.68291666666667,86.64583333333333,67.30833333333334,0.0,24.13416666666667,1009.69,10.532916666666669,0.3108333333333333,22.071250000000003,21.750833333333333,8.206249999999999,150.79166666666666,2.3995833333333336,12.895416666666668,220.63166666666663,2.2608333333333333,14.015,225.68291666666667,86.64583333333333,67.30833333333334,0.0,24.13416666666667,1009.69,10.532916666666669,0.3108333333333333,0.0,0.0
WOO,Woodman Point,Feb. 23,"2021, 9 a.m.",23-Feb-21   9 a.m.,3,Glassy,22C,2021,9 AM,Feb 23 2021 9 AM,2021-02-23 09:00:00,2021-02-23 09:00:00+08:00,2021-02-23 01:00:00+00:00,2021-02-23,01:00:00,673,2021-02-23,24.8625,22.44125,4.1125,191.3995833333333,1.1825,9.824166666666668,221.49875,1.1525,10.160416666666666,223.00375,0.0,63.4125,0.0,24.13416666666667,1014.2904166666668,7.315,0.3,24.8625,22.44125,4.1125,191.3995833333333,1.1825,9.824166666666668,221.49875,1.1525,10.160416666666666,223.00375,0.0,63.4125,0.0,24.13416666666667,1014.2904166666668,7.315,0.3,24.8625,22.44125,4.1125,191.3995833333333,1.1825,9.824166666666668,221.49875,1.1525,10.160416666666666,223.00375,0.0,63.4125,0.0,24.13416666666667,1014.2904166666668,7.315,0.3,0.0,0.0
RKM,Rockingham Dive Trail,Feb. 18,"2021, 9 a.m.",18-Feb-21   9 a.m.,8,Windy,Max depth 12m,2021,9 AM,Feb 18 2021 9 AM,2021-02-18 09:00:00,2021-02-18 09:00:00+08:00,2021-02-18 01:00:00+00:00,2021-02-18,01:00:00,674,2021-02-18,17.536666666666665,22.162916666666664,9.291666666666666,180.1825,3.0475,10.477083333333333,235.9545833333333,2.737083333333333,11.45,240.44916666666663,0.2916666666666667,65.325,0.0,24.13625,1016.50875,11.342083333333331,0.37,17.536666666666665,22.162916666666664,9.291666666666666,180.1825,3.0475,10.477083333333333,235.9545833333333,2.737083333333333,11.45,240.44916666666663,0.2916666666666667,65.325,0.0,24.13625,1016.50875,11.342083333333331,0.37,17.536666666666665,22.162916666666664,9.291666666666666,180.1825,3.0475,10.477083333333333,235.9545833333333,2.737083333333333,11.45,240.44916666666663,0.2916666666666667,65.325,0.0,24.13625,1016.50875,11.342083333333331,0.37,0.0,0.0
FRE,South Fremantle,Feb. 17,"2021, 5 a.m.",17-Feb-21   5 a.m.,3,Fair,"South Mole, sml surge by wall",2021,5 AM,Feb 17 2021 5 AM,2021-02-17 05:00:00,2021-02-17 05:00:00+08:00,2021-02-16 21:00:00+00:00,2021-02-16,21:00:00,675,2021-02-16,21.484166666666667,21.805833333333336,8.1625,199.3216666666667,2.1266666666666665,10.26,221.70375,1.8591666666666664,12.032083333333333,227.05208333333331,7.479166666666667,84.36666666666666,0.0,24.136666666666667,1007.73375,8.583333333333334,0.3483333333333333,21.484166666666667,21.805833333333336,8.1625,199.3216666666667,2.1266666666666665,10.26,221.70375,1.8591666666666664,12.032083333333333,227.05208333333331,7.479166666666667,84.36666666666666,0.0,24.136666666666667,1007.73375,8.583333333333334,0.3483333333333333,21.484166666666667,21.805833333333336,8.1625,199.3216666666667,2.1266666666666665,10.26,221.70375,1.8591666666666664,12.032083333333333,227.05208333333331,7.479166666666667,84.36666666666666,0.0,24.136666666666667,1007.73375,8.583333333333334,0.3483333333333333,0.0,0.0
WAT,Watermans/North Beach,Feb. 14,"2021, 9 a.m.",14-Feb-21   9 a.m.,4,Fair,MAAC,2021,9 AM,Feb 14 2021 9 AM,2021-02-14 09:00:00,2021-02-14 09:00:00+08:00,2021-02-14 01:00:00+00:00,2021-02-14,01:00:00,676,2021-02-14,24.66708333333333,21.93125,3.940833333333333,161.22375,1.805,12.361666666666666,217.77041666666665,1.7825,12.614166666666668,218.68291666666667,46.91666666666666,59.89166666666667,0.0,24.13875,1011.1320833333332,6.327500000000001,0.30375,24.66708333333333,21.93125,3.940833333333333,161.22375,1.805,12.361666666666666,217.77041666666665,1.7825,12.614166666666668,218.68291666666667,46.91666666666666,59.89166666666667,0.0,24.13875,1011.1320833333332,6.327500000000001,0.30375,24.66708333333333,21.93125,3.940833333333333,161.22375,1.805,12.361666666666666,217.77041666666665,1.7825,12.614166666666668,218.68291666666667,46.91666666666666,59.89166666666667,0.0,24.13875,1011.1320833333332,6.327500000000001,0.30375,0.0,0.0
AMJ,Ammo Jetty,Feb. 14,"2021, 9 a.m.",14-Feb-21   9 a.m.,3,Fair,-,2021,9 AM,Feb 14 2021 9 AM,2021-02-14 09:00:00,2021-02-14 09:00:00+08:00,2021-02-14 01:00:00+00:00,2021-02-14,01:00:00,677,2021-02-14,29.00916666666667,21.90958333333333,3.937083333333333,149.15208333333334,1.5920833333333333,12.4425,223.43625,1.5708333333333335,12.705833333333333,224.36,57.083333333333336,25.791666666666668,0.0,24.13875,1011.2854166666666,7.084583333333334,0.2979166666666666,29.00916666666667,21.90958333333333,3.937083333333333,149.15208333333334,1.5920833333333333,12.4425,223.43625,1.5708333333333335,12.705833333333333,224.36,57.083333333333336,25.791666666666668,0.0,24.13875,1011.2854166666666,7.084583333333334,0.2979166666666666,29.00916666666667,21.90958333333333,3.937083333333333,149.15208333333334,1.5920833333333333,12.4425,223.43625,1.5708333333333335,12.705833333333333,224.36,57.083333333333336,25.791666666666668,0.0,24.13875,1011.2854166666666,7.084583333333334,0.2979166666666666,0.0,0.0
CMT,Coogee Maritime Trail,Feb. 14,"2021, 9 a.m.",14-Feb-21   9 a.m.,10,Fair,-,2021,9 AM,Feb 14 2021 9 AM,2021-02-14 09:00:00,2021-02-14 09:00:00+08:00,2021-02-14 01:00:00+00:00,2021-02-14,01:00:00,678,2021-02-14,29.00916666666667,21.90958333333333,3.937083333333333,149.15208333333334,1.5920833333333333,12.4425,223.43625,1.5708333333333335,12.705833333333333,224.36,57.083333333333336,25.791666666666668,0.0,24.13875,1011.2854166666666,7.084583333333334,0.2979166666666666,29.00916666666667,21.90958333333333,3.937083333333333,149.15208333333334,1.5920833333333333,12.4425,223.43625,1.5708333333333335,12.705833333333333,224.36,57.083333333333336,25.791666666666668,0.0,24.13875,1011.2854166666666,7.084583333333334,0.2979166666666666,29.00916666666667,21.90958333333333,3.937083333333333,149.15208333333334,1.5920833333333333,12.4425,223.43625,1.5708333333333335,12.705833333333333,224.36,57.083333333333336,25.791666666666668,0.0,24.13875,1011.2854166666666,7.084583333333334,0.2979166666666666,0.0,0.0
AMJ,Ammo Jetty,Feb. 13,"2021, 8 a.m.",13-Feb-21   8 a.m.,8,Fair,Brilliant conditions. Calm.,2021,8 AM,Feb 13 2021 8 AM,2021-02-13 08:00:00,2021-02-13 08:00:00+08:00,2021-02-13 00:00:00+00:00,2021-02-13,00:00:00,679,2021-02-13,28.684166666666663,21.41708333333333,5.702083333333333,146.16625000000002,2.01,11.805,217.685,1.9441666666666664,12.359166666666669,219.76083333333332,66.875,26.504166666666663,0.0,24.1375,1011.8741666666666,7.472083333333334,0.26375,28.684166666666663,21.41708333333333,5.702083333333333,146.16625000000002,2.01,11.805,217.685,1.9441666666666664,12.359166666666669,219.76083333333332,66.875,26.504166666666663,0.0,24.1375,1011.8741666666666,7.472083333333334,0.26375,28.684166666666663,21.41708333333333,5.702083333333333,146.16625000000002,2.01,11.805,217.685,1.9441666666666664,12.359166666666669,219.76083333333332,66.875,26.504166666666663,0.0,24.1375,1011.8741666666666,7.472083333333334,0.26375,0.0,0.0
AMJ,Ammo Jetty,Feb. 6,"2021, 10 a.m.",6-Feb-21   10 a.m.,4,Glassy,Via Dolphin Scuba,2021,10 AM,Feb 6 2021 10 AM,2021-02-06 10:00:00,2021-02-06 10:00:00+08:00,2021-02-06 02:00:00+00:00,2021-02-06,02:00:00,680,2021-02-06,20.3525,22.0175,10.912916666666668,106.90583333333332,1.9254166666666668,9.015833333333331,166.42625,1.3866666666666667,13.194583333333334,215.71291666666664,92.5,57.23333333333333,11.3,20.550833333333333,1006.1245833333334,14.529583333333331,0.1683333333333333,20.3525,22.0175,10.912916666666668,106.90583333333332,1.9254166666666668,9.015833333333331,166.42625,1.3866666666666667,13.194583333333334,215.71291666666664,92.5,57.23333333333333,11.3,20.550833333333333,1006.1245833333334,14.529583333333331,0.1683333333333333,20.3525,22.0175,10.912916666666668,106.90583333333332,1.9254166666666668,9.015833333333331,166.42625,1.3866666666666667,13.194583333333334,215.71291666666664,92.5,57.23333333333333,11.3,20.550833333333333,1006.1245833333334,14.529583333333331,0.1683333333333333,0.21,0.21
WAT,Watermans/North Beach,Jan. 30,"2021, 11 a.m.",30-Jan-21   11 a.m.,1,Rough,Poor visibility,2021,11 AM,Jan 30 2021 11 AM,2021-01-30 11:00:00,2021-01-30 11:00:00+08:00,2021-01-30 03:00:00+00:00,2021-01-30,03:00:00,681,2021-01-30,23.94,23.19833333333333,7.185,136.0975,2.2258333333333336,11.722500000000002,216.40416666666667,2.130416666666666,12.469583333333333,220.58541666666667,0.0,61.05416666666667,0.0,24.13625,1010.3966666666666,9.944166666666666,0.395,23.94,23.19833333333333,7.185,136.0975,2.2258333333333336,11.722500000000002,216.40416666666667,2.130416666666666,12.469583333333333,220.58541666666667,0.0,61.05416666666667,0.0,24.13625,1010.3966666666666,9.944166666666666,0.395,23.94,23.19833333333333,7.185,136.0975,2.2258333333333336,11.722500000000002,216.40416666666667,2.130416666666666,12.469583333333333,220.58541666666667,0.0,61.05416666666667,0.0,24.13625,1010.3966666666666,9.944166666666666,0.395,0.0,0.0
CMT,Coogee Maritime Trail,Jan. 30,"2021, 9 a.m.",30-Jan-21   9 a.m.,3,Glassy,"Great conditions, light SEwind",2021,9 AM,Jan 30 2021 9 AM,2021-01-30 09:00:00,2021-01-30 09:00:00+08:00,2021-01-30 01:00:00+00:00,2021-01-30,01:00:00,682,2021-01-30,27.770416666666662,23.300833333333333,6.403333333333333,133.85125,1.981666666666667,11.844166666666666,222.45541666666668,1.9079166666666667,12.46,226.09916666666663,0.0,23.3125,0.0,24.13625,1010.5766666666668,9.632083333333332,0.3841666666666667,27.770416666666662,23.300833333333333,6.403333333333333,133.85125,1.981666666666667,11.844166666666666,222.45541666666668,1.9079166666666667,12.46,226.09916666666663,0.0,23.3125,0.0,24.13625,1010.5766666666668,9.632083333333332,0.3841666666666667,27.770416666666662,23.300833333333333,6.403333333333333,133.85125,1.981666666666667,11.844166666666666,222.45541666666668,1.9079166666666667,12.46,226.09916666666663,0.0,23.3125,0.0,24.13625,1010.5766666666668,9.632083333333332,0.3841666666666667,0.0,0.0
HAM,Hamelin Bay,Jan. 27,"2021, 10 a.m.",27-Jan-21   10 a.m.,1,Windy,"Swell and Rain, very low Vis",2021,10 AM,Jan 27 2021 10 AM,2021-01-27 10:00:00,2021-01-27 10:00:00+08:00,2021-01-27 02:00:00+00:00,2021-01-27,02:00:00,683,2021-01-27,17.294999999999998,21.75958333333333,7.515,154.85208333333333,1.82125,6.46,225.7720833333333,1.6933333333333334,8.083333333333334,230.0920833333333,4.229166666666667,67.425,0.0,24.135,1014.1041666666666,9.28625,0.47125,17.294999999999998,21.75958333333333,7.515,154.85208333333333,1.82125,6.46,225.7720833333333,1.6933333333333334,8.083333333333334,230.0920833333333,4.229166666666667,67.425,0.0,24.135,1014.1041666666666,9.28625,0.47125,17.294999999999998,21.75958333333333,7.515,154.85208333333333,1.82125,6.46,225.7720833333333,1.6933333333333334,8.083333333333334,230.0920833333333,4.229166666666667,67.425,0.0,24.135,1014.1041666666666,9.28625,0.47125,1.08,1.09
BSJ,Busselton Jetty,Jan. 27,"2021, 10 a.m.",27-Jan-21   10 a.m.,12,Fair,"Light Westerley wind,",2021,10 AM,Jan 27 2021 10 AM,2021-01-27 10:00:00,2021-01-27 10:00:00+08:00,2021-01-27 02:00:00+00:00,2021-01-27,02:00:00,684,2021-01-27,18.566666666666663,22.78708333333333,8.040416666666667,163.39,1.835,5.713333333333334,226.39291666666668,1.5512499999999998,7.934583333333333,235.23916666666665,5.604166666666667,59.28333333333333,0.0,24.135,1013.2258333333332,9.806666666666668,0.4691666666666667,18.566666666666663,22.78708333333333,8.040416666666667,163.39,1.835,5.713333333333334,226.39291666666668,1.5512499999999998,7.934583333333333,235.23916666666665,5.604166666666667,59.28333333333333,0.0,24.135,1013.2258333333332,9.806666666666668,0.4691666666666667,18.566666666666663,22.78708333333333,8.040416666666667,163.39,1.835,5.713333333333334,226.39291666666668,1.5512499999999998,7.934583333333333,235.23916666666665,5.604166666666667,59.28333333333333,0.0,24.135,1013.2258333333332,9.806666666666668,0.4691666666666667,0.0,0.0
CMT,Coogee Maritime Trail,Jan. 27,"2021, 9 a.m.",27-Jan-21   9 a.m.,5,Fair,-,2021,9 AM,Jan 27 2021 9 AM,2021-01-27 09:00:00,2021-01-27 09:00:00+08:00,2021-01-27 01:00:00+00:00,2021-01-27,01:00:00,685,2021-01-27,20.835416666666667,23.496666666666663,10.67875,170.65166666666667,2.0470833333333336,7.286666666666666,210.2575,1.31125,10.028333333333334,233.9466666666667,8.604166666666666,45.50416666666666,0.0,24.135,1011.30125,8.5775,0.4616666666666666,20.835416666666667,23.496666666666663,10.67875,170.65166666666667,2.0470833333333336,7.286666666666666,210.2575,1.31125,10.028333333333334,233.9466666666667,8.604166666666666,45.50416666666666,0.0,24.135,1011.30125,8.5775,0.4616666666666666,20.835416666666667,23.496666666666663,10.67875,170.65166666666667,2.0470833333333336,7.286666666666666,210.2575,1.31125,10.028333333333334,233.9466666666667,8.604166666666666,45.50416666666666,0.0,24.135,1011.30125,8.5775,0.4616666666666666,0.0,0.0
BUL,Bulk Jetty,Jan. 26,"2021, 10 a.m.",26-Jan-21   10 a.m.,4,Fair,-,2021,10 AM,Jan 26 2021 10 AM,2021-01-26 10:00:00,2021-01-26 10:00:00+08:00,2021-01-26 02:00:00+00:00,2021-01-26,02:00:00,686,2021-01-26,20.92458333333333,22.396666666666665,7.043333333333333,208.2458333333333,1.2870833333333334,7.067916666666666,238.60541666666663,1.0425,8.541666666666666,250.2370833333333,28.39583333333333,55.425,0.0,24.13791666666667,1007.88125,7.062083333333334,0.4695833333333333,20.92458333333333,22.396666666666665,7.043333333333333,208.2458333333333,1.2870833333333334,7.067916666666666,238.60541666666663,1.0425,8.541666666666666,250.2370833333333,28.39583333333333,55.425,0.0,24.13791666666667,1007.88125,7.062083333333334,0.4695833333333333,20.92458333333333,22.396666666666665,7.043333333333333,208.2458333333333,1.2870833333333334,7.067916666666666,238.60541666666663,1.0425,8.541666666666666,250.2370833333333,28.39583333333333,55.425,0.0,24.13791666666667,1007.88125,7.062083333333334,0.4695833333333333,0.0,0.0
AMJ,Ammo Jetty,Jan. 26,"2021, 8 a.m.",26-Jan-21   8 a.m.,2,Fair,"Vis ok further out, stingers",2021,8 AM,Jan 26 2021 8 AM,2021-01-26 08:00:00,2021-01-26 08:00:00+08:00,2021-01-26 00:00:00+00:00,2021-01-26,00:00:00,687,2021-01-26,20.92458333333333,22.7,7.853750000000001,205.3383333333333,1.4475,6.901666666666666,229.37125,1.05375,8.86875,243.87958333333333,28.39583333333333,55.425,0.0,24.13791666666667,1007.88125,7.062083333333334,0.4720833333333333,20.92458333333333,22.7,7.853750000000001,205.3383333333333,1.4475,6.901666666666666,229.37125,1.05375,8.86875,243.87958333333333,28.39583333333333,55.425,0.0,24.13791666666667,1007.88125,7.062083333333334,0.4720833333333333,20.92458333333333,22.7,7.853750000000001,205.3383333333333,1.4475,6.901666666666666,229.37125,1.05375,8.86875,243.87958333333333,28.39583333333333,55.425,0.0,24.13791666666667,1007.88125,7.062083333333334,0.4720833333333333,0.0,0.05
CMT,Coogee Maritime Trail,Jan. 25,"2021, 9 a.m.",25-Jan-21   9 a.m.,5,Fair,Good around the wreck and wall,2021,9 AM,Jan 25 2021 9 AM,2021-01-25 09:00:00,2021-01-25 09:00:00+08:00,2021-01-25 01:00:00+00:00,2021-01-25,01:00:00,688,2021-01-25,21.74208333333333,22.37125,5.847916666666666,182.69041666666664,1.625,8.894583333333333,231.86,1.525,9.552916666666668,235.85916666666665,4.666666666666667,52.7125,0.0,24.135416666666668,1008.3083333333334,4.545416666666667,0.4679166666666667,21.74208333333333,22.37125,5.847916666666666,182.69041666666664,1.625,8.894583333333333,231.86,1.525,9.552916666666668,235.85916666666665,4.666666666666667,52.7125,0.0,24.135416666666668,1008.3083333333334,4.545416666666667,0.4679166666666667,21.74208333333333,22.37125,5.847916666666666,182.69041666666664,1.625,8.894583333333333,231.86,1.525,9.552916666666668,235.85916666666665,4.666666666666667,52.7125,0.0,24.135416666666668,1008.3083333333334,4.545416666666667,0.4679166666666667,0.02,0.15
AMJ,Ammo Jetty,Jan. 24,"2021, 8 a.m.",24-Jan-21   8 a.m.,2,Glassy,very milky,2021,8 AM,Jan 24 2021 8 AM,2021-01-24 08:00:00,2021-01-24 08:00:00+08:00,2021-01-24 00:00:00+00:00,2021-01-24,00:00:00,689,2021-01-24,21.195833333333333,23.110416666666666,6.937083333333334,200.26791666666668,2.0454166666666667,10.765833333333331,239.42291666666665,1.9270833333333333,11.649166666666666,242.83041666666668,11.354166666666666,57.29583333333333,0.1,24.13791666666667,1007.5545833333334,5.87625,0.3770833333333334,21.195833333333333,23.110416666666666,6.937083333333334,200.26791666666668,2.0454166666666667,10.765833333333331,239.42291666666665,1.9270833333333333,11.649166666666666,242.83041666666668,11.354166666666666,57.29583333333333,0.1,24.13791666666667,1007.5545833333334,5.87625,0.3770833333333334,21.195833333333333,23.110416666666666,6.937083333333334,200.26791666666668,2.0454166666666667,10.765833333333331,239.42291666666665,1.9270833333333333,11.649166666666666,242.83041666666668,11.354166666666666,57.29583333333333,0.1,24.13791666666667,1007.5545833333334,5.87625,0.3770833333333334,0.1,0.1
AMJ,Ammo Jetty,Jan. 23,"2021, 9 a.m.",23-Jan-21   9 a.m.,3,Windy,Very milky,2021,9 AM,Jan 23 2021 9 AM,2021-01-23 09:00:00,2021-01-23 09:00:00+08:00,2021-01-23 01:00:00+00:00,2021-01-23,01:00:00,690,2021-01-23,23.330416666666665,23.03,6.855416666666667,220.6725,1.7929166666666667,9.8025,233.1925,1.5679166666666668,11.330416666666666,236.68958333333333,13.229166666666666,61.35,0.05,24.13791666666667,1003.1229166666668,6.013333333333333,0.38125,23.330416666666665,23.03,6.855416666666667,220.6725,1.7929166666666667,9.8025,233.1925,1.5679166666666668,11.330416666666666,236.68958333333333,13.229166666666666,61.35,0.05,24.13791666666667,1003.1229166666668,6.013333333333333,0.38125,23.330416666666665,23.03,6.855416666666667,220.6725,1.7929166666666667,9.8025,233.1925,1.5679166666666668,11.330416666666666,236.68958333333333,13.229166666666666,61.35,0.05,24.13791666666667,1003.1229166666668,6.013333333333333,0.38125,0.0,0.0
SWA,Ex-HMAS Swan Wreck,Jan. 23,"2021, 9 a.m.",23-Jan-21   9 a.m.,20,Fair,-,2021,9 AM,Jan 23 2021 9 AM,2021-01-23 09:00:00,2021-01-23 09:00:00+08:00,2021-01-23 01:00:00+00:00,2021-01-23,01:00:00,691,2021-01-23,20.273333333333333,22.130416666666665,6.583333333333333,230.69625,1.7466666666666668,6.239166666666667,240.31916666666663,1.5170833333333331,10.193333333333332,241.75666666666663,39.54166666666666,78.5125,0.13,23.94666666666667,1003.7008333333332,8.675416666666667,0.3820833333333333,20.273333333333333,22.130416666666665,6.583333333333333,230.69625,1.7466666666666668,6.239166666666667,240.31916666666663,1.5170833333333331,10.193333333333332,241.75666666666663,39.54166666666666,78.5125,0.13,23.94666666666667,1003.7008333333332,8.675416666666667,0.3820833333333333,20.273333333333333,22.130416666666665,6.583333333333333,230.69625,1.7466666666666668,6.239166666666667,240.31916666666663,1.5170833333333331,10.193333333333332,241.75666666666663,39.54166666666666,78.5125,0.13,23.94666666666667,1003.7008333333332,8.675416666666667,0.3820833333333333,0.0,0.0
RTS,Rottnest South,Jan. 20,"2021, 11 a.m.",20-Jan-21   11 a.m.,15,Fair,21C,2021,11 AM,Jan 20 2021 11 AM,2021-01-20 11:00:00,2021-01-20 11:00:00+08:00,2021-01-20 03:00:00+00:00,2021-01-20,03:00:00,692,2021-01-20,22.82625,23.18166666666667,7.74625,199.07083333333333,1.4920833333333334,7.5879166666666675,219.125,1.03375,9.539583333333333,233.97083333333333,0.0,80.71666666666667,0.0,24.136666666666667,1010.0066666666668,9.542083333333332,0.4820833333333333,22.82625,23.18166666666667,7.74625,199.07083333333333,1.4920833333333334,7.5879166666666675,219.125,1.03375,9.539583333333333,233.97083333333333,0.0,80.71666666666667,0.0,24.136666666666667,1010.0066666666668,9.542083333333332,0.4820833333333333,22.82625,23.18166666666667,7.74625,199.07083333333333,1.4920833333333334,7.5879166666666675,219.125,1.03375,9.539583333333333,233.97083333333333,0.0,80.71666666666667,0.0,24.136666666666667,1010.0066666666668,9.542083333333332,0.4820833333333333,0.21,0.31
KGT,Kwinana Grain Terminal,Jan. 20,"2021, 9 a.m.",20-Jan-21   9 a.m.,7,Glassy,"22C, occys, cuttlefish, nudis",2021,9 AM,Jan 20 2021 9 AM,2021-01-20 09:00:00,2021-01-20 09:00:00+08:00,2021-01-20 01:00:00+00:00,2021-01-20,01:00:00,693,2021-01-20,22.602083333333336,23.180833333333336,6.82875,199.035,1.2775,7.682916666666666,224.28916666666663,1.018333333333333,9.099166666666669,234.70416666666665,0.0,79.2,0.0,24.136666666666667,1010.4058333333334,10.450833333333334,0.4791666666666667,22.602083333333336,23.180833333333336,6.82875,199.035,1.2775,7.682916666666666,224.28916666666663,1.018333333333333,9.099166666666669,234.70416666666665,0.0,79.2,0.0,24.136666666666667,1010.4058333333334,10.450833333333334,0.4791666666666667,22.602083333333336,23.180833333333336,6.82875,199.035,1.2775,7.682916666666666,224.28916666666663,1.018333333333333,9.099166666666669,234.70416666666665,0.0,79.2,0.0,24.136666666666667,1010.4058333333334,10.450833333333334,0.4791666666666667,0.64,0.64
HIL,Hillarys,Jan. 19,"2021, 6 p.m.",19-Jan-21   6 p.m.,15,Fair,"BiaBR,25c,waves,NoSurge,10/10",2021,6 PM,Jan 19 2021 6 PM,2021-01-19 18:00:00,2021-01-19 18:00:00+08:00,2021-01-19 10:00:00+00:00,2021-01-19,10:00:00,694,2021-01-19,22.93625,23.17083333333333,3.856666666666667,226.94000000000003,1.1541666666666666,11.264166666666666,229.18375,1.1325,11.592916666666667,229.21416666666667,2.3125,83.47500000000001,0.21,24.133333333333336,1009.3404166666666,4.55875,0.3933333333333333,22.93625,23.17083333333333,3.856666666666667,226.94000000000003,1.1541666666666666,11.264166666666666,229.18375,1.1325,11.592916666666667,229.21416666666667,2.3125,83.47500000000001,0.21,24.133333333333336,1009.3404166666666,4.55875,0.3933333333333333,22.93625,23.17083333333333,3.856666666666667,226.94000000000003,1.1541666666666666,11.264166666666666,229.18375,1.1325,11.592916666666667,229.21416666666667,2.3125,83.47500000000001,0.21,24.133333333333336,1009.3404166666666,4.55875,0.3933333333333333,0.31,0.41
ROB,Robbs Jetty,Jan. 17,"2021, 11 a.m.",17-Jan-21   11 a.m.,10,Glassy,24c. Easily stirred up,2021,11 AM,Jan 17 2021 11 AM,2021-01-17 11:00:00,2021-01-17 11:00:00+08:00,2021-01-17 03:00:00+00:00,2021-01-17,03:00:00,695,2021-01-17,29.5625,22.084166666666665,6.694166666666667,94.85916666666668,1.0891666666666666,8.832083333333333,176.03125,0.8629166666666667,11.365416666666668,216.1220833333333,12.916666666666666,19.066666666666663,0.0,24.133750000000003,1014.4479166666666,10.772916666666667,0.3758333333333333,29.5625,22.084166666666665,6.694166666666667,94.85916666666668,1.0891666666666666,8.832083333333333,176.03125,0.8629166666666667,11.365416666666668,216.1220833333333,12.916666666666666,19.066666666666663,0.0,24.133750000000003,1014.4479166666666,10.772916666666667,0.3758333333333333,29.5625,22.084166666666665,6.694166666666667,94.85916666666668,1.0891666666666666,8.832083333333333,176.03125,0.8629166666666667,11.365416666666668,216.1220833333333,12.916666666666666,19.066666666666663,0.0,24.133750000000003,1014.4479166666666,10.772916666666667,0.3758333333333333,0.0,0.0
RKM,Rockingham Dive Trail,Jan. 16,"2021, 10 a.m.",16-Jan-21   10 a.m.,4,Fair,-,2021,10 AM,Jan 16 2021 10 AM,2021-01-16 10:00:00,2021-01-16 10:00:00+08:00,2021-01-16 02:00:00+00:00,2021-01-16,02:00:00,696,2021-01-16,23.576666666666668,21.861666666666665,7.715833333333333,92.97458333333331,1.0566666666666666,7.56125,155.01791666666665,0.7520833333333333,11.236666666666666,221.5404166666667,0.0,55.65833333333333,0.0,24.135416666666668,1016.3104166666668,11.17375,0.2975,23.576666666666668,21.861666666666665,7.715833333333333,92.97458333333331,1.0566666666666666,7.56125,155.01791666666665,0.7520833333333333,11.236666666666666,221.5404166666667,0.0,55.65833333333333,0.0,24.135416666666668,1016.3104166666668,11.17375,0.2975,23.576666666666668,21.861666666666665,7.715833333333333,92.97458333333331,1.0566666666666666,7.56125,155.01791666666665,0.7520833333333333,11.236666666666666,221.5404166666667,0.0,55.65833333333333,0.0,24.135416666666668,1016.3104166666668,11.17375,0.2975,0.0,0.0
RKM,Rockingham Dive Trail,Jan. 15,"2021, 6 p.m.",15-Jan-21   6 p.m.,4,Fair,<[email protected],2021,6 PM,Jan 15 2021 6 PM,2021-01-15 18:00:00,2021-01-15 18:00:00+08:00,2021-01-15 10:00:00+00:00,2021-01-15,10:00:00,697,2021-01-15,22.5875,21.990416666666665,9.3275,101.21583333333332,1.4125,7.699583333333333,155.69625,0.9679166666666666,11.76,222.3658333333333,0.0,60.13333333333333,0.0,24.13208333333333,1017.1566666666666,11.649583333333332,0.28625,22.5875,21.990416666666665,9.3275,101.21583333333332,1.4125,7.699583333333333,155.69625,0.9679166666666666,11.76,222.3658333333333,0.0,60.13333333333333,0.0,24.13208333333333,1017.1566666666666,11.649583333333332,0.28625,22.5875,21.990416666666665,9.3275,101.21583333333332,1.4125,7.699583333333333,155.69625,0.9679166666666666,11.76,222.3658333333333,0.0,60.13333333333333,0.0,24.13208333333333,1017.1566666666666,11.649583333333332,0.28625,0.0,0.0
CAM,Camilla Wreck,Jan. 13,"2021, 10 a.m.",13-Jan-21   10 a.m.,4,Fair,-,2021,10 AM,Jan 13 2021 10 AM,2021-01-13 10:00:00,2021-01-13 10:00:00+08:00,2021-01-13 02:00:00+00:00,2021-01-13,02:00:00,698,2021-01-13,24.59208333333333,22.211250000000003,8.078333333333333,139.78833333333333,1.8479166666666669,10.325416666666667,211.18791666666667,1.6791666666666665,11.6925,221.69208333333333,28.64583333333333,35.24583333333333,0.0,24.137083333333333,1016.3404166666666,11.150416666666668,0.2654166666666667,24.59208333333333,22.211250000000003,8.078333333333333,139.78833333333333,1.8479166666666669,10.325416666666667,211.18791666666667,1.6791666666666665,11.6925,221.69208333333333,28.64583333333333,35.24583333333333,0.0,24.137083333333333,1016.3404166666666,11.150416666666668,0.2654166666666667,24.59208333333333,22.211250000000003,8.078333333333333,139.78833333333333,1.8479166666666669,10.325416666666667,211.18791666666667,1.6791666666666665,11.6925,221.69208333333333,28.64583333333333,35.24583333333333,0.0,24.137083333333333,1016.3404166666666,11.150416666666668,0.2654166666666667,0.0,0.0
RNN,Rottnest North,Jan. 11,"2021, 9 a.m.",11-Jan-21   9 a.m.,25,Fair,@NorthPoint.<[email protected],2021,9 AM,Jan 11 2021 9 AM,2021-01-11 09:00:00,2021-01-11 09:00:00+08:00,2021-01-11 01:00:00+00:00,2021-01-11,01:00:00,699,2021-01-11,20.860416666666666,23.224166666666665,7.758333333333333,162.8375,1.9241666666666664,9.347083333333334,214.55375,1.69125,10.725416666666666,221.41791666666663,37.0,65.53750000000001,0.0,24.1375,1014.0375,9.30125,0.3575,20.860416666666666,23.224166666666665,7.758333333333333,162.8375,1.9241666666666664,9.347083333333334,214.55375,1.69125,10.725416666666666,221.41791666666663,37.0,65.53750000000001,0.0,24.1375,1014.0375,9.30125,0.3575,20.860416666666666,23.224166666666665,7.758333333333333,162.8375,1.9241666666666664,9.347083333333334,214.55375,1.69125,10.725416666666666,221.41791666666663,37.0,65.53750000000001,0.0,24.1375,1014.0375,9.30125,0.3575,0.01,0.1
RNN,Rottnest North,Jan. 10,"2021, 9 a.m.",10-Jan-21   9 a.m.,10,Windy,"roe reef, 20C",2021,9 AM,Jan 10 2021 9 AM,2021-01-10 09:00:00,2021-01-10 09:00:00+08:00,2021-01-10 01:00:00+00:00,2021-01-10,01:00:00,700,2021-01-10,20.32875,22.249166666666667,11.1975,174.26666666666665,2.345833333333333,7.871666666666666,212.58666666666667,1.5629166666666665,10.594583333333334,233.09125,14.583333333333334,75.88333333333334,0.07,24.133750000000003,1015.9366666666666,12.3725,0.2670833333333333,20.32875,22.249166666666667,11.1975,174.26666666666665,2.345833333333333,7.871666666666666,212.58666666666667,1.5629166666666665,10.594583333333334,233.09125,14.583333333333334,75.88333333333334,0.07,24.133750000000003,1015.9366666666666,12.3725,0.2670833333333333,20.32875,22.249166666666667,11.1975,174.26666666666665,2.345833333333333,7.871666666666666,212.58666666666667,1.5629166666666665,10.594583333333334,233.09125,14.583333333333334,75.88333333333334,0.07,24.133750000000003,1015.9366666666666,12.3725,0.2670833333333333,0.09,0.09
RKM,Rockingham Dive Trail,Jan. 9,"2021, 3 p.m.",9-Jan-21   3 p.m.,3,Fair,24c,2021,3 PM,Jan 9 2021 3 PM,2021-01-09 15:00:00,2021-01-09 15:00:00+08:00,2021-01-09 07:00:00+00:00,2021-01-09,07:00:00,701,2021-01-09,22.712083333333336,22.75583333333333,5.034166666666667,214.12291666666667,1.6029166666666663,11.617916666666666,238.39416666666668,1.5466666666666669,12.057083333333331,240.21416666666667,78.83333333333333,76.8875,0.03,24.135,1011.37,7.500416666666666,0.4204166666666666,22.712083333333336,22.75583333333333,5.034166666666667,214.12291666666667,1.6029166666666663,11.617916666666666,238.39416666666668,1.5466666666666669,12.057083333333331,240.21416666666667,78.83333333333333,76.8875,0.03,24.135,1011.37,7.500416666666666,0.4204166666666666,22.712083333333336,22.75583333333333,5.034166666666667,214.12291666666667,1.6029166666666663,11.617916666666666,238.39416666666668,1.5466666666666669,12.057083333333331,240.21416666666667,78.83333333333333,76.8875,0.03,24.135,1011.37,7.500416666666666,0.4204166666666666,0.0,0.0
BIC,Bicton Baths,Jan. 9,"2021, noon",9-Jan-21   12 p.m.,7,Fair,-,2021,12 PM,Jan 9 2021 12 PM,2021-01-09 12:00:00,2021-01-09 12:00:00+08:00,2021-01-09 04:00:00+00:00,2021-01-09,04:00:00,702,2021-01-09,27.42,22.852083333333336,5.473333333333333,215.11625,1.76875,11.653333333333334,233.3070833333333,1.67875,12.292083333333332,235.60625,74.89583333333333,44.46666666666667,0.0,24.135,1010.9579166666668,5.804166666666667,0.4241666666666666,27.42,22.852083333333336,5.473333333333333,215.11625,1.76875,11.653333333333334,233.3070833333333,1.67875,12.292083333333332,235.60625,74.89583333333333,44.46666666666667,0.0,24.135,1010.9579166666668,5.804166666666667,0.4241666666666666,27.42,22.852083333333336,5.473333333333333,215.11625,1.76875,11.653333333333334,233.3070833333333,1.67875,12.292083333333332,235.60625,74.89583333333333,44.46666666666667,0.0,24.135,1010.9579166666668,5.804166666666667,0.4241666666666666,0.0,0.0
BIC,Bicton Baths,Jan. 9,"2021, 9 a.m.",9-Jan-21   9 a.m.,3,Fair,-,2021,9 AM,Jan 9 2021 9 AM,2021-01-09 09:00:00,2021-01-09 09:00:00+08:00,2021-01-09 01:00:00+00:00,2021-01-09,01:00:00,703,2021-01-09,27.42,22.852083333333336,5.473333333333333,215.11625,1.76875,11.653333333333334,233.3070833333333,1.67875,12.292083333333332,235.60625,74.89583333333333,44.46666666666667,0.0,24.135,1010.9579166666668,5.804166666666667,0.4241666666666666,27.42,22.852083333333336,5.473333333333333,215.11625,1.76875,11.653333333333334,233.3070833333333,1.67875,12.292083333333332,235.60625,74.89583333333333,44.46666666666667,0.0,24.135,1010.9579166666668,5.804166666666667,0.4241666666666666,27.42,22.852083333333336,5.473333333333333,215.11625,1.76875,11.653333333333334,233.3070833333333,1.67875,12.292083333333332,235.60625,74.89583333333333,44.46666666666667,0.0,24.135,1010.9579166666668,5.804166666666667,0.4241666666666666,0.0,0.0
AMJ,Ammo Jetty,Jan. 9,"2021, 7 a.m.",9-Jan-21   7 a.m.,2,Glassy,very silty,2021,7 AM,Jan 9 2021 7 AM,2021-01-09 07:00:00,2021-01-09 07:00:00+08:00,2021-01-08 23:00:00+00:00,2021-01-08,23:00:00,704,2021-01-08,32.77458333333333,22.767916666666665,2.681666666666666,154.16375,1.6537499999999998,13.610416666666666,234.9008333333333,1.6508333333333332,13.647083333333333,234.94291666666663,55.91666666666666,16.633333333333333,0.0,24.135416666666668,1011.0216666666666,4.524166666666667,0.4520833333333333,32.77458333333333,22.767916666666665,2.681666666666666,154.16375,1.6537499999999998,13.610416666666666,234.9008333333333,1.6508333333333332,13.647083333333333,234.94291666666663,55.91666666666666,16.633333333333333,0.0,24.135416666666668,1011.0216666666666,4.524166666666667,0.4520833333333333,32.77458333333333,22.767916666666665,2.681666666666666,154.16375,1.6537499999999998,13.610416666666666,234.9008333333333,1.6508333333333332,13.647083333333333,234.94291666666663,55.91666666666666,16.633333333333333,0.0,24.135416666666668,1011.0216666666666,4.524166666666667,0.4520833333333333,0.0,0.0
NMF,North Mole Fremantle,Jan. 7,"2021, 8 p.m.",7-Jan-21   8 p.m.,15,Glassy,Lots of stingers around :-(,2021,8 PM,Jan 7 2021 8 PM,2021-01-07 20:00:00,2021-01-07 20:00:00+08:00,2021-01-07 12:00:00+00:00,2021-01-07,12:00:00,705,2021-01-07,26.06125,22.65958333333333,4.971666666666667,116.77666666666666,1.64875,12.42,231.3995833333333,1.6129166666666668,12.79375,232.21541666666667,37.0625,46.10416666666666,0.0,24.13583333333333,1011.8258333333332,8.095,0.5516666666666666,26.06125,22.65958333333333,4.971666666666667,116.77666666666666,1.64875,12.42,231.3995833333333,1.6129166666666668,12.79375,232.21541666666667,37.0625,46.10416666666666,0.0,24.13583333333333,1011.8258333333332,8.095,0.5516666666666666,26.06125,22.65958333333333,4.971666666666667,116.77666666666666,1.64875,12.42,231.3995833333333,1.6129166666666668,12.79375,232.21541666666667,37.0625,46.10416666666666,0.0,24.13583333333333,1011.8258333333332,8.095,0.5516666666666666,0.0,0.0
RNW,Rottnest West,Jan. 7,"2021, 10 a.m.",7-Jan-21   10 a.m.,25,Glassy,65m depth,2021,10 AM,Jan 7 2021 10 AM,2021-01-07 10:00:00,2021-01-07 10:00:00+08:00,2021-01-07 02:00:00+00:00,2021-01-07,02:00:00,706,2021-01-07,26.06125,22.65958333333333,4.971666666666667,116.77666666666666,2.057916666666667,8.4275,223.98166666666668,1.9708333333333328,11.399583333333332,226.22208333333333,37.0625,46.10416666666666,0.0,24.13583333333333,1011.8258333333332,8.095,0.5516666666666666,26.06125,22.65958333333333,4.971666666666667,116.77666666666666,2.057916666666667,8.4275,223.98166666666668,1.9708333333333328,11.399583333333332,226.22208333333333,37.0625,46.10416666666666,0.0,24.13583333333333,1011.8258333333332,8.095,0.5516666666666666,26.06125,22.65958333333333,4.971666666666667,116.77666666666666,2.057916666666667,8.4275,223.98166666666668,1.9708333333333328,11.399583333333332,226.22208333333333,37.0625,46.10416666666666,0.0,24.13583333333333,1011.8258333333332,8.095,0.5516666666666666,0.0,0.0
RNN,Rottnest North,Jan. 2,"2021, 11 a.m.",2-Jan-21   11 a.m.,20,Windy,-,2021,11 AM,Jan 2 2021 11 AM,2021-01-02 11:00:00,2021-01-02 11:00:00+08:00,2021-01-02 03:00:00+00:00,2021-01-02,03:00:00,707,2021-01-02,23.47625,22.839583333333334,8.329583333333334,110.76666666666668,1.6391666666666669,9.975416666666666,192.03416666666664,1.3475,12.449583333333337,219.0625,81.66666666666667,60.15833333333333,0.0,24.136666666666667,1012.4854166666668,11.60625,0.4912499999999999,23.47625,22.839583333333334,8.329583333333334,110.76666666666668,1.6391666666666669,9.975416666666666,192.03416666666664,1.3475,12.449583333333337,219.0625,81.66666666666667,60.15833333333333,0.0,24.136666666666667,1012.4854166666668,11.60625,0.4912499999999999,23.47625,22.839583333333334,8.329583333333334,110.76666666666668,1.6391666666666669,9.975416666666666,192.03416666666664,1.3475,12.449583333333337,219.0625,81.66666666666667,60.15833333333333,0.0,24.136666666666667,1012.4854166666668,11.60625,0.4912499999999999,0.0,0.0
BUL,Bulk Jetty,Jan. 2,"2021, 7 a.m.",2-Jan-21   7 a.m.,4,Fair,23C,2021,7 AM,Jan 2 2021 7 AM,2021-01-02 07:00:00,2021-01-02 07:00:00+08:00,2021-01-01 23:00:00+00:00,2021-01-01,23:00:00,708,2021-01-01,26.37833333333333,22.582916666666662,8.196666666666667,153.11875,1.3904166666666666,8.064583333333333,200.25,1.1416666666666666,10.10875,219.4725,31.5,43.3375,0.0,24.132916666666663,1011.2879166666668,11.971666666666666,0.4925,26.37833333333333,22.582916666666662,8.196666666666667,153.11875,1.3904166666666666,8.064583333333333,200.25,1.1416666666666666,10.10875,219.4725,31.5,43.3375,0.0,24.132916666666663,1011.2879166666668,11.971666666666666,0.4925,26.37833333333333,22.582916666666662,8.196666666666667,153.11875,1.3904166666666666,8.064583333333333,200.25,1.1416666666666666,10.10875,219.4725,31.5,43.3375,0.0,24.132916666666663,1011.2879166666668,11.971666666666666,0.4925,0.0,0.0
CMT,Coogee Maritime Trail,Dec. 30,"2020, 8 a.m.",30-Dec-20   8 a.m.,4,Fair,22C,2020,8 AM,Dec 30 2020 8 AM,2020-12-30 08:00:00,2020-12-30 08:00:00+08:00,2020-12-30 00:00:00+00:00,2020-12-30,00:00:00,709,2020-12-30,27.523750000000003,21.5325,4.1375,153.46875,1.8675,12.292083333333332,222.16791666666663,1.8395833333333331,12.584166666666668,222.95791666666665,5.25,47.98333333333333,0.0,24.136666666666667,1005.1054166666668,4.70125,0.3629166666666666,27.523750000000003,21.5325,4.1375,153.46875,1.8675,12.292083333333332,222.16791666666663,1.8395833333333331,12.584166666666668,222.95791666666665,5.25,47.98333333333333,0.0,24.136666666666667,1005.1054166666668,4.70125,0.3629166666666666,27.523750000000003,21.5325,4.1375,153.46875,1.8675,12.292083333333332,222.16791666666663,1.8395833333333331,12.584166666666668,222.95791666666665,5.25,47.98333333333333,0.0,24.136666666666667,1005.1054166666668,4.70125,0.3629166666666666,0.0,0.0
BIC,Bicton Baths,Dec. 29,"2020, 8 p.m.",29-Dec-20   8 p.m.,6,Glassy,Jerrat Dr high tide,2020,8 PM,Dec 29 2020 8 PM,2020-12-29 20:00:00,2020-12-29 20:00:00+08:00,2020-12-29 12:00:00+00:00,2020-12-29,12:00:00,710,2020-12-29,32.617916666666666,21.86958333333333,6.617083333333333,139.15291666666667,1.5725,12.16625,217.7804166666667,1.4583333333333333,13.57875,224.47375,16.0625,14.333333333333334,0.0,24.13416666666667,1006.6733333333332,8.880416666666667,0.3125,32.617916666666666,21.86958333333333,6.617083333333333,139.15291666666667,1.5725,12.16625,217.7804166666667,1.4583333333333333,13.57875,224.47375,16.0625,14.333333333333334,0.0,24.13416666666667,1006.6733333333332,8.880416666666667,0.3125,32.617916666666666,21.86958333333333,6.617083333333333,139.15291666666667,1.5725,12.16625,217.7804166666667,1.4583333333333333,13.57875,224.47375,16.0625,14.333333333333334,0.0,24.13416666666667,1006.6733333333332,8.880416666666667,0.3125,0.0,0.0
NMF,North Mole Fremantle,Dec. 29,"2020, 2 p.m.",29-Dec-20   2 p.m.,15,Fair,-,2020,2 PM,Dec 29 2020 2 PM,2020-12-29 14:00:00,2020-12-29 14:00:00+08:00,2020-12-29 06:00:00+00:00,2020-12-29,06:00:00,711,2020-12-29,25.30541666666667,21.86958333333333,6.617083333333333,139.15291666666667,1.5725,12.16625,217.7804166666667,1.4583333333333333,13.57875,224.47375,18.58333333333333,49.7625,0.0,24.13416666666667,1006.4566666666666,9.45625,0.3125,25.30541666666667,21.86958333333333,6.617083333333333,139.15291666666667,1.5725,12.16625,217.7804166666667,1.4583333333333333,13.57875,224.47375,18.58333333333333,49.7625,0.0,24.13416666666667,1006.4566666666666,9.45625,0.3125,25.30541666666667,21.86958333333333,6.617083333333333,139.15291666666667,1.5725,12.16625,217.7804166666667,1.4583333333333333,13.57875,224.47375,18.58333333333333,49.7625,0.0,24.13416666666667,1006.4566666666666,9.45625,0.3125,0.0,0.0
RNN,Rottnest North,Dec. 28,"2020, 9 a.m.",28-Dec-20   9 a.m.,25,Fair,"20C, swell @low caves & swirl",2020,9 AM,Dec 28 2020 9 AM,2020-12-28 09:00:00,2020-12-28 09:00:00+08:00,2020-12-28 01:00:00+00:00,2020-12-28,01:00:00,712,2020-12-28,22.655833333333334,21.66125,6.294583333333333,126.46333333333332,1.2745833333333334,9.44125,206.33875,1.1883333333333332,10.379583333333334,213.4495833333333,71.83333333333333,54.72083333333333,0.0,24.133750000000003,1011.655,8.757916666666667,0.2670833333333333,22.655833333333334,21.66125,6.294583333333333,126.46333333333332,1.2745833333333334,9.44125,206.33875,1.1883333333333332,10.379583333333334,213.4495833333333,71.83333333333333,54.72083333333333,0.0,24.133750000000003,1011.655,8.757916666666667,0.2670833333333333,22.655833333333334,21.66125,6.294583333333333,126.46333333333332,1.2745833333333334,9.44125,206.33875,1.1883333333333332,10.379583333333334,213.4495833333333,71.83333333333333,54.72083333333333,0.0,24.133750000000003,1011.655,8.757916666666667,0.2670833333333333,0.0,0.0
AMJ,Ammo Jetty,Dec. 23,"2020, 4 p.m.",23-Dec-20   4 p.m.,4,Windy,lots of octopus!,2020,4 PM,Dec 23 2020 4 PM,2020-12-23 16:00:00,2020-12-23 16:00:00+08:00,2020-12-23 08:00:00+00:00,2020-12-23,08:00:00,713,2020-12-23,32.38458333333333,21.32208333333333,3.97625,120.45875,1.1841666666666666,12.03625,222.1508333333333,1.1629166666666666,12.352916666666667,222.95916666666668,0.0,15.170833333333334,0.0,24.133333333333336,1010.4145833333332,7.557083333333334,0.3454166666666666,32.38458333333333,21.32208333333333,3.97625,120.45875,1.1841666666666666,12.03625,222.1508333333333,1.1629166666666666,12.352916666666667,222.95916666666668,0.0,15.170833333333334,0.0,24.133333333333336,1010.4145833333332,7.557083333333334,0.3454166666666666,32.38458333333333,21.32208333333333,3.97625,120.45875,1.1841666666666666,12.03625,222.1508333333333,1.1629166666666666,12.352916666666667,222.95916666666668,0.0,15.170833333333334,0.0,24.133333333333336,1010.4145833333332,7.557083333333334,0.3454166666666666,0.0,0.0
AMJ,Ammo Jetty,Dec. 20,"2020, 9 a.m.",20-Dec-20   9 a.m.,10,Fair,-,2020,9 AM,Dec 20 2020 9 AM,2020-12-20 09:00:00,2020-12-20 09:00:00+08:00,2020-12-20 01:00:00+00:00,2020-12-20,01:00:00,714,2020-12-20,24.625416666666663,20.792916666666667,10.384583333333332,154.28125,2.0708333333333333,8.117083333333333,200.72583333333333,1.4229166666666666,11.61,216.98125,0.0,36.60833333333333,0.0,24.1375,1013.94625,10.15375,0.3216666666666667,24.625416666666663,20.792916666666667,10.384583333333332,154.28125,2.0708333333333333,8.117083333333333,200.72583333333333,1.4229166666666666,11.61,216.98125,0.0,36.60833333333333,0.0,24.1375,1013.94625,10.15375,0.3216666666666667,24.625416666666663,20.792916666666667,10.384583333333332,154.28125,2.0708333333333333,8.117083333333333,200.72583333333333,1.4229166666666666,11.61,216.98125,0.0,36.60833333333333,0.0,24.1375,1013.94625,10.15375,0.3216666666666667,0.0,0.0
RKM,Rockingham Dive Trail,Dec. 15,"2020, 8 p.m.",15-Dec-20   8 p.m.,2,Fair,"21c, wobbegong, banjo shark",2020,8 PM,Dec 15 2020 8 PM,2020-12-15 20:00:00,2020-12-15 20:00:00+08:00,2020-12-15 12:00:00+00:00,2020-12-15,12:00:00,715,2020-12-15,19.02083333333333,20.390416666666667,8.402916666666666,151.80083333333332,1.6608333333333334,8.358333333333333,216.1183333333333,1.3495833333333334,10.0425,229.72916666666663,0.0,62.12083333333334,0.0,24.1375,1016.72625,10.327916666666669,0.375,19.02083333333333,20.390416666666667,8.402916666666666,151.80083333333332,1.6608333333333334,8.358333333333333,216.1183333333333,1.3495833333333334,10.0425,229.72916666666663,0.0,62.12083333333334,0.0,24.1375,1016.72625,10.327916666666669,0.375,19.02083333333333,20.390416666666667,8.402916666666666,151.80083333333332,1.6608333333333334,8.358333333333333,216.1183333333333,1.3495833333333334,10.0425,229.72916666666663,0.0,62.12083333333334,0.0,24.1375,1016.72625,10.327916666666669,0.375,0.0,0.07
AMJ,Ammo Jetty,Dec. 14,"2020, 10 a.m.",14-Dec-20   10 a.m.,10,Fair,-,2020,10 AM,Dec 14 2020 10 AM,2020-12-14 10:00:00,2020-12-14 10:00:00+08:00,2020-12-14 02:00:00+00:00,2020-12-14,02:00:00,716,2020-12-14,18.15458333333333,20.83333333333333,10.055416666666668,162.03791666666666,2.2358333333333333,8.647083333333333,219.03125,1.815416666666667,10.40625,232.45791666666665,0.0,46.92916666666667,0.0,24.13625,1017.7879166666668,9.55625,0.4370833333333333,18.15458333333333,20.83333333333333,10.055416666666668,162.03791666666666,2.2358333333333333,8.647083333333333,219.03125,1.815416666666667,10.40625,232.45791666666665,0.0,46.92916666666667,0.0,24.13625,1017.7879166666668,9.55625,0.4370833333333333,18.15458333333333,20.83333333333333,10.055416666666668,162.03791666666666,2.2358333333333333,8.647083333333333,219.03125,1.815416666666667,10.40625,232.45791666666665,0.0,46.92916666666667,0.0,24.13625,1017.7879166666668,9.55625,0.4370833333333333,2.26,3.34
LEN,Lena Wreck,Dec. 7,"2020, 10 a.m.",7-Dec-20   10 a.m.,15,Fair,Great conditions 19C,2020,10 AM,Dec 7 2020 10 AM,2020-12-07 10:00:00,2020-12-07 10:00:00+08:00,2020-12-07 02:00:00+00:00,2020-12-07,02:00:00,717,2020-12-07,19.86875,19.890416666666667,6.145833333333333,152.12291666666667,1.1058333333333332,8.78875,226.8983333333333,1.0075,9.900833333333331,238.09333333333333,0.0,58.11666666666667,0.0,24.13416666666667,1017.5516666666668,9.24,0.2416666666666666,19.86875,19.890416666666667,6.145833333333333,152.12291666666667,1.1058333333333332,8.78875,226.8983333333333,1.0075,9.900833333333331,238.09333333333333,0.0,58.11666666666667,0.0,24.13416666666667,1017.5516666666668,9.24,0.2416666666666666,19.86875,19.890416666666667,6.145833333333333,152.12291666666667,1.1058333333333332,8.78875,226.8983333333333,1.0075,9.900833333333331,238.09333333333333,0.0,58.11666666666667,0.0,24.13416666666667,1017.5516666666668,9.24,0.2416666666666666,0.0,0.0
SWA,Ex-HMAS Swan Wreck,Dec. 6,"2020, 11 a.m.",6-Dec-20   11 a.m.,12,Glassy,20C a little snotty,2020,11 AM,Dec 6 2020 11 AM,2020-12-06 11:00:00,2020-12-06 11:00:00+08:00,2020-12-06 03:00:00+00:00,2020-12-06,03:00:00,718,2020-12-06,16.157083333333333,19.38125,7.799583333333333,156.065,1.7025,5.444583333333333,218.7425,1.4991666666666663,7.859166666666667,229.45125,14.583333333333334,75.03750000000001,0.0,24.1325,1021.15375,10.28625,0.1570833333333333,16.157083333333333,19.38125,7.799583333333333,156.065,1.7025,5.444583333333333,218.7425,1.4991666666666663,7.859166666666667,229.45125,14.583333333333334,75.03750000000001,0.0,24.1325,1021.15375,10.28625,0.1570833333333333,16.157083333333333,19.38125,7.799583333333333,156.065,1.7025,5.444583333333333,218.7425,1.4991666666666663,7.859166666666667,229.45125,14.583333333333334,75.03750000000001,0.0,24.1325,1021.15375,10.28625,0.1570833333333333,0.0,0.0
AMJ,Ammo Jetty,Dec. 6,"2020, 9 a.m.",6-Dec-20   9 a.m.,10,Fair,-,2020,9 AM,Dec 6 2020 9 AM,2020-12-06 09:00:00,2020-12-06 09:00:00+08:00,2020-12-06 01:00:00+00:00,2020-12-06,01:00:00,719,2020-12-06,20.41625,19.387916666666666,8.96625,156.4595833333333,1.7354166666666666,7.624166666666666,211.22,1.43,9.195416666666668,223.94291666666663,0.0,45.80833333333334,0.0,24.1325,1018.85625,9.486666666666666,0.1504166666666666,20.41625,19.387916666666666,8.96625,156.4595833333333,1.7354166666666666,7.624166666666666,211.22,1.43,9.195416666666668,223.94291666666663,0.0,45.80833333333334,0.0,24.1325,1018.85625,9.486666666666666,0.1504166666666666,20.41625,19.387916666666666,8.96625,156.4595833333333,1.7354166666666666,7.624166666666666,211.22,1.43,9.195416666666668,223.94291666666663,0.0,45.80833333333334,0.0,24.1325,1018.85625,9.486666666666666,0.1504166666666666,0.0,0.0
AMJ,Ammo Jetty,Dec. 5,"2020, 10 a.m.",5-Dec-20   10 a.m.,6,Fair,decent vis. calm.,2020,10 AM,Dec 5 2020 10 AM,2020-12-05 10:00:00,2020-12-05 10:00:00+08:00,2020-12-05 02:00:00+00:00,2020-12-05,02:00:00,720,2020-12-05,17.576666666666668,19.45875,9.297916666666667,169.78541666666666,2.0791666666666666,8.225833333333334,216.41416666666663,1.6770833333333333,9.874166666666666,229.2120833333333,0.0,50.92083333333333,0.0,24.135416666666668,1019.0208333333334,7.24875,0.1604166666666666,17.576666666666668,19.45875,9.297916666666667,169.78541666666666,2.0791666666666666,8.225833333333334,216.41416666666663,1.6770833333333333,9.874166666666666,229.2120833333333,0.0,50.92083333333333,0.0,24.135416666666668,1019.0208333333334,7.24875,0.1604166666666666,17.576666666666668,19.45875,9.297916666666667,169.78541666666666,2.0791666666666666,8.225833333333334,216.41416666666663,1.6770833333333333,9.874166666666666,229.2120833333333,0.0,50.92083333333333,0.0,24.135416666666668,1019.0208333333334,7.24875,0.1604166666666666,0.0,0.0
FRE,South Fremantle,Dec. 5,"2020, 6 a.m.",5-Dec-20   6 a.m.,7,Fair,-,2020,6 AM,Dec 5 2020 6 AM,2020-12-05 06:00:00,2020-12-05 06:00:00+08:00,2020-12-04 22:00:00+00:00,2020-12-04,22:00:00,721,2020-12-04,17.889583333333334,19.54375,8.771666666666667,197.6341666666667,2.174583333333333,8.7775,226.47958333333332,1.840833333333333,10.29625,230.6420833333333,33.9375,70.73333333333333,0.0,24.136666666666667,1016.7870833333332,9.104583333333332,0.20375,17.889583333333334,19.54375,8.771666666666667,197.6341666666667,2.174583333333333,8.7775,226.47958333333332,1.840833333333333,10.29625,230.6420833333333,33.9375,70.73333333333333,0.0,24.136666666666667,1016.7870833333332,9.104583333333332,0.20375,17.889583333333334,19.54375,8.771666666666667,197.6341666666667,2.174583333333333,8.7775,226.47958333333332,1.840833333333333,10.29625,230.6420833333333,33.9375,70.73333333333333,0.0,24.136666666666667,1016.7870833333332,9.104583333333332,0.20375,0.0,0.0
NMF,North Mole Fremantle,Nov. 29,"2020, 8 a.m.",29-Nov-20   8 a.m.,9,Glassy,-,2020,8 AM,Nov 29 2020 8 AM,2020-11-29 08:00:00,2020-11-29 08:00:00+08:00,2020-11-29 00:00:00+00:00,2020-11-29,00:00:00,722,2020-11-29,17.166666666666668,19.82125,9.675416666666669,234.16166666666663,2.21375,8.790416666666667,230.3075,1.4800000000000002,11.51375,224.25041666666667,56.04166666666666,70.78750000000001,1.41,24.01875,1009.93875,10.319166666666666,0.21875,17.166666666666668,19.82125,9.675416666666669,234.16166666666663,2.21375,8.790416666666667,230.3075,1.4800000000000002,11.51375,224.25041666666667,56.04166666666666,70.78750000000001,1.41,24.01875,1009.93875,10.319166666666666,0.21875,17.166666666666668,19.82125,9.675416666666669,234.16166666666663,2.21375,8.790416666666667,230.3075,1.4800000000000002,11.51375,224.25041666666667,56.04166666666666,70.78750000000001,1.41,24.01875,1009.93875,10.319166666666666,0.21875,0.0,0.0999999999999999
CMT,Coogee Maritime Trail,Nov. 29,"2020, 8 a.m.",29-Nov-20   8 a.m.,6,Fair,-,2020,8 AM,Nov 29 2020 8 AM,2020-11-29 08:00:00,2020-11-29 08:00:00+08:00,2020-11-29 00:00:00+00:00,2020-11-29,00:00:00,723,2020-11-29,18.21208333333333,19.82125,9.675416666666669,234.16166666666663,2.21375,8.790416666666667,230.3075,1.4800000000000002,11.51375,224.25041666666667,58.333333333333336,53.59166666666667,0.69,24.039583333333336,1009.4070833333334,7.656666666666666,0.21875,18.21208333333333,19.82125,9.675416666666669,234.16166666666663,2.21375,8.790416666666667,230.3075,1.4800000000000002,11.51375,224.25041666666667,58.333333333333336,53.59166666666667,0.69,24.039583333333336,1009.4070833333334,7.656666666666666,0.21875,18.21208333333333,19.82125,9.675416666666669,234.16166666666663,2.21375,8.790416666666667,230.3075,1.4800000000000002,11.51375,224.25041666666667,58.333333333333336,53.59166666666667,0.69,24.039583333333336,1009.4070833333334,7.656666666666666,0.21875,0.0,0.0
RKM,Rockingham Dive Trail,Nov. 28,"2020, 7 p.m.",28-Nov-20   7 p.m.,5,Fair,"21c,bigBrwnSpttdBoarfish",2020,7 PM,Nov 28 2020 7 PM,2020-11-28 19:00:00,2020-11-28 19:00:00+08:00,2020-11-28 11:00:00+00:00,2020-11-28,11:00:00,724,2020-11-28,16.22791666666667,19.72833333333333,7.070416666666667,178.9333333333333,1.8741666666666663,9.835,229.20041666666668,1.725,10.850833333333334,234.53958333333333,43.875,66.41666666666667,0.0,24.13208333333333,1015.65375,8.174583333333333,0.2029166666666666,16.22791666666667,19.72833333333333,7.070416666666667,178.9333333333333,1.8741666666666663,9.835,229.20041666666668,1.725,10.850833333333334,234.53958333333333,43.875,66.41666666666667,0.0,24.13208333333333,1015.65375,8.174583333333333,0.2029166666666666,16.22791666666667,19.72833333333333,7.070416666666667,178.9333333333333,1.8741666666666663,9.835,229.20041666666668,1.725,10.850833333333334,234.53958333333333,43.875,66.41666666666667,0.0,24.13208333333333,1015.65375,8.174583333333333,0.2029166666666666,0.0,0.1
CMB,The Coombe & Mosman Bay,Nov. 28,"2020, 3 p.m.",28-Nov-20   3 p.m.,2,Fair,-,2020,3 PM,Nov 28 2020 3 PM,2020-11-28 15:00:00,2020-11-28 15:00:00+08:00,2020-11-28 07:00:00+00:00,2020-11-28,07:00:00,725,2020-11-28,17.756249999999998,19.789166666666667,8.264166666666666,176.77291666666667,2.1220833333333333,9.719166666666666,222.88375,1.8845833333333333,11.082916666666668,230.3675,56.66666666666666,47.14166666666667,0.0,24.13208333333333,1014.8825,5.836666666666667,0.1995833333333333,17.756249999999998,19.789166666666667,8.264166666666666,176.77291666666667,2.1220833333333333,9.719166666666666,222.88375,1.8845833333333333,11.082916666666668,230.3675,56.66666666666666,47.14166666666667,0.0,24.13208333333333,1014.8825,5.836666666666667,0.1995833333333333,17.756249999999998,19.789166666666667,8.264166666666666,176.77291666666667,2.1220833333333333,9.719166666666666,222.88375,1.8845833333333333,11.082916666666668,230.3675,56.66666666666666,47.14166666666667,0.0,24.13208333333333,1014.8825,5.836666666666667,0.1995833333333333,0.0,0.0
NMF,North Mole Fremantle,Nov. 28,"2020, 10 a.m.",28-Nov-20   10 a.m.,6,Fair,-,2020,10 AM,Nov 28 2020 10 AM,2020-11-28 10:00:00,2020-11-28 10:00:00+08:00,2020-11-28 02:00:00+00:00,2020-11-28,02:00:00,726,2020-11-28,16.745416666666667,19.789166666666667,8.264166666666666,176.77291666666667,2.1220833333333333,9.719166666666666,222.88375,1.8845833333333333,11.082916666666668,230.3675,46.6875,67.70416666666667,0.0,24.13208333333333,1015.3066666666668,8.724583333333333,0.1995833333333333,16.745416666666667,19.789166666666667,8.264166666666666,176.77291666666667,2.1220833333333333,9.719166666666666,222.88375,1.8845833333333333,11.082916666666668,230.3675,46.6875,67.70416666666667,0.0,24.13208333333333,1015.3066666666668,8.724583333333333,0.1995833333333333,16.745416666666667,19.789166666666667,8.264166666666666,176.77291666666667,2.1220833333333333,9.719166666666666,222.88375,1.8845833333333333,11.082916666666668,230.3675,46.6875,67.70416666666667,0.0,24.13208333333333,1015.3066666666668,8.724583333333333,0.1995833333333333,0.0999999999999999,0.0999999999999999
NMF,North Mole Fremantle,Nov. 27,"2020, 8 a.m.",27-Nov-20   8 a.m.,6,Fair,-,2020,8 AM,Nov 27 2020 8 AM,2020-11-27 08:00:00,2020-11-27 08:00:00+08:00,2020-11-27 00:00:00+00:00,2020-11-27,00:00:00,727,2020-11-27,17.14708333333333,19.739166666666662,8.489166666666668,189.13875,2.16625,9.712083333333334,227.28458333333333,1.887916666666667,11.24875,234.26041666666663,23.166666666666668,68.94583333333334,0.1,23.934166666666663,1016.29375,8.602916666666667,0.2183333333333333,17.14708333333333,19.739166666666662,8.489166666666668,189.13875,2.16625,9.712083333333334,227.28458333333333,1.887916666666667,11.24875,234.26041666666663,23.166666666666668,68.94583333333334,0.1,23.934166666666663,1016.29375,8.602916666666667,0.2183333333333333,17.14708333333333,19.739166666666662,8.489166666666668,189.13875,2.16625,9.712083333333334,227.28458333333333,1.887916666666667,11.24875,234.26041666666663,23.166666666666668,68.94583333333334,0.1,23.934166666666663,1016.29375,8.602916666666667,0.2183333333333333,0.0,0.0
BUL,Bulk Jetty,Nov. 24,"2020, 7 p.m.",24-Nov-20   7 p.m.,8,Windy,"21c,Sthrly,slightN-Scurrent",2020,7 PM,Nov 24 2020 7 PM,2020-11-24 19:00:00,2020-11-24 19:00:00+08:00,2020-11-24 11:00:00+00:00,2020-11-24,11:00:00,728,2020-11-24,23.968333333333334,19.90958333333333,8.900833333333333,186.78875,1.99875,9.14375,229.90958333333333,1.6445833333333333,11.19875,240.76083333333332,0.4166666666666667,44.24583333333334,0.0,24.13416666666667,1009.3716666666666,8.680416666666666,0.2316666666666666,23.968333333333334,19.90958333333333,8.900833333333333,186.78875,1.99875,9.14375,229.90958333333333,1.6445833333333333,11.19875,240.76083333333332,0.4166666666666667,44.24583333333334,0.0,24.13416666666667,1009.3716666666666,8.680416666666666,0.2316666666666666,23.968333333333334,19.90958333333333,8.900833333333333,186.78875,1.99875,9.14375,229.90958333333333,1.6445833333333333,11.19875,240.76083333333332,0.4166666666666667,44.24583333333334,0.0,24.13416666666667,1009.3716666666666,8.680416666666666,0.2316666666666666,0.0,0.0
FRE,South Fremantle,Nov. 24,"2020, 8 a.m.",24-Nov-20   8 a.m.,8,Fair,-,2020,8 AM,Nov 24 2020 8 AM,2020-11-24 08:00:00,2020-11-24 08:00:00+08:00,2020-11-24 00:00:00+00:00,2020-11-24,00:00:00,729,2020-11-24,20.090416666666663,20.042916666666667,10.019166666666669,184.2945833333333,2.25875,8.903333333333334,223.1925,1.7066666666666668,11.67,236.94208333333333,6.145833333333333,73.425,0.0,24.13416666666667,1009.9695833333334,12.089166666666666,0.2312499999999999,20.090416666666663,20.042916666666667,10.019166666666669,184.2945833333333,2.25875,8.903333333333334,223.1925,1.7066666666666668,11.67,236.94208333333333,6.145833333333333,73.425,0.0,24.13416666666667,1009.9695833333334,12.089166666666666,0.2312499999999999,20.090416666666663,20.042916666666667,10.019166666666669,184.2945833333333,2.25875,8.903333333333334,223.1925,1.7066666666666668,11.67,236.94208333333333,6.145833333333333,73.425,0.0,24.13416666666667,1009.9695833333334,12.089166666666666,0.2312499999999999,0.0,0.0
RKM,Rockingham Dive Trail,Nov. 21,"2020, 7 p.m.",21-Nov-20   7 p.m.,2,Fair,"20c, rockingham jetty",2020,7 PM,Nov 21 2020 7 PM,2020-11-21 19:00:00,2020-11-21 19:00:00+08:00,2020-11-21 11:00:00+00:00,2020-11-21,11:00:00,730,2020-11-21,17.278333333333332,19.54625,7.540416666666666,171.61833333333334,1.9420833333333332,10.117916666666668,229.72208333333333,1.7670833333333331,11.286666666666669,235.7075,39.0625,72.28750000000001,0.0,24.132916666666663,1020.3120833333334,9.1475,0.2070833333333333,17.278333333333332,19.54625,7.540416666666666,171.61833333333334,1.9420833333333332,10.117916666666668,229.72208333333333,1.7670833333333331,11.286666666666669,235.7075,39.0625,72.28750000000001,0.0,24.132916666666663,1020.3120833333334,9.1475,0.2070833333333333,17.278333333333332,19.54625,7.540416666666666,171.61833333333334,1.9420833333333332,10.117916666666668,229.72208333333333,1.7670833333333331,11.286666666666669,235.7075,39.0625,72.28750000000001,0.0,24.132916666666663,1020.3120833333334,9.1475,0.2070833333333333,0.0,0.0
NMF,North Mole Fremantle,Nov. 21,"2020, 9 a.m.",21-Nov-20   9 a.m.,8,Fair,-,2020,9 AM,Nov 21 2020 9 AM,2020-11-21 09:00:00,2020-11-21 09:00:00+08:00,2020-11-21 01:00:00+00:00,2020-11-21,01:00:00,731,2020-11-21,17.866666666666667,19.66583333333333,8.934583333333334,169.41125,2.2029166666666664,9.906666666666666,222.92291666666665,1.913333333333333,11.552916666666668,231.53958333333333,17.729166666666668,73.10833333333333,0.0,24.132916666666663,1019.8120833333334,9.852083333333333,0.2066666666666666,17.866666666666667,19.66583333333333,8.934583333333334,169.41125,2.2029166666666664,9.906666666666666,222.92291666666665,1.913333333333333,11.552916666666668,231.53958333333333,17.729166666666668,73.10833333333333,0.0,24.132916666666663,1019.8120833333334,9.852083333333333,0.2066666666666666,17.866666666666667,19.66583333333333,8.934583333333334,169.41125,2.2029166666666664,9.906666666666666,222.92291666666665,1.913333333333333,11.552916666666668,231.53958333333333,17.729166666666668,73.10833333333333,0.0,24.132916666666663,1019.8120833333334,9.852083333333333,0.2066666666666666,0.0,0.0
FRE,South Fremantle,Nov. 20,"2020, 1 p.m.",20-Nov-20   1 p.m.,3,Windy,Lots of seaweed in bathers bay,2020,1 PM,Nov 20 2020 1 PM,2020-11-20 13:00:00,2020-11-20 13:00:00+08:00,2020-11-20 05:00:00+00:00,2020-11-20,05:00:00,732,2020-11-20,18.575416666666666,19.945416666666667,6.974166666666666,198.42666666666665,1.8141666666666667,9.649583333333334,229.26541666666665,1.643333333333333,10.752916666666666,235.22833333333332,27.77083333333333,76.925,0.0,24.137083333333333,1015.7808333333334,7.905416666666666,0.28125,18.575416666666666,19.945416666666667,6.974166666666666,198.42666666666665,1.8141666666666667,9.649583333333334,229.26541666666665,1.643333333333333,10.752916666666666,235.22833333333332,27.77083333333333,76.925,0.0,24.137083333333333,1015.7808333333334,7.905416666666666,0.28125,18.575416666666666,19.945416666666667,6.974166666666666,198.42666666666665,1.8141666666666667,9.649583333333334,229.26541666666665,1.643333333333333,10.752916666666666,235.22833333333332,27.77083333333333,76.925,0.0,24.137083333333333,1015.7808333333334,7.905416666666666,0.28125,0.0,0.0
LIT,Little Beach,Nov. 18,"2020, 8 p.m.",18-Nov-20   8 p.m.,6,Fair,"22c, good inside long wall",2020,8 PM,Nov 18 2020 8 PM,2020-11-18 20:00:00,2020-11-18 20:00:00+08:00,2020-11-18 12:00:00+00:00,2020-11-18,12:00:00,733,2020-11-18,19.31416666666667,19.91333333333333,4.409166666666667,265.4954166666667,2.174583333333333,11.687916666666666,242.90666666666667,2.1645833333333333,11.771666666666668,242.7408333333333,16.395833333333332,67.59583333333333,0.0,23.640833333333333,1015.6220833333332,4.319166666666667,0.3691666666666666,19.31416666666667,19.91333333333333,4.409166666666667,265.4954166666667,2.174583333333333,11.687916666666666,242.90666666666667,2.1645833333333333,11.771666666666668,242.7408333333333,16.395833333333332,67.59583333333333,0.0,23.640833333333333,1015.6220833333332,4.319166666666667,0.3691666666666666,19.31416666666667,19.91333333333333,4.409166666666667,265.4954166666667,2.174583333333333,11.687916666666666,242.90666666666667,2.1645833333333333,11.771666666666668,242.7408333333333,16.395833333333332,67.59583333333333,0.0,23.640833333333333,1015.6220833333332,4.319166666666667,0.3691666666666666,0.0,0.0
3MR,Three Mile Reef,Nov. 18,"2020, 11 a.m.",18-Nov-20   11 a.m.,4,Windy,"Very poor viz, Under current",2020,11 AM,Nov 18 2020 11 AM,2020-11-18 11:00:00,2020-11-18 11:00:00+08:00,2020-11-18 03:00:00+00:00,2020-11-18,03:00:00,734,2020-11-18,18.81375,20.080416666666668,4.5925,254.12708333333333,2.543333333333333,12.140833333333331,231.91791666666663,2.533333333333333,12.220833333333331,231.86916666666664,6.895833333333333,78.575,0.07,24.13583333333333,1015.8979166666668,5.418333333333333,0.3725,18.81375,20.080416666666668,4.5925,254.12708333333333,2.543333333333333,12.140833333333331,231.91791666666663,2.533333333333333,12.220833333333331,231.86916666666664,6.895833333333333,78.575,0.07,24.13583333333333,1015.8979166666668,5.418333333333333,0.3725,18.81375,20.080416666666668,4.5925,254.12708333333333,2.543333333333333,12.140833333333331,231.91791666666663,2.533333333333333,12.220833333333331,231.86916666666664,6.895833333333333,78.575,0.07,24.13583333333333,1015.8979166666668,5.418333333333333,0.3725,0.0999999999999999,0.1
AMJ,Ammo Jetty,Nov. 12,"2020, 7 p.m.",12-Nov-20   7 p.m.,1,Windy,"19c, surge & waves",2020,7 PM,Nov 12 2020 7 PM,2020-11-12 19:00:00,2020-11-12 19:00:00+08:00,2020-11-12 11:00:00+00:00,2020-11-12,11:00:00,735,2020-11-12,18.56125,19.2775,7.192916666666666,292.3520833333333,1.6641666666666666,9.05625,251.8395833333333,1.4229166666666666,10.6675,238.3166666666667,55.66666666666666,60.5875,1.41,24.08125,1013.07625,5.587083333333333,0.30125,18.56125,19.2775,7.192916666666666,292.3520833333333,1.6641666666666666,9.05625,251.8395833333333,1.4229166666666666,10.6675,238.3166666666667,55.66666666666666,60.5875,1.41,24.08125,1013.07625,5.587083333333333,0.30125,18.56125,19.2775,7.192916666666666,292.3520833333333,1.6641666666666666,9.05625,251.8395833333333,1.4229166666666666,10.6675,238.3166666666667,55.66666666666666,60.5875,1.41,24.08125,1013.07625,5.587083333333333,0.30125,0.0,0.0
AMJ,Ammo Jetty,Nov. 11,"2020, 8 p.m.",11-Nov-20   8 p.m.,1,Fair,20c.NoSwell.Milky.,2020,8 PM,Nov 11 2020 8 PM,2020-11-11 20:00:00,2020-11-11 20:00:00+08:00,2020-11-11 12:00:00+00:00,2020-11-11,12:00:00,736,2020-11-11,15.429583333333332,19.645416666666662,3.2275000000000005,157.01958333333332,1.6783333333333337,10.832083333333332,230.24,1.6695833333333334,10.909583333333332,230.49125,25.02083333333333,55.50833333333333,0.0,24.13208333333333,1017.7275,3.015833333333333,0.2945833333333333,15.429583333333332,19.645416666666662,3.2275000000000005,157.01958333333332,1.6783333333333337,10.832083333333332,230.24,1.6695833333333334,10.909583333333332,230.49125,25.02083333333333,55.50833333333333,0.0,24.13208333333333,1017.7275,3.015833333333333,0.2945833333333333,15.429583333333332,19.645416666666662,3.2275000000000005,157.01958333333332,1.6783333333333337,10.832083333333332,230.24,1.6695833333333334,10.909583333333332,230.49125,25.02083333333333,55.50833333333333,0.0,24.13208333333333,1017.7275,3.015833333333333,0.2945833333333333,0.0,5.04
NMF,North Mole Fremantle,Nov. 8,"2020, 7 p.m.",8-Nov-20   7 p.m.,6,Fair,"21c, sand tracks, some surge",2020,7 PM,Nov 8 2020 7 PM,2020-11-08 19:00:00,2020-11-08 19:00:00+08:00,2020-11-08 11:00:00+00:00,2020-11-08,11:00:00,737,2020-11-08,18.74416666666667,20.22583333333333,5.9437500000000005,289.21125,1.6625,11.385,236.05208333333331,1.5575,12.2325,230.10375,33.75,77.27916666666667,1.3299999999999998,23.456666666666667,1008.7029166666666,6.1433333333333335,0.39625,18.74416666666667,20.22583333333333,5.9437500000000005,289.21125,1.6625,11.385,236.05208333333331,1.5575,12.2325,230.10375,33.75,77.27916666666667,1.3299999999999998,23.456666666666667,1008.7029166666666,6.1433333333333335,0.39625,18.74416666666667,20.22583333333333,5.9437500000000005,289.21125,1.6625,11.385,236.05208333333331,1.5575,12.2325,230.10375,33.75,77.27916666666667,1.3299999999999998,23.456666666666667,1008.7029166666666,6.1433333333333335,0.39625,0.0,0.0
NMF,North Mole Fremantle,Nov. 8,"2020, 11 a.m.",8-Nov-20   11 a.m.,8,Fair,22c vlittle swell,2020,11 AM,Nov 8 2020 11 AM,2020-11-08 11:00:00,2020-11-08 11:00:00+08:00,2020-11-08 03:00:00+00:00,2020-11-08,03:00:00,738,2020-11-08,18.74416666666667,20.22583333333333,5.9437500000000005,289.21125,1.6625,11.385,236.05208333333331,1.5575,12.2325,230.10375,33.75,77.27916666666667,1.3299999999999998,23.456666666666667,1008.7029166666666,6.1433333333333335,0.39625,18.74416666666667,20.22583333333333,5.9437500000000005,289.21125,1.6625,11.385,236.05208333333331,1.5575,12.2325,230.10375,33.75,77.27916666666667,1.3299999999999998,23.456666666666667,1008.7029166666666,6.1433333333333335,0.39625,18.74416666666667,20.22583333333333,5.9437500000000005,289.21125,1.6625,11.385,236.05208333333331,1.5575,12.2325,230.10375,33.75,77.27916666666667,1.3299999999999998,23.456666666666667,1008.7029166666666,6.1433333333333335,0.39625,0.0,0.0
NMF,North Mole Fremantle,Nov. 6,"2020, 7 p.m.",6-Nov-20   7 p.m.,7,Fair,"20c, some surge",2020,7 PM,Nov 6 2020 7 PM,2020-11-06 19:00:00,2020-11-06 19:00:00+08:00,2020-11-06 11:00:00+00:00,2020-11-06,11:00:00,739,2020-11-06,20.63083333333333,19.83,6.28375,103.32375,1.3791666666666669,11.063333333333333,211.6575,1.27125,12.49125,220.35958333333332,3.208333333333333,64.97083333333333,0.0,24.13625,1016.26125,9.718333333333334,0.1633333333333333,20.63083333333333,19.83,6.28375,103.32375,1.3791666666666669,11.063333333333333,211.6575,1.27125,12.49125,220.35958333333332,3.208333333333333,64.97083333333333,0.0,24.13625,1016.26125,9.718333333333334,0.1633333333333333,20.63083333333333,19.83,6.28375,103.32375,1.3791666666666669,11.063333333333333,211.6575,1.27125,12.49125,220.35958333333332,3.208333333333333,64.97083333333333,0.0,24.13625,1016.26125,9.718333333333334,0.1633333333333333,0.0,0.0999999999999999
ROB,Robbs Jetty,Nov. 1,"2020, 11 a.m.",1-Nov-20   11 a.m.,5,Glassy,"No swell or current 21c,V nice",2020,11 AM,Nov 1 2020 11 AM,2020-11-01 11:00:00,2020-11-01 11:00:00+08:00,2020-11-01 03:00:00+00:00,2020-11-01,03:00:00,740,2020-11-01,15.477916666666667,19.10458333333333,3.752083333333333,108.73583333333332,2.554583333333333,12.156666666666666,249.24958333333333,2.55375,12.165833333333332,249.19416666666663,81.79166666666667,69.26666666666667,8.88,21.47833333333333,1006.7645833333332,4.302083333333333,0.1304166666666666,15.477916666666667,19.10458333333333,3.752083333333333,108.73583333333332,2.554583333333333,12.156666666666666,249.24958333333333,2.55375,12.165833333333332,249.19416666666663,81.79166666666667,69.26666666666667,8.88,21.47833333333333,1006.7645833333332,4.302083333333333,0.1304166666666666,15.477916666666667,19.10458333333333,3.752083333333333,108.73583333333332,2.554583333333333,12.156666666666666,249.24958333333333,2.55375,12.165833333333332,249.19416666666663,81.79166666666667,69.26666666666667,8.88,21.47833333333333,1006.7645833333332,4.302083333333333,0.1304166666666666,13.97,13.97
WOO,Woodman Point,Oct. 31,"2020, 7 p.m.",31-Oct-20   7 p.m.,6,Glassy,"21c, 3m vis @9m",2020,7 PM,Oct 31 2020 7 PM,2020-10-31 19:00:00,2020-10-31 19:00:00+08:00,2020-10-31 11:00:00+00:00,2020-10-31,11:00:00,741,2020-10-31,17.845000000000002,19.38458333333333,5.965,280.5004166666667,1.6933333333333334,9.674166666666666,250.61416666666665,1.6137500000000002,10.294583333333334,246.71,98.39583333333331,82.67916666666666,8.75,20.8,1004.4558333333332,7.0495833333333335,0.2229166666666666,17.845000000000002,19.38458333333333,5.965,280.5004166666667,1.6933333333333334,9.674166666666666,250.61416666666665,1.6137500000000002,10.294583333333334,246.71,98.39583333333331,82.67916666666666,8.75,20.8,1004.4558333333332,7.0495833333333335,0.2229166666666666,17.845000000000002,19.38458333333333,5.965,280.5004166666667,1.6933333333333334,9.674166666666666,250.61416666666665,1.6137500000000002,10.294583333333334,246.71,98.39583333333331,82.67916666666666,8.75,20.8,1004.4558333333332,7.0495833333333335,0.2229166666666666,0.0,0.0
RKM,Rockingham Dive Trail,Oct. 31,"2020, 11 a.m.",31-Oct-20   11 a.m.,3,Fair,-,2020,11 AM,Oct 31 2020 11 AM,2020-10-31 11:00:00,2020-10-31 11:00:00+08:00,2020-10-31 03:00:00+00:00,2020-10-31,03:00:00,742,2020-10-31,17.554166666666667,19.38458333333333,5.965,280.5004166666667,1.6933333333333334,9.674166666666666,250.61416666666665,1.6137500000000002,10.294583333333334,246.71,100.0,80.96666666666667,5.01,22.842916666666667,1004.08125,7.299166666666667,0.2229166666666666,17.554166666666667,19.38458333333333,5.965,280.5004166666667,1.6933333333333334,9.674166666666666,250.61416666666665,1.6137500000000002,10.294583333333334,246.71,100.0,80.96666666666667,5.01,22.842916666666667,1004.08125,7.299166666666667,0.2229166666666666,17.554166666666667,19.38458333333333,5.965,280.5004166666667,1.6933333333333334,9.674166666666666,250.61416666666665,1.6137500000000002,10.294583333333334,246.71,100.0,80.96666666666667,5.01,22.842916666666667,1004.08125,7.299166666666667,0.2229166666666666,0.0,0.0
CMB,The Coombe & Mosman Bay,Oct. 30,"2020, 6 p.m.",30-Oct-20   6 p.m.,2,Fair,Got worse deeper. 19.6c,2020,6 PM,Oct 30 2020 6 PM,2020-10-30 18:00:00,2020-10-30 18:00:00+08:00,2020-10-30 10:00:00+00:00,2020-10-30,10:00:00,743,2020-10-30,27.44458333333333,19.33875,3.47125,188.34375,2.01125,12.492083333333332,234.88875,2.0033333333333334,12.562083333333334,235.06541666666664,14.666666666666666,30.77916666666667,0.0,24.135416666666668,1010.4041666666668,3.9725,0.2033333333333333,27.44458333333333,19.33875,3.47125,188.34375,2.01125,12.492083333333332,234.88875,2.0033333333333334,12.562083333333334,235.06541666666664,14.666666666666666,30.77916666666667,0.0,24.135416666666668,1010.4041666666668,3.9725,0.2033333333333333,27.44458333333333,19.33875,3.47125,188.34375,2.01125,12.492083333333332,234.88875,2.0033333333333334,12.562083333333334,235.06541666666664,14.666666666666666,30.77916666666667,0.0,24.135416666666668,1010.4041666666668,3.9725,0.2033333333333333,0.0,0.0
ROB,Robbs Jetty,Oct. 23,"2020, 7 p.m.",23-Oct-20   7 p.m.,5,Windy,"19c, milky, no surge",2020,7 PM,Oct 23 2020 7 PM,2020-10-23 19:00:00,2020-10-23 19:00:00+08:00,2020-10-23 11:00:00+00:00,2020-10-23,11:00:00,744,2020-10-23,19.266666666666666,18.02458333333333,8.3925,142.67708333333334,1.7616666666666667,9.197083333333332,211.8975,1.5325,10.784583333333332,224.41166666666663,0.0,45.37083333333334,0.0,24.133333333333336,1016.8616666666668,9.688333333333334,0.1949999999999999,19.266666666666666,18.02458333333333,8.3925,142.67708333333334,1.7616666666666667,9.197083333333332,211.8975,1.5325,10.784583333333332,224.41166666666663,0.0,45.37083333333334,0.0,24.133333333333336,1016.8616666666668,9.688333333333334,0.1949999999999999,19.266666666666666,18.02458333333333,8.3925,142.67708333333334,1.7616666666666667,9.197083333333332,211.8975,1.5325,10.784583333333332,224.41166666666663,0.0,45.37083333333334,0.0,24.133333333333336,1016.8616666666668,9.688333333333334,0.1949999999999999,0.0,0.0
BWR,Blackwall Reach,Oct. 20,"2020, 7 p.m.",20-Oct-20   7 p.m.,2,Fair,19 degrees,2020,7 PM,Oct 20 2020 7 PM,2020-10-20 19:00:00,2020-10-20 19:00:00+08:00,2020-10-20 11:00:00+00:00,2020-10-20,11:00:00,745,2020-10-20,19.52125,18.770416666666662,10.050833333333332,181.69333333333336,2.806666666666666,11.5125,222.9870833333333,2.3508333333333336,13.98375,233.00958333333327,30.479166666666668,61.78333333333333,0.0,24.135,1012.9458333333332,6.260000000000001,0.3008333333333333,19.52125,18.770416666666662,10.050833333333332,181.69333333333336,2.806666666666666,11.5125,222.9870833333333,2.3508333333333336,13.98375,233.00958333333327,30.479166666666668,61.78333333333333,0.0,24.135,1012.9458333333332,6.260000000000001,0.3008333333333333,19.52125,18.770416666666662,10.050833333333332,181.69333333333336,2.806666666666666,11.5125,222.9870833333333,2.3508333333333336,13.98375,233.00958333333327,30.479166666666668,61.78333333333333,0.0,24.135,1012.9458333333332,6.260000000000001,0.3008333333333333,0.0,0.0
MET,Mettam’s Pool,Oct. 18,"2020, 9 a.m.",18-Oct-20   9 a.m.,10,Fair,Beautiful condi. at Trigg Is,2020,9 AM,Oct 18 2020 9 AM,2020-10-18 09:00:00,2020-10-18 09:00:00+08:00,2020-10-18 01:00:00+00:00,2020-10-18,01:00:00,746,2020-10-18,22.43875,18.83875,7.395833333333333,156.51833333333337,1.8929166666666664,8.52,208.80125,1.53,10.27125,219.18666666666664,14.25,42.204166666666666,0.0,24.13583333333333,1010.63,6.733750000000001,0.2208333333333333,22.43875,18.83875,7.395833333333333,156.51833333333337,1.8929166666666664,8.52,208.80125,1.53,10.27125,219.18666666666664,14.25,42.204166666666666,0.0,24.13583333333333,1010.63,6.733750000000001,0.2208333333333333,22.43875,18.83875,7.395833333333333,156.51833333333337,1.8929166666666664,8.52,208.80125,1.53,10.27125,219.18666666666664,14.25,42.204166666666666,0.0,24.13583333333333,1010.63,6.733750000000001,0.2208333333333333,0.03,0.03
CMT,Coogee Maritime Trail,Oct. 17,"2020, 10 a.m.",17-Oct-20   10 a.m.,5,Fair,18 deg,2020,10 AM,Oct 17 2020 10 AM,2020-10-17 10:00:00,2020-10-17 10:00:00+08:00,2020-10-17 02:00:00+00:00,2020-10-17,02:00:00,747,2020-10-17,19.764166666666668,18.750833333333333,8.02375,147.57416666666668,1.6704166666666669,8.900833333333333,211.54791666666665,1.4733333333333334,10.26125,221.4595833333333,14.75,43.61666666666667,0.03,24.13625,1015.06625,11.062083333333334,0.2341666666666666,19.764166666666668,18.750833333333333,8.02375,147.57416666666668,1.6704166666666669,8.900833333333333,211.54791666666665,1.4733333333333334,10.26125,221.4595833333333,14.75,43.61666666666667,0.03,24.13625,1015.06625,11.062083333333334,0.2341666666666666,19.764166666666668,18.750833333333333,8.02375,147.57416666666668,1.6704166666666669,8.900833333333333,211.54791666666665,1.4733333333333334,10.26125,221.4595833333333,14.75,43.61666666666667,0.03,24.13625,1015.06625,11.062083333333334,0.2341666666666666,0.0,0.0
AMJ,Ammo Jetty,Oct. 17,"2020, 9 a.m.",17-Oct-20   9 a.m.,4,Fair,19c Octopus,2020,9 AM,Oct 17 2020 9 AM,2020-10-17 09:00:00,2020-10-17 09:00:00+08:00,2020-10-17 01:00:00+00:00,2020-10-17,01:00:00,748,2020-10-17,19.764166666666668,18.750833333333333,8.02375,147.57416666666668,1.6704166666666669,8.900833333333333,211.54791666666665,1.4733333333333334,10.26125,221.4595833333333,14.75,43.61666666666667,0.03,24.13625,1015.06625,11.062083333333334,0.2341666666666666,19.764166666666668,18.750833333333333,8.02375,147.57416666666668,1.6704166666666669,8.900833333333333,211.54791666666665,1.4733333333333334,10.26125,221.4595833333333,14.75,43.61666666666667,0.03,24.13625,1015.06625,11.062083333333334,0.2341666666666666,19.764166666666668,18.750833333333333,8.02375,147.57416666666668,1.6704166666666669,8.900833333333333,211.54791666666665,1.4733333333333334,10.26125,221.4595833333333,14.75,43.61666666666667,0.03,24.13625,1015.06625,11.062083333333334,0.2341666666666666,0.0,0.0
AMJ,Ammo Jetty,Oct. 16,"2020, 6 p.m.",16-Oct-20   6 p.m.,5,Fair,20-21c little surge,2020,6 PM,Oct 16 2020 6 PM,2020-10-16 18:00:00,2020-10-16 18:00:00+08:00,2020-10-16 10:00:00+00:00,2020-10-16,10:00:00,749,2020-10-16,18.61583333333333,18.53125,9.015833333333331,153.78791666666666,1.930416666666667,9.122916666666669,209.27083333333331,1.6145833333333333,10.907083333333333,221.20541666666668,23.20833333333333,53.675,0.0,24.13416666666667,1017.3920833333332,8.538333333333334,0.2920833333333333,18.61583333333333,18.53125,9.015833333333331,153.78791666666666,1.930416666666667,9.122916666666669,209.27083333333331,1.6145833333333333,10.907083333333333,221.20541666666668,23.20833333333333,53.675,0.0,24.13416666666667,1017.3920833333332,8.538333333333334,0.2920833333333333,18.61583333333333,18.53125,9.015833333333331,153.78791666666666,1.930416666666667,9.122916666666669,209.27083333333331,1.6145833333333333,10.907083333333333,221.20541666666668,23.20833333333333,53.675,0.0,24.13416666666667,1017.3920833333332,8.538333333333334,0.2920833333333333,0.0,0.0
BUL,Bulk Jetty,Oct. 10,"2020, noon",10-Oct-20   12 p.m.,2,Fair,Low tide.Better 4m at end.19c,2020,12 PM,Oct 10 2020 12 PM,2020-10-10 12:00:00,2020-10-10 12:00:00+08:00,2020-10-10 04:00:00+00:00,2020-10-10,04:00:00,750,2020-10-10,16.85875,18.002916666666668,6.777916666666666,180.1025,2.4545833333333333,12.798333333333332,232.73875,2.349166666666666,13.555,235.57,25.58333333333333,61.79583333333333,0.0,23.90041666666667,1016.8116666666666,5.340416666666667,0.27375,16.85875,18.002916666666668,6.777916666666666,180.1025,2.4545833333333333,12.798333333333332,232.73875,2.349166666666666,13.555,235.57,25.58333333333333,61.79583333333333,0.0,23.90041666666667,1016.8116666666666,5.340416666666667,0.27375,16.85875,18.002916666666668,6.777916666666666,180.1025,2.4545833333333333,12.798333333333332,232.73875,2.349166666666666,13.555,235.57,25.58333333333333,61.79583333333333,0.0,23.90041666666667,1016.8116666666666,5.340416666666667,0.27375,0.0,0.0
LEN,Lena Wreck,Oct. 10,"2020, 10 a.m.",10-Oct-20   10 a.m.,5,Fair,-,2020,10 AM,Oct 10 2020 10 AM,2020-10-10 10:00:00,2020-10-10 10:00:00+08:00,2020-10-10 02:00:00+00:00,2020-10-10,02:00:00,751,2020-10-10,14.07625,17.4175,6.0945833333333335,180.77791666666667,2.2929166666666667,14.402083333333332,252.5258333333333,2.2808333333333333,14.5225,252.92875,34.1875,77.27916666666667,0.0,24.136666666666667,1018.14,6.260833333333333,0.2320833333333333,14.07625,17.4175,6.0945833333333335,180.77791666666667,2.2929166666666667,14.402083333333332,252.5258333333333,2.2808333333333333,14.5225,252.92875,34.1875,77.27916666666667,0.0,24.136666666666667,1018.14,6.260833333333333,0.2320833333333333,14.07625,17.4175,6.0945833333333335,180.77791666666667,2.2929166666666667,14.402083333333332,252.5258333333333,2.2808333333333333,14.5225,252.92875,34.1875,77.27916666666667,0.0,24.136666666666667,1018.14,6.260833333333333,0.2320833333333333,0.0,0.12
CMB,The Coombe & Mosman Bay,Oct. 10,"2020, 10 a.m.",10-Oct-20   10 a.m.,2,Glassy,-,2020,10 AM,Oct 10 2020 10 AM,2020-10-10 10:00:00,2020-10-10 10:00:00+08:00,2020-10-10 02:00:00+00:00,2020-10-10,02:00:00,752,2020-10-10,16.85875,18.09208333333333,8.0075,179.29083333333332,2.712916666666666,12.917083333333332,227.22333333333333,2.5766666666666667,13.7525,230.34291666666664,25.58333333333333,61.79583333333333,0.0,23.90041666666667,1016.8116666666666,5.340416666666667,0.2749999999999999,16.85875,18.09208333333333,8.0075,179.29083333333332,2.712916666666666,12.917083333333332,227.22333333333333,2.5766666666666667,13.7525,230.34291666666664,25.58333333333333,61.79583333333333,0.0,23.90041666666667,1016.8116666666666,5.340416666666667,0.2749999999999999,16.85875,18.09208333333333,8.0075,179.29083333333332,2.712916666666666,12.917083333333332,227.22333333333333,2.5766666666666667,13.7525,230.34291666666664,25.58333333333333,61.79583333333333,0.0,23.90041666666667,1016.8116666666666,5.340416666666667,0.2749999999999999,0.0,0.0
AMJ,Ammo Jetty,Oct. 9,"2020, 8 p.m.",9-Oct-20   8 p.m.,1,Fair,"18c, 0.5-2m vis, current/surge",2020,8 PM,Oct 9 2020 8 PM,2020-10-09 20:00:00,2020-10-09 20:00:00+08:00,2020-10-09 12:00:00+00:00,2020-10-09,12:00:00,753,2020-10-09,17.0225,18.27625,4.265833333333333,167.50375,2.4266666666666667,13.0475,234.81833333333336,2.4141666666666666,13.156666666666666,235.32041666666663,44.66666666666666,55.3125,0.0,24.138333333333332,1016.82375,4.433333333333334,0.3458333333333334,17.0225,18.27625,4.265833333333333,167.50375,2.4266666666666667,13.0475,234.81833333333336,2.4141666666666666,13.156666666666666,235.32041666666663,44.66666666666666,55.3125,0.0,24.138333333333332,1016.82375,4.433333333333334,0.3458333333333334,17.0225,18.27625,4.265833333333333,167.50375,2.4266666666666667,13.0475,234.81833333333336,2.4141666666666666,13.156666666666666,235.32041666666663,44.66666666666666,55.3125,0.0,24.138333333333332,1016.82375,4.433333333333334,0.3458333333333334,0.0,5.86
BWR,Blackwall Reach,Oct. 3,"2020, 9 p.m.",3-Oct-20   9 p.m.,1,Glassy,"18c, >4m @1m , Point Walter",2020,9 PM,Oct 3 2020 9 PM,2020-10-03 21:00:00,2020-10-03 21:00:00+08:00,2020-10-03 13:00:00+00:00,2020-10-03,13:00:00,754,2020-10-03,13.052083333333334,19.03,8.543333333333333,176.37208333333334,2.8200000000000003,10.912083333333332,224.18166666666664,2.620416666666667,11.852083333333333,229.00458333333333,26.791666666666668,51.75416666666666,0.0,24.133750000000003,1028.017916666667,7.86375,0.2945833333333333,13.052083333333334,19.03,8.543333333333333,176.37208333333334,2.8200000000000003,10.912083333333332,224.18166666666664,2.620416666666667,11.852083333333333,229.00458333333333,26.791666666666668,51.75416666666666,0.0,24.133750000000003,1028.017916666667,7.86375,0.2945833333333333,13.052083333333334,19.03,8.543333333333333,176.37208333333334,2.8200000000000003,10.912083333333332,224.18166666666664,2.620416666666667,11.852083333333333,229.00458333333333,26.791666666666668,51.75416666666666,0.0,24.133750000000003,1028.017916666667,7.86375,0.2945833333333333,0.01,1.39
AMJ,Ammo Jetty,Oct. 3,"2020, 10 a.m.",3-Oct-20   10 a.m.,1,Fair,"18c, 0.5-2m vis",2020,10 AM,Oct 3 2020 10 AM,2020-10-03 10:00:00,2020-10-03 10:00:00+08:00,2020-10-03 02:00:00+00:00,2020-10-03,02:00:00,755,2020-10-03,13.052083333333334,19.03,8.543333333333333,176.37208333333334,2.8200000000000003,10.912083333333332,224.18166666666664,2.620416666666667,11.852083333333333,229.00458333333333,26.791666666666668,51.75416666666666,0.0,24.133750000000003,1028.017916666667,7.86375,0.2945833333333333,13.052083333333334,19.03,8.543333333333333,176.37208333333334,2.8200000000000003,10.912083333333332,224.18166666666664,2.620416666666667,11.852083333333333,229.00458333333333,26.791666666666668,51.75416666666666,0.0,24.133750000000003,1028.017916666667,7.86375,0.2945833333333333,13.052083333333334,19.03,8.543333333333333,176.37208333333334,2.8200000000000003,10.912083333333332,224.18166666666664,2.620416666666667,11.852083333333333,229.00458333333333,26.791666666666668,51.75416666666666,0.0,24.133750000000003,1028.017916666667,7.86375,0.2945833333333333,0.0999999999999999,1.39
PPR,Point Peron,Sept. 22,"2020, 6 p.m.",22-Sep-20   6 p.m.,12,Fair,"Choppy, v.little swell, 18oC",2020,6 PM,Sep 22 2020 6 PM,2020-09-22 18:00:00,2020-09-22 18:00:00+08:00,2020-09-22 10:00:00+00:00,2020-09-22,10:00:00,756,2020-09-22,15.6375,18.0,4.58625,179.3225,1.450416666666667,9.930833333333334,239.26458333333332,1.4341666666666668,10.105416666666668,240.04083333333327,12.479166666666666,72.25833333333334,0.0,24.13458333333333,1024.0095833333332,4.640833333333333,0.29875,15.6375,18.0,4.58625,179.3225,1.450416666666667,9.930833333333334,239.26458333333332,1.4341666666666668,10.105416666666668,240.04083333333327,12.479166666666666,72.25833333333334,0.0,24.13458333333333,1024.0095833333332,4.640833333333333,0.29875,15.6375,18.0,4.58625,179.3225,1.450416666666667,9.930833333333334,239.26458333333332,1.4341666666666668,10.105416666666668,240.04083333333327,12.479166666666666,72.25833333333334,0.0,24.13458333333333,1024.0095833333332,4.640833333333333,0.29875,2.16,2.47
AMJ,Ammo Jetty,Sept. 21,"2020, 7 p.m.",21-Sep-20   7 p.m.,1,Fair,"16 deg, light current at end",2020,7 PM,Sep 21 2020 7 PM,2020-09-21 19:00:00,2020-09-21 19:00:00+08:00,2020-09-21 11:00:00+00:00,2020-09-21,11:00:00,757,2020-09-21,14.01375,17.78708333333333,5.7250000000000005,231.98291666666668,1.924583333333333,9.84625,230.34291666666664,1.877916666666667,10.178333333333333,230.30625,77.35416666666667,68.93333333333334,2.3,22.469166666666663,1021.9858333333332,4.925833333333333,0.2379166666666666,14.01375,17.78708333333333,5.7250000000000005,231.98291666666668,1.924583333333333,9.84625,230.34291666666664,1.877916666666667,10.178333333333333,230.30625,77.35416666666667,68.93333333333334,2.3,22.469166666666663,1021.9858333333332,4.925833333333333,0.2379166666666666,14.01375,17.78708333333333,5.7250000000000005,231.98291666666668,1.924583333333333,9.84625,230.34291666666664,1.877916666666667,10.178333333333333,230.30625,77.35416666666667,68.93333333333334,2.3,22.469166666666663,1021.9858333333332,4.925833333333333,0.2379166666666666,0.0999999999999999,3.42
NMF,North Mole Fremantle,Sept. 18,"2020, 8 p.m.",18-Sep-20   8 p.m.,10,Fair,"Temp: 18 deg, some surge",2020,8 PM,Sep 18 2020 8 PM,2020-09-18 20:00:00,2020-09-18 20:00:00+08:00,2020-09-18 12:00:00+00:00,2020-09-18,12:00:00,758,2020-09-18,17.365833333333335,18.320416666666667,7.800833333333333,239.11125,1.5583333333333331,10.65125,234.88583333333332,1.1545833333333333,13.781666666666666,234.34458333333336,38.708333333333336,64.825,1.26,24.13625,1011.6825,9.066666666666666,0.2104166666666666,17.365833333333335,18.320416666666667,7.800833333333333,239.11125,1.5583333333333331,10.65125,234.88583333333332,1.1545833333333333,13.781666666666666,234.34458333333336,38.708333333333336,64.825,1.26,24.13625,1011.6825,9.066666666666666,0.2104166666666666,17.365833333333335,18.320416666666667,7.800833333333333,239.11125,1.5583333333333331,10.65125,234.88583333333332,1.1545833333333333,13.781666666666666,234.34458333333336,38.708333333333336,64.825,1.26,24.13625,1011.6825,9.066666666666666,0.2104166666666666,0.0,0.0
PPR,Point Peron,Sept. 18,"2020, 1 p.m.",18-Sep-20   1 p.m.,10,Fair,18degrees,2020,1 PM,Sep 18 2020 1 PM,2020-09-18 13:00:00,2020-09-18 13:00:00+08:00,2020-09-18 05:00:00+00:00,2020-09-18,05:00:00,759,2020-09-18,16.782083333333333,18.240416666666665,7.0825000000000005,229.31208333333333,1.42375,10.59,249.8116666666667,1.0975,13.203333333333331,244.13625,34.145833333333336,67.59166666666667,2.01,23.311666666666667,1011.4441666666668,9.724166666666669,0.2108333333333333,16.782083333333333,18.240416666666665,7.0825000000000005,229.31208333333333,1.42375,10.59,249.8116666666667,1.0975,13.203333333333331,244.13625,34.145833333333336,67.59166666666667,2.01,23.311666666666667,1011.4441666666668,9.724166666666669,0.2108333333333333,16.782083333333333,18.240416666666665,7.0825000000000005,229.31208333333333,1.42375,10.59,249.8116666666667,1.0975,13.203333333333331,244.13625,34.145833333333336,67.59166666666667,2.01,23.311666666666667,1011.4441666666668,9.724166666666669,0.2108333333333333,0.0,0.0
ROB,Robbs Jetty,Sept. 16,"2020, 6 p.m.",16-Sep-20   6 p.m.,6,Fair,"Weedy, good conditions, 18oC",2020,6 PM,Sep 16 2020 6 PM,2020-09-16 18:00:00,2020-09-16 18:00:00+08:00,2020-09-16 10:00:00+00:00,2020-09-16,10:00:00,760,2020-09-16,15.065,18.6775,11.08125,144.68375,2.270833333333333,9.189583333333331,203.79708333333332,1.82875,11.635833333333332,227.69041666666664,7.583333333333333,59.3875,0.0,24.13416666666667,1023.3908333333334,9.115416666666668,0.3029166666666666,15.065,18.6775,11.08125,144.68375,2.270833333333333,9.189583333333331,203.79708333333332,1.82875,11.635833333333332,227.69041666666664,7.583333333333333,59.3875,0.0,24.13416666666667,1023.3908333333334,9.115416666666668,0.3029166666666666,15.065,18.6775,11.08125,144.68375,2.270833333333333,9.189583333333331,203.79708333333332,1.82875,11.635833333333332,227.69041666666664,7.583333333333333,59.3875,0.0,24.13416666666667,1023.3908333333334,9.115416666666668,0.3029166666666666,0.0,0.0
WAT,Watermans/North Beach,Sept. 12,"2020, 11 a.m.",12-Sep-20   11 a.m.,2,Windy,choppy,2020,11 AM,Sep 12 2020 11 AM,2020-09-12 11:00:00,2020-09-12 11:00:00+08:00,2020-09-12 03:00:00+00:00,2020-09-12,03:00:00,761,2020-09-12,15.460416666666667,18.776666666666667,6.5225,150.27541666666667,2.3404166666666666,11.932083333333331,233.73416666666665,2.2841666666666667,12.32625,235.80291666666665,0.0,66.93333333333334,0.0,24.139166666666668,1028.685,6.175,0.2333333333333333,15.460416666666667,18.776666666666667,6.5225,150.27541666666667,2.3404166666666666,11.932083333333331,233.73416666666665,2.2841666666666667,12.32625,235.80291666666665,0.0,66.93333333333334,0.0,24.139166666666668,1028.685,6.175,0.2333333333333333,15.460416666666667,18.776666666666667,6.5225,150.27541666666667,2.3404166666666666,11.932083333333331,233.73416666666665,2.2841666666666667,12.32625,235.80291666666665,0.0,66.93333333333334,0.0,24.139166666666668,1028.685,6.175,0.2333333333333333,0.0,0.1
BUL,Bulk Jetty,Sept. 12,"2020, 10 a.m.",12-Sep-20   10 a.m.,6,Fair,"18c,   nudi trapania, flame ti",2020,10 AM,Sep 12 2020 10 AM,2020-09-12 10:00:00,2020-09-12 10:00:00+08:00,2020-09-12 02:00:00+00:00,2020-09-12,02:00:00,762,2020-09-12,14.3025,18.07375,4.757916666666667,156.91333333333333,1.9341666666666668,11.906666666666666,243.57083333333333,1.9166666666666667,12.06,244.26458333333332,0.0,58.79583333333333,0.0,24.139166666666668,1028.6129166666667,5.400833333333334,0.2166666666666666,14.3025,18.07375,4.757916666666667,156.91333333333333,1.9341666666666668,11.906666666666666,243.57083333333333,1.9166666666666667,12.06,244.26458333333332,0.0,58.79583333333333,0.0,24.139166666666668,1028.6129166666667,5.400833333333334,0.2166666666666666,14.3025,18.07375,4.757916666666667,156.91333333333333,1.9341666666666668,11.906666666666666,243.57083333333333,1.9166666666666667,12.06,244.26458333333332,0.0,58.79583333333333,0.0,24.139166666666668,1028.6129166666667,5.400833333333334,0.2166666666666666,0.0,0.0
RKM,Rockingham Dive Trail,Sept. 11,"2020, 3 p.m.",11-Sep-20   3 p.m.,2,Fair,"17 degrees, nudibranches",2020,3 PM,Sep 11 2020 3 PM,2020-09-11 15:00:00,2020-09-11 15:00:00+08:00,2020-09-11 07:00:00+00:00,2020-09-11,07:00:00,763,2020-09-11,14.47625,18.37708333333333,5.0062500000000005,168.04291666666668,2.60625,13.264583333333334,248.39791666666667,2.59,13.387083333333337,248.92416666666668,14.5,61.64166666666667,0.07,24.137083333333333,1024.5820833333337,4.605,0.27875,14.47625,18.37708333333333,5.0062500000000005,168.04291666666668,2.60625,13.264583333333334,248.39791666666667,2.59,13.387083333333337,248.92416666666668,14.5,61.64166666666667,0.07,24.137083333333333,1024.5820833333337,4.605,0.27875,14.47625,18.37708333333333,5.0062500000000005,168.04291666666668,2.60625,13.264583333333334,248.39791666666667,2.59,13.387083333333337,248.92416666666668,14.5,61.64166666666667,0.07,24.137083333333333,1024.5820833333337,4.605,0.27875,0.0999999999999999,0.55
LIT,Little Beach,Sept. 5,"2020, 11 a.m.",5-Sep-20   11 a.m.,6,Windy,"Outer groyne, 17deg, vis 1m@9m",2020,11 AM,Sep 5 2020 11 AM,2020-09-05 11:00:00,2020-09-05 11:00:00+08:00,2020-09-05 03:00:00+00:00,2020-09-05,03:00:00,764,2020-09-05,17.031666666666666,17.982916666666668,7.469583333333333,313.5325,2.1316666666666664,9.799166666666666,255.18791666666667,1.856666666666667,11.040416666666667,244.8095833333333,51.0625,72.55,0.0,24.135416666666668,1011.0679166666667,7.575416666666666,0.3441666666666667,17.031666666666666,17.982916666666668,7.469583333333333,313.5325,2.1316666666666664,9.799166666666666,255.18791666666667,1.856666666666667,11.040416666666667,244.8095833333333,51.0625,72.55,0.0,24.135416666666668,1011.0679166666667,7.575416666666666,0.3441666666666667,17.031666666666666,17.982916666666668,7.469583333333333,313.5325,2.1316666666666664,9.799166666666666,255.18791666666667,1.856666666666667,11.040416666666667,244.8095833333333,51.0625,72.55,0.0,24.135416666666668,1011.0679166666667,7.575416666666666,0.3441666666666667,0.0,0.16
NMF,North Mole Fremantle,Sept. 4,"2020, 10 a.m.",4-Sep-20   10 a.m.,5,Rough,"Mewstone Rock, Rough and soupy",2020,10 AM,Sep 4 2020 10 AM,2020-09-04 10:00:00,2020-09-04 10:00:00+08:00,2020-09-04 02:00:00+00:00,2020-09-04,02:00:00,765,2020-09-04,17.185,18.059166666666663,3.86625,294.7233333333333,2.435416666666667,12.921666666666669,234.5275,2.432916666666667,12.94875,234.4195833333333,32.354166666666664,72.1875,0.07,24.13583333333333,1018.5166666666668,4.1625000000000005,0.3191666666666666,17.185,18.059166666666663,3.86625,294.7233333333333,2.435416666666667,12.921666666666669,234.5275,2.432916666666667,12.94875,234.4195833333333,32.354166666666664,72.1875,0.07,24.13583333333333,1018.5166666666668,4.1625000000000005,0.3191666666666666,17.185,18.059166666666663,3.86625,294.7233333333333,2.435416666666667,12.921666666666669,234.5275,2.432916666666667,12.94875,234.4195833333333,32.354166666666664,72.1875,0.07,24.13583333333333,1018.5166666666668,4.1625000000000005,0.3191666666666666,0.16,0.16
RKM,Rockingham Dive Trail,Aug. 31,"2020, 10 a.m.",31-Aug-20   10 a.m.,7,Fair,"Temp: 16 deg, light surge",2020,10 AM,Aug 31 2020 10 AM,2020-08-31 10:00:00,2020-08-31 10:00:00+08:00,2020-08-31 02:00:00+00:00,2020-08-31,02:00:00,766,2020-08-31,16.083333333333332,17.96,9.720416666666669,290.03125,2.9858333333333333,11.28875,257.88666666666666,2.208333333333333,13.950833333333334,248.17,48.520833333333336,68.93333333333334,6.84,19.824583333333333,1011.49125,13.2125,0.3295833333333333,16.083333333333332,17.96,9.720416666666669,290.03125,2.9858333333333333,11.28875,257.88666666666666,2.208333333333333,13.950833333333334,248.17,48.520833333333336,68.93333333333334,6.84,19.824583333333333,1011.49125,13.2125,0.3295833333333333,16.083333333333332,17.96,9.720416666666669,290.03125,2.9858333333333333,11.28875,257.88666666666666,2.208333333333333,13.950833333333334,248.17,48.520833333333336,68.93333333333334,6.84,19.824583333333333,1011.49125,13.2125,0.3295833333333333,0.0,0.0
KGT,Kwinana Grain Terminal,Aug. 29,"2020, 9 a.m.",29-Aug-20   9 a.m.,10,Glassy,-,2020,9 AM,Aug 29 2020 9 AM,2020-08-29 09:00:00,2020-08-29 09:00:00+08:00,2020-08-29 01:00:00+00:00,2020-08-29,01:00:00,767,2020-08-29,13.702916666666669,17.557083333333335,6.240833333333334,152.94666666666666,2.5454166666666667,12.04125,244.86375,2.5229166666666667,12.193333333333332,245.6195833333333,31.979166666666668,64.91250000000001,0.0,24.1325,1025.4641666666666,7.667083333333333,0.16375,13.702916666666669,17.557083333333335,6.240833333333334,152.94666666666666,2.5454166666666667,12.04125,244.86375,2.5229166666666667,12.193333333333332,245.6195833333333,31.979166666666668,64.91250000000001,0.0,24.1325,1025.4641666666666,7.667083333333333,0.16375,13.702916666666669,17.557083333333335,6.240833333333334,152.94666666666666,2.5454166666666667,12.04125,244.86375,2.5229166666666667,12.193333333333332,245.6195833333333,31.979166666666668,64.91250000000001,0.0,24.1325,1025.4641666666666,7.667083333333333,0.16375,0.0,0.0
HIL,Hillarys,Aug. 25,"2020, 9 a.m.",25-Aug-20   9 a.m.,20,Windy,Depth @ 25m,2020,9 AM,Aug 25 2020 9 AM,2020-08-25 09:00:00,2020-08-25 09:00:00+08:00,2020-08-25 01:00:00+00:00,2020-08-25,01:00:00,768,2020-08-25,16.34541666666667,18.72,4.182916666666666,147.51958333333334,1.375,11.127916666666666,235.86125,1.35125,11.420416666666666,237.185,7.020833333333333,66.73333333333333,0.0,24.135416666666668,1024.96625,4.649583333333333,0.3554166666666666,16.34541666666667,18.72,4.182916666666666,147.51958333333334,1.375,11.127916666666666,235.86125,1.35125,11.420416666666666,237.185,7.020833333333333,66.73333333333333,0.0,24.135416666666668,1024.96625,4.649583333333333,0.3554166666666666,16.34541666666667,18.72,4.182916666666666,147.51958333333334,1.375,11.127916666666666,235.86125,1.35125,11.420416666666666,237.185,7.020833333333333,66.73333333333333,0.0,24.135416666666668,1024.96625,4.649583333333333,0.3554166666666666,0.0,0.0
AMJ,Ammo Jetty,Aug. 24,"2020, 7 p.m.",24-Aug-20   7 p.m.,5,Fair,"Good vis, nudis, seahorses, 17",2020,7 PM,Aug 24 2020 7 PM,2020-08-24 19:00:00,2020-08-24 19:00:00+08:00,2020-08-24 11:00:00+00:00,2020-08-24,11:00:00,769,2020-08-24,14.784166666666666,17.91541666666667,3.1833333333333336,146.49416666666667,1.5354166666666669,11.56125,236.91208333333336,1.5329166666666667,11.5875,237.09416666666667,39.75,63.29166666666666,0.0,24.135,1022.8104166666668,2.94,0.3329166666666667,14.784166666666666,17.91541666666667,3.1833333333333336,146.49416666666667,1.5354166666666669,11.56125,236.91208333333336,1.5329166666666667,11.5875,237.09416666666667,39.75,63.29166666666666,0.0,24.135,1022.8104166666668,2.94,0.3329166666666667,14.784166666666666,17.91541666666667,3.1833333333333336,146.49416666666667,1.5354166666666669,11.56125,236.91208333333336,1.5329166666666667,11.5875,237.09416666666667,39.75,63.29166666666666,0.0,24.135,1022.8104166666668,2.94,0.3329166666666667,0.0,2.16
BUL,Bulk Jetty,Aug. 23,"2020, 2 p.m.",23-Aug-20   2 p.m.,8,Fair,16 degrees,2020,2 PM,Aug 23 2020 2 PM,2020-08-23 14:00:00,2020-08-23 14:00:00+08:00,2020-08-23 06:00:00+00:00,2020-08-23,06:00:00,770,2020-08-23,14.777916666666668,17.55333333333333,4.4425,190.0325,1.8908333333333331,11.887916666666667,244.4925,1.87375,12.037083333333332,244.56791666666663,44.4375,62.71666666666667,0.0,24.13583333333333,1020.6866666666666,3.81875,0.3445833333333333,14.777916666666668,17.55333333333333,4.4425,190.0325,1.8908333333333331,11.887916666666667,244.4925,1.87375,12.037083333333332,244.56791666666663,44.4375,62.71666666666667,0.0,24.13583333333333,1020.6866666666666,3.81875,0.3445833333333333,14.777916666666668,17.55333333333333,4.4425,190.0325,1.8908333333333331,11.887916666666667,244.4925,1.87375,12.037083333333332,244.56791666666663,44.4375,62.71666666666667,0.0,24.13583333333333,1020.6866666666666,3.81875,0.3445833333333333,2.16,2.16
BUL,Bulk Jetty,Aug. 22,"2020, 10 a.m.",22-Aug-20   10 a.m.,8,Fair,-,2020,10 AM,Aug 22 2020 10 AM,2020-08-22 10:00:00,2020-08-22 10:00:00+08:00,2020-08-22 02:00:00+00:00,2020-08-22,02:00:00,771,2020-08-22,16.417083333333334,16.88,4.536666666666666,211.8216666666667,1.5229166666666665,13.655,245.88625,1.502916666666667,13.930416666666666,246.10833333333332,87.5,61.23333333333333,2.16,23.055,1019.685,4.632916666666667,0.2075,16.417083333333334,16.88,4.536666666666666,211.8216666666667,1.5229166666666665,13.655,245.88625,1.502916666666667,13.930416666666666,246.10833333333332,87.5,61.23333333333333,2.16,23.055,1019.685,4.632916666666667,0.2075,16.417083333333334,16.88,4.536666666666666,211.8216666666667,1.5229166666666665,13.655,245.88625,1.502916666666667,13.930416666666666,246.10833333333332,87.5,61.23333333333333,2.16,23.055,1019.685,4.632916666666667,0.2075,0.0,0.0
HIL,Hillarys,Aug. 21,"2020, 8 p.m.",21-Aug-20   8 p.m.,15,Glassy,A bit of surge but very clear!,2020,8 PM,Aug 21 2020 8 PM,2020-08-21 20:00:00,2020-08-21 20:00:00+08:00,2020-08-21 12:00:00+00:00,2020-08-21,12:00:00,772,2020-08-21,16.21875,17.636666666666667,3.883333333333333,96.31375,1.409166666666667,12.170416666666666,236.38666666666663,1.4041666666666668,12.261666666666663,236.60833333333332,100.0,63.12916666666666,0.0,24.13416666666667,1022.295,4.575833333333333,0.2370833333333333,16.21875,17.636666666666667,3.883333333333333,96.31375,1.409166666666667,12.170416666666666,236.38666666666663,1.4041666666666668,12.261666666666663,236.60833333333332,100.0,63.12916666666666,0.0,24.13416666666667,1022.295,4.575833333333333,0.2370833333333333,16.21875,17.636666666666667,3.883333333333333,96.31375,1.409166666666667,12.170416666666666,236.38666666666663,1.4041666666666668,12.261666666666663,236.60833333333332,100.0,63.12916666666666,0.0,24.13416666666667,1022.295,4.575833333333333,0.2370833333333333,0.0,0.0
NMF,North Mole Fremantle,Aug. 21,"2020, 7 p.m.",21-Aug-20   7 p.m.,6,Fair,-,2020,7 PM,Aug 21 2020 7 PM,2020-08-21 19:00:00,2020-08-21 19:00:00+08:00,2020-08-21 11:00:00+00:00,2020-08-21,11:00:00,773,2020-08-21,16.21875,16.96625,3.67125,101.48,1.2758333333333334,12.129583333333334,238.85958333333332,1.27,12.225833333333334,239.035,100.0,63.12916666666666,0.0,24.13416666666667,1022.295,4.575833333333333,0.2358333333333333,16.21875,16.96625,3.67125,101.48,1.2758333333333334,12.129583333333334,238.85958333333332,1.27,12.225833333333334,239.035,100.0,63.12916666666666,0.0,24.13416666666667,1022.295,4.575833333333333,0.2358333333333333,16.21875,16.96625,3.67125,101.48,1.2758333333333334,12.129583333333334,238.85958333333332,1.27,12.225833333333334,239.035,100.0,63.12916666666666,0.0,24.13416666666667,1022.295,4.575833333333333,0.2358333333333333,0.0,0.0
WOO,Woodman Point,Aug. 21,"2020, 7 p.m.",21-Aug-20   7 p.m.,7,Fair,-,2020,7 PM,Aug 21 2020 7 PM,2020-08-21 19:00:00,2020-08-21 19:00:00+08:00,2020-08-21 11:00:00+00:00,2020-08-21,11:00:00,774,2020-08-21,16.21875,16.912916666666664,2.860416666666667,107.92375,1.16625,12.10125,243.5675,1.163333333333333,12.167083333333332,243.62583333333336,100.0,63.12916666666666,0.0,24.13416666666667,1022.295,4.575833333333333,0.2354166666666667,16.21875,16.912916666666664,2.860416666666667,107.92375,1.16625,12.10125,243.5675,1.163333333333333,12.167083333333332,243.62583333333336,100.0,63.12916666666666,0.0,24.13416666666667,1022.295,4.575833333333333,0.2354166666666667,16.21875,16.912916666666664,2.860416666666667,107.92375,1.16625,12.10125,243.5675,1.163333333333333,12.167083333333332,243.62583333333336,100.0,63.12916666666666,0.0,24.13416666666667,1022.295,4.575833333333333,0.2354166666666667,0.0,0.0
FWB,Freshwater Bay,Aug. 19,"2020, 7 p.m.",19-Aug-20   7 p.m.,2,Glassy,"shallow, seahorses 15c",2020,7 PM,Aug 19 2020 7 PM,2020-08-19 19:00:00,2020-08-19 19:00:00+08:00,2020-08-19 11:00:00+00:00,2020-08-19,11:00:00,775,2020-08-19,13.487083333333333,17.35125,2.8629166666666666,159.07833333333335,1.6479166666666665,12.124583333333334,235.8883333333333,1.6445833333333333,12.142083333333334,235.93791666666667,20.25,63.2875,0.0,24.133333333333336,1021.30625,2.4145833333333333,0.25625,13.487083333333333,17.35125,2.8629166666666666,159.07833333333335,1.6479166666666665,12.124583333333334,235.8883333333333,1.6445833333333333,12.142083333333334,235.93791666666667,20.25,63.2875,0.0,24.133333333333336,1021.30625,2.4145833333333333,0.25625,13.487083333333333,17.35125,2.8629166666666666,159.07833333333335,1.6479166666666665,12.124583333333334,235.8883333333333,1.6445833333333333,12.142083333333334,235.93791666666667,20.25,63.2875,0.0,24.133333333333336,1021.30625,2.4145833333333333,0.25625,0.0,0.89
CMB,The Coombe & Mosman Bay,Aug. 16,"2020, 7 p.m.",16-Aug-20   7 p.m.,3,Fair,"15deg, vis 4m @6m & 2m @10m",2020,7 PM,Aug 16 2020 7 PM,2020-08-16 19:00:00,2020-08-16 19:00:00+08:00,2020-08-16 11:00:00+00:00,2020-08-16,11:00:00,776,2020-08-16,12.8025,18.13208333333333,11.330833333333333,239.7683333333333,3.1533333333333338,9.609166666666669,245.5445833333333,2.5029166666666667,11.510833333333332,247.10958333333332,60.16666666666666,61.55416666666667,6.19,18.90125,1010.0104166666666,10.530833333333334,0.34,12.8025,18.13208333333333,11.330833333333333,239.7683333333333,3.1533333333333338,9.609166666666669,245.5445833333333,2.5029166666666667,11.510833333333332,247.10958333333332,60.16666666666666,61.55416666666667,6.19,18.90125,1010.0104166666666,10.530833333333334,0.34,12.8025,18.13208333333333,11.330833333333333,239.7683333333333,3.1533333333333338,9.609166666666669,245.5445833333333,2.5029166666666667,11.510833333333332,247.10958333333332,60.16666666666666,61.55416666666667,6.19,18.90125,1010.0104166666666,10.530833333333334,0.34,22.4,25.68
BIC,Bicton Baths,Aug. 15,"2020, 7 p.m.",15-Aug-20   7 p.m.,6,Glassy,"16C JerratDv,+20seahorses",2020,7 PM,Aug 15 2020 7 PM,2020-08-15 19:00:00,2020-08-15 19:00:00+08:00,2020-08-15 11:00:00+00:00,2020-08-15,11:00:00,777,2020-08-15,15.97625,18.15041666666667,12.602083333333333,250.7591666666667,2.9454166666666666,8.543333333333333,289.715,1.8429166666666663,11.3925,259.26125,86.70833333333333,59.0875,20.93,17.204166666666666,1005.9966666666668,12.445416666666668,0.4091666666666667,15.97625,18.15041666666667,12.602083333333333,250.7591666666667,2.9454166666666666,8.543333333333333,289.715,1.8429166666666663,11.3925,259.26125,86.70833333333333,59.0875,20.93,17.204166666666666,1005.9966666666668,12.445416666666668,0.4091666666666667,15.97625,18.15041666666667,12.602083333333333,250.7591666666667,2.9454166666666666,8.543333333333333,289.715,1.8429166666666663,11.3925,259.26125,86.70833333333333,59.0875,20.93,17.204166666666666,1005.9966666666668,12.445416666666668,0.4091666666666667,3.28,5.970000000000001
RTS,Rottnest South,Aug. 15,"2020, 10 a.m.",15-Aug-20   10 a.m.,20,Fair,20C Hiding from swell & N wind,2020,10 AM,Aug 15 2020 10 AM,2020-08-15 10:00:00,2020-08-15 10:00:00+08:00,2020-08-15 02:00:00+00:00,2020-08-15,02:00:00,778,2020-08-15,17.188333333333333,18.15041666666667,12.602083333333333,250.7591666666667,2.9454166666666666,8.543333333333333,289.715,1.8429166666666663,11.3925,259.26125,71.35416666666667,69.3875,11.13,18.72041666666667,1005.6666666666666,16.412499999999998,0.4091666666666667,17.188333333333333,18.15041666666667,12.602083333333333,250.7591666666667,2.9454166666666666,8.543333333333333,289.715,1.8429166666666663,11.3925,259.26125,71.35416666666667,69.3875,11.13,18.72041666666667,1005.6666666666666,16.412499999999998,0.4091666666666667,17.188333333333333,18.15041666666667,12.602083333333333,250.7591666666667,2.9454166666666666,8.543333333333333,289.715,1.8429166666666663,11.3925,259.26125,71.35416666666667,69.3875,11.13,18.72041666666667,1005.6666666666666,16.412499999999998,0.4091666666666667,6.22,10.96
NMF,North Mole Fremantle,Aug. 13,"2020, 1 p.m.",13-Aug-20   1 p.m.,3,Fair,soupy :((,2020,1 PM,Aug 13 2020 1 PM,2020-08-13 13:00:00,2020-08-13 13:00:00+08:00,2020-08-13 05:00:00+00:00,2020-08-13,05:00:00,779,2020-08-13,15.14875,18.75208333333333,2.147083333333333,240.73,1.5179166666666666,11.88625,237.59333333333333,1.5175,11.894583333333337,237.59333333333333,91.35416666666669,70.85416666666667,4.24,20.177916666666665,1018.1579166666668,4.3675,0.3529166666666667,15.14875,18.75208333333333,2.147083333333333,240.73,1.5179166666666666,11.88625,237.59333333333333,1.5175,11.894583333333337,237.59333333333333,91.35416666666669,70.85416666666667,4.24,20.177916666666665,1018.1579166666668,4.3675,0.3529166666666667,15.14875,18.75208333333333,2.147083333333333,240.73,1.5179166666666666,11.88625,237.59333333333333,1.5175,11.894583333333337,237.59333333333333,91.35416666666669,70.85416666666667,4.24,20.177916666666665,1018.1579166666668,4.3675,0.3529166666666667,1.29,1.76
BWR,Blackwall Reach,Aug. 12,"2020, 7 p.m.",12-Aug-20   7 p.m.,2,Fair,4m in shallows/rockwall. 13deg,2020,7 PM,Aug 12 2020 7 PM,2020-08-12 19:00:00,2020-08-12 19:00:00+08:00,2020-08-12 11:00:00+00:00,2020-08-12,11:00:00,780,2020-08-12,12.566249999999998,19.075,6.476666666666667,177.95875,2.0379166666666664,10.54375,232.29541666666668,1.9391666666666667,11.199166666666663,235.11666666666667,62.375,69.85000000000001,0.17,24.13625,1017.3541666666666,4.89125,0.5179166666666667,12.566249999999998,19.075,6.476666666666667,177.95875,2.0379166666666664,10.54375,232.29541666666668,1.9391666666666667,11.199166666666663,235.11666666666667,62.375,69.85000000000001,0.17,24.13625,1017.3541666666666,4.89125,0.5179166666666667,12.566249999999998,19.075,6.476666666666667,177.95875,2.0379166666666664,10.54375,232.29541666666668,1.9391666666666667,11.199166666666663,235.11666666666667,62.375,69.85000000000001,0.17,24.13625,1017.3541666666666,4.89125,0.5179166666666667,0.13,1.52
CMT,Coogee Maritime Trail,Aug. 8,"2020, 10 a.m.",8-Aug-20   10 a.m.,3,Windy,"Temp: 16 deg, very light surge",2020,10 AM,Aug 8 2020 10 AM,2020-08-08 10:00:00,2020-08-08 10:00:00+08:00,2020-08-08 02:00:00+00:00,2020-08-08,02:00:00,781,2020-08-08,17.051666666666666,17.47625,12.09125,42.12791666666667,2.2220833333333334,8.502916666666666,226.56125,1.4941666666666666,13.060416666666669,256.62833333333333,72.41666666666667,43.6125,7.99,22.62291666666667,1009.1,15.907916666666669,0.3541666666666667,17.051666666666666,17.47625,12.09125,42.12791666666667,2.2220833333333334,8.502916666666666,226.56125,1.4941666666666666,13.060416666666669,256.62833333333333,72.41666666666667,43.6125,7.99,22.62291666666667,1009.1,15.907916666666669,0.3541666666666667,17.051666666666666,17.47625,12.09125,42.12791666666667,2.2220833333333334,8.502916666666666,226.56125,1.4941666666666666,13.060416666666669,256.62833333333333,72.41666666666667,43.6125,7.99,22.62291666666667,1009.1,15.907916666666669,0.3541666666666667,0.0,0.0
KGT,Kwinana Grain Terminal,Aug. 4,"2020, 4 p.m.",4-Aug-20   4 p.m.,4,Fair,"16degrees, nudis, seahorse",2020,4 PM,Aug 4 2020 4 PM,2020-08-04 16:00:00,2020-08-04 16:00:00+08:00,2020-08-04 08:00:00+00:00,2020-08-04,08:00:00,782,2020-08-04,14.697083333333332,17.745833333333334,9.309583333333334,166.69833333333335,1.4995833333333335,8.132083333333332,208.2120833333333,1.0616666666666668,11.81,232.8025,41.333333333333336,74.96249999999999,0.0,24.133333333333336,1014.4420833333334,12.21375,0.30125,14.697083333333332,17.745833333333334,9.309583333333334,166.69833333333335,1.4995833333333335,8.132083333333332,208.2120833333333,1.0616666666666668,11.81,232.8025,41.333333333333336,74.96249999999999,0.0,24.133333333333336,1014.4420833333334,12.21375,0.30125,14.697083333333332,17.745833333333334,9.309583333333334,166.69833333333335,1.4995833333333335,8.132083333333332,208.2120833333333,1.0616666666666668,11.81,232.8025,41.333333333333336,74.96249999999999,0.0,24.133333333333336,1014.4420833333334,12.21375,0.30125,0.0,6.84
CMB,The Coombe & Mosman Bay,Aug. 2,"2020, 11 a.m.",2-Aug-20   11 a.m.,4,Fair,Dropped 1.5m at 22m wreck,2020,11 AM,Aug 2 2020 11 AM,2020-08-02 11:00:00,2020-08-02 11:00:00+08:00,2020-08-02 03:00:00+00:00,2020-08-02,03:00:00,783,2020-08-02,13.252916666666666,18.699583333333333,4.807083333333334,171.15041666666664,2.4825,14.35125,232.5675,2.4725,14.450416666666667,232.90666666666667,63.0625,63.77916666666667,4.32,22.25625,1015.6241666666666,4.885416666666667,0.2616666666666666,13.252916666666666,18.699583333333333,4.807083333333334,171.15041666666664,2.4825,14.35125,232.5675,2.4725,14.450416666666667,232.90666666666667,63.0625,63.77916666666667,4.32,22.25625,1015.6241666666666,4.885416666666667,0.2616666666666666,13.252916666666666,18.699583333333333,4.807083333333334,171.15041666666664,2.4825,14.35125,232.5675,2.4725,14.450416666666667,232.90666666666667,63.0625,63.77916666666667,4.32,22.25625,1015.6241666666666,4.885416666666667,0.2616666666666666,0.0,0.0
KGT,Kwinana Grain Terminal,Aug. 1,"2020, 10 a.m.",1-Aug-20   10 a.m.,6,Glassy,"Temp: 16 deg, some surge",2020,10 AM,Aug 1 2020 10 AM,2020-08-01 10:00:00,2020-08-01 10:00:00+08:00,2020-08-01 02:00:00+00:00,2020-08-01,02:00:00,784,2020-08-01,15.024583333333332,19.146666666666665,4.045,132.41708333333335,2.05375,13.08875,244.0870833333333,2.049166666666667,13.147916666666667,244.3125,53.79166666666666,67.15833333333333,0.0,24.13458333333333,1024.2525,3.78875,0.4020833333333333,15.024583333333332,19.146666666666665,4.045,132.41708333333335,2.05375,13.08875,244.0870833333333,2.049166666666667,13.147916666666667,244.3125,53.79166666666666,67.15833333333333,0.0,24.13458333333333,1024.2525,3.78875,0.4020833333333333,15.024583333333332,19.146666666666665,4.045,132.41708333333335,2.05375,13.08875,244.0870833333333,2.049166666666667,13.147916666666667,244.3125,53.79166666666666,67.15833333333333,0.0,24.13458333333333,1024.2525,3.78875,0.4020833333333333,0.0,0.0
RKM,Rockingham Dive Trail,Aug. 1,"2020, 10 a.m.",1-Aug-20   10 a.m.,4,Glassy,"Flat, 16 deg",2020,10 AM,Aug 1 2020 10 AM,2020-08-01 10:00:00,2020-08-01 10:00:00+08:00,2020-08-01 02:00:00+00:00,2020-08-01,02:00:00,785,2020-08-01,15.024583333333332,19.146666666666665,4.045,132.41708333333335,2.05375,13.08875,244.0870833333333,2.049166666666667,13.147916666666667,244.3125,53.79166666666666,67.15833333333333,0.0,24.13458333333333,1024.2525,3.78875,0.4020833333333333,15.024583333333332,19.146666666666665,4.045,132.41708333333335,2.05375,13.08875,244.0870833333333,2.049166666666667,13.147916666666667,244.3125,53.79166666666666,67.15833333333333,0.0,24.13458333333333,1024.2525,3.78875,0.4020833333333333,15.024583333333332,19.146666666666665,4.045,132.41708333333335,2.05375,13.08875,244.0870833333333,2.049166666666667,13.147916666666667,244.3125,53.79166666666666,67.15833333333333,0.0,24.13458333333333,1024.2525,3.78875,0.4020833333333333,0.0,0.0
KGT,Kwinana Grain Terminal,Aug. 1,"2020, 10 a.m.",1-Aug-20   10 a.m.,7,Glassy,No surge whatsoever :) 17Deg.,2020,10 AM,Aug 1 2020 10 AM,2020-08-01 10:00:00,2020-08-01 10:00:00+08:00,2020-08-01 02:00:00+00:00,2020-08-01,02:00:00,786,2020-08-01,15.024583333333332,19.146666666666665,4.045,132.41708333333335,2.05375,13.08875,244.0870833333333,2.049166666666667,13.147916666666667,244.3125,53.79166666666666,67.15833333333333,0.0,24.13458333333333,1024.2525,3.78875,0.4020833333333333,15.024583333333332,19.146666666666665,4.045,132.41708333333335,2.05375,13.08875,244.0870833333333,2.049166666666667,13.147916666666667,244.3125,53.79166666666666,67.15833333333333,0.0,24.13458333333333,1024.2525,3.78875,0.4020833333333333,15.024583333333332,19.146666666666665,4.045,132.41708333333335,2.05375,13.08875,244.0870833333333,2.049166666666667,13.147916666666667,244.3125,53.79166666666666,67.15833333333333,0.0,24.13458333333333,1024.2525,3.78875,0.4020833333333333,0.0,0.0
BUL,Bulk Jetty,July 30,"2020, 5 p.m.",30-Jul-20   5 p.m.,5,Fair,"<5m, 18c, seahorses",2020,5 PM,July 30 2020 5 PM,2020-07-30 17:00:00,2020-07-30 17:00:00+08:00,2020-07-30 09:00:00+00:00,2020-07-30,09:00:00,787,2020-07-30,15.482083333333334,19.3425,3.065,194.775,2.145,12.557083333333331,247.685,2.14,12.587083333333332,247.73875,67.95833333333333,62.2625,0.0,24.1375,1019.8158333333334,2.6475,0.4016666666666666,15.482083333333334,19.3425,3.065,194.775,2.145,12.557083333333331,247.685,2.14,12.587083333333332,247.73875,67.95833333333333,62.2625,0.0,24.1375,1019.8158333333334,2.6475,0.4016666666666666,15.482083333333334,19.3425,3.065,194.775,2.145,12.557083333333331,247.685,2.14,12.587083333333332,247.73875,67.95833333333333,62.2625,0.0,24.1375,1019.8158333333334,2.6475,0.4016666666666666,0.0,0.0
AMJ,Ammo Jetty,July 30,"2020, 2 p.m.",30-Jul-20   2 p.m.,1,Fair,"<1m, seahorses, nudis, 18c",2020,2 PM,July 30 2020 2 PM,2020-07-30 14:00:00,2020-07-30 14:00:00+08:00,2020-07-30 06:00:00+00:00,2020-07-30,06:00:00,788,2020-07-30,15.482083333333334,19.5925,3.807916666666667,190.35666666666668,2.3004166666666666,12.707916666666668,242.35666666666668,2.2954166666666667,12.749166666666667,242.4195833333333,67.95833333333333,62.2625,0.0,24.1375,1019.8158333333334,2.6475,0.40125,15.482083333333334,19.5925,3.807916666666667,190.35666666666668,2.3004166666666666,12.707916666666668,242.35666666666668,2.2954166666666667,12.749166666666667,242.4195833333333,67.95833333333333,62.2625,0.0,24.1375,1019.8158333333334,2.6475,0.40125,15.482083333333334,19.5925,3.807916666666667,190.35666666666668,2.3004166666666666,12.707916666666668,242.35666666666668,2.2954166666666667,12.749166666666667,242.4195833333333,67.95833333333333,62.2625,0.0,24.1375,1019.8158333333334,2.6475,0.40125,0.0,0.0
FWB,Freshwater Bay,July 29,"2020, 9 p.m.",29-Jul-20   9 p.m.,2,Glassy,"low tide, 2-4m vis 16c",2020,9 PM,July 29 2020 9 PM,2020-07-29 21:00:00,2020-07-29 21:00:00+08:00,2020-07-29 13:00:00+00:00,2020-07-29,13:00:00,789,2020-07-29,15.047916666666666,19.740416666666665,2.63,123.45791666666666,2.4879166666666666,12.447083333333332,243.24416666666664,2.4879166666666666,12.447083333333332,243.24416666666664,0.7291666666666666,61.1875,0.0,24.13416666666667,1023.62875,2.5229166666666667,0.4204166666666666,15.047916666666666,19.740416666666665,2.63,123.45791666666666,2.4879166666666666,12.447083333333332,243.24416666666664,2.4879166666666666,12.447083333333332,243.24416666666664,0.7291666666666666,61.1875,0.0,24.13416666666667,1023.62875,2.5229166666666667,0.4204166666666666,15.047916666666666,19.740416666666665,2.63,123.45791666666666,2.4879166666666666,12.447083333333332,243.24416666666664,2.4879166666666666,12.447083333333332,243.24416666666664,0.7291666666666666,61.1875,0.0,24.13416666666667,1023.62875,2.5229166666666667,0.4204166666666666,0.0,0.12
BIC,Bicton Baths,July 29,"2020, 8 p.m.",29-Jul-20   8 p.m.,4,Glassy,"18-19C,JerratDv+20seahorses",2020,8 PM,July 29 2020 8 PM,2020-07-29 20:00:00,2020-07-29 20:00:00+08:00,2020-07-29 12:00:00+00:00,2020-07-29,12:00:00,790,2020-07-29,15.047916666666666,19.740416666666665,2.63,123.45791666666666,2.4879166666666666,12.447083333333332,243.24416666666664,2.4879166666666666,12.447083333333332,243.24416666666664,0.7291666666666666,61.1875,0.0,24.13416666666667,1023.62875,2.5229166666666667,0.4204166666666666,15.047916666666666,19.740416666666665,2.63,123.45791666666666,2.4879166666666666,12.447083333333332,243.24416666666664,2.4879166666666666,12.447083333333332,243.24416666666664,0.7291666666666666,61.1875,0.0,24.13416666666667,1023.62875,2.5229166666666667,0.4204166666666666,15.047916666666666,19.740416666666665,2.63,123.45791666666666,2.4879166666666666,12.447083333333332,243.24416666666664,2.4879166666666666,12.447083333333332,243.24416666666664,0.7291666666666666,61.1875,0.0,24.13416666666667,1023.62875,2.5229166666666667,0.4204166666666666,0.0,0.36
BWR,Blackwall Reach,July 25,"2020, 7 p.m.",25-Jul-20   7 p.m.,2,Fair,"Temp: 16 deg, light current",2020,7 PM,July 25 2020 7 PM,2020-07-25 19:00:00,2020-07-25 19:00:00+08:00,2020-07-25 11:00:00+00:00,2020-07-25,11:00:00,791,2020-07-25,16.84125,19.7325,8.774166666666666,237.66,2.5241666666666664,10.822083333333332,267.39833333333337,2.2020833333333334,12.610833333333334,253.23541666666665,68.10416666666667,65.3125,0.0,23.70583333333333,1022.0654166666668,7.859999999999999,0.4029166666666666,16.84125,19.7325,8.774166666666666,237.66,2.5241666666666664,10.822083333333332,267.39833333333337,2.2020833333333334,12.610833333333334,253.23541666666665,68.10416666666667,65.3125,0.0,23.70583333333333,1022.0654166666668,7.859999999999999,0.4029166666666666,16.84125,19.7325,8.774166666666666,237.66,2.5241666666666664,10.822083333333332,267.39833333333337,2.2020833333333334,12.610833333333334,253.23541666666665,68.10416666666667,65.3125,0.0,23.70583333333333,1022.0654166666668,7.859999999999999,0.4029166666666666,0.0,0.0
SCR,South Cottesloe Reef,July 22,"2020, 7 p.m.",22-Jul-20   7 p.m.,1,Rough,"19C,Washing machine hell",2020,7 PM,July 22 2020 7 PM,2020-07-22 19:00:00,2020-07-22 19:00:00+08:00,2020-07-22 11:00:00+00:00,2020-07-22,11:00:00,792,2020-07-22,18.857916666666668,19.374583333333334,9.350833333333334,245.9508333333333,2.3191666666666664,10.909166666666666,257.64208333333335,1.8420833333333333,13.359583333333331,247.90583333333333,12.5,69.45,4.32,22.28833333333333,1016.93875,12.015833333333331,0.39125,18.857916666666668,19.374583333333334,9.350833333333334,245.9508333333333,2.3191666666666664,10.909166666666666,257.64208333333335,1.8420833333333333,13.359583333333331,247.90583333333333,12.5,69.45,4.32,22.28833333333333,1016.93875,12.015833333333331,0.39125,18.857916666666668,19.374583333333334,9.350833333333334,245.9508333333333,2.3191666666666664,10.909166666666666,257.64208333333335,1.8420833333333333,13.359583333333331,247.90583333333333,12.5,69.45,4.32,22.28833333333333,1016.93875,12.015833333333331,0.39125,0.0,0.0
KGT,Kwinana Grain Terminal,July 20,"2020, 7 p.m.",20-Jul-20   7 p.m.,5,Fair,"Temp: 16 deg, no current",2020,7 PM,July 20 2020 7 PM,2020-07-20 19:00:00,2020-07-20 19:00:00+08:00,2020-07-20 11:00:00+00:00,2020-07-20,11:00:00,793,2020-07-20,16.221666666666668,19.69083333333333,6.275416666666668,53.025,1.492916666666667,11.097499999999998,242.21416666666667,1.3949999999999998,12.212083333333332,236.8983333333333,45.5625,61.2875,0.0,24.138333333333332,1023.9475,9.101666666666668,0.4295833333333334,16.221666666666668,19.69083333333333,6.275416666666668,53.025,1.492916666666667,11.097499999999998,242.21416666666667,1.3949999999999998,12.212083333333332,236.8983333333333,45.5625,61.2875,0.0,24.138333333333332,1023.9475,9.101666666666668,0.4295833333333334,16.221666666666668,19.69083333333333,6.275416666666668,53.025,1.492916666666667,11.097499999999998,242.21416666666667,1.3949999999999998,12.212083333333332,236.8983333333333,45.5625,61.2875,0.0,24.138333333333332,1023.9475,9.101666666666668,0.4295833333333334,0.0,0.0
KGT,Kwinana Grain Terminal,July 19,"2020, 7 p.m.",19-Jul-20   7 p.m.,5,Fair,16 degrees,2020,7 PM,July 19 2020 7 PM,2020-07-19 19:00:00,2020-07-19 19:00:00+08:00,2020-07-19 11:00:00+00:00,2020-07-19,11:00:00,794,2020-07-19,14.155833333333334,19.285,4.824583333333334,107.66708333333334,1.7958333333333334,12.517083333333334,234.23041666666663,1.784166666666667,12.6825,234.775,21.25,65.74583333333334,0.0,24.137083333333333,1027.1079166666666,6.769583333333333,0.3929166666666666,14.155833333333334,19.285,4.824583333333334,107.66708333333334,1.7958333333333334,12.517083333333334,234.23041666666663,1.784166666666667,12.6825,234.775,21.25,65.74583333333334,0.0,24.137083333333333,1027.1079166666666,6.769583333333333,0.3929166666666666,14.155833333333334,19.285,4.824583333333334,107.66708333333334,1.7958333333333334,12.517083333333334,234.23041666666663,1.784166666666667,12.6825,234.775,21.25,65.74583333333334,0.0,24.137083333333333,1027.1079166666666,6.769583333333333,0.3929166666666666,0.0,0.0
RTS,Rottnest South,July 19,"2020, 1 p.m.",19-Jul-20   1 p.m.,15,Fair,"21C,waves,smallsurge",2020,1 PM,July 19 2020 1 PM,2020-07-19 13:00:00,2020-07-19 13:00:00+08:00,2020-07-19 05:00:00+00:00,2020-07-19,05:00:00,795,2020-07-19,14.58,19.49416666666667,5.792083333333333,102.22916666666669,2.0083333333333333,12.47625,228.00625,1.9875,12.698333333333332,228.865,1.5,64.81666666666668,0.0,24.137083333333333,1026.84125,7.340416666666666,0.3999999999999999,14.58,19.49416666666667,5.792083333333333,102.22916666666669,2.0083333333333333,12.47625,228.00625,1.9875,12.698333333333332,228.865,1.5,64.81666666666668,0.0,24.137083333333333,1026.84125,7.340416666666666,0.3999999999999999,14.58,19.49416666666667,5.792083333333333,102.22916666666669,2.0083333333333333,12.47625,228.00625,1.9875,12.698333333333332,228.865,1.5,64.81666666666668,0.0,24.137083333333333,1026.84125,7.340416666666666,0.3999999999999999,1.08,1.08
RNN,Rottnest North,July 19,"2020, 10 a.m.",19-Jul-20   10 a.m.,10,Fair,"19C,rolling swell,surgyshallow",2020,10 AM,July 19 2020 10 AM,2020-07-19 10:00:00,2020-07-19 10:00:00+08:00,2020-07-19 02:00:00+00:00,2020-07-19,02:00:00,796,2020-07-19,14.58,19.49416666666667,5.792083333333333,102.22916666666669,2.0083333333333333,12.47625,228.00625,1.9875,12.698333333333332,228.865,1.5,64.81666666666668,0.0,24.137083333333333,1026.84125,7.340416666666666,0.3999999999999999,14.58,19.49416666666667,5.792083333333333,102.22916666666669,2.0083333333333333,12.47625,228.00625,1.9875,12.698333333333332,228.865,1.5,64.81666666666668,0.0,24.137083333333333,1026.84125,7.340416666666666,0.3999999999999999,14.58,19.49416666666667,5.792083333333333,102.22916666666669,2.0083333333333333,12.47625,228.00625,1.9875,12.698333333333332,228.865,1.5,64.81666666666668,0.0,24.137083333333333,1026.84125,7.340416666666666,0.3999999999999999,1.08,1.8
BWR,Blackwall Reach,July 18,"2020, 7 p.m.",18-Jul-20   7 p.m.,3,Glassy,-,2020,7 PM,July 18 2020 7 PM,2020-07-18 19:00:00,2020-07-18 19:00:00+08:00,2020-07-18 11:00:00+00:00,2020-07-18,11:00:00,797,2020-07-18,12.764583333333334,19.65833333333333,6.685833333333334,178.78125,2.34625,11.53875,235.7675,2.290833333333333,11.9375,237.25125,14.520833333333334,70.8875,0.0,24.07208333333333,1022.3116666666666,3.5666666666666664,0.3991666666666666,12.764583333333334,19.65833333333333,6.685833333333334,178.78125,2.34625,11.53875,235.7675,2.290833333333333,11.9375,237.25125,14.520833333333334,70.8875,0.0,24.07208333333333,1022.3116666666666,3.5666666666666664,0.3991666666666666,12.764583333333334,19.65833333333333,6.685833333333334,178.78125,2.34625,11.53875,235.7675,2.290833333333333,11.9375,237.25125,14.520833333333334,70.8875,0.0,24.07208333333333,1022.3116666666666,3.5666666666666664,0.3991666666666666,0.0,8.280000000000001
RKM,Rockingham Dive Trail,July 18,"2020, 10 a.m.",18-Jul-20   10 a.m.,8,Fair,-,2020,10 AM,July 18 2020 10 AM,2020-07-18 10:00:00,2020-07-18 10:00:00+08:00,2020-07-18 02:00:00+00:00,2020-07-18,02:00:00,798,2020-07-18,16.206666666666667,19.477083333333333,5.595416666666666,179.42125,2.13625,11.415416666666667,241.77083333333331,2.1025,11.683333333333332,242.70916666666668,50.583333333333336,68.59583333333333,0.0,24.13208333333333,1022.2091666666666,7.678333333333334,0.39375,16.206666666666667,19.477083333333333,5.595416666666666,179.42125,2.13625,11.415416666666667,241.77083333333331,2.1025,11.683333333333332,242.70916666666668,50.583333333333336,68.59583333333333,0.0,24.13208333333333,1022.2091666666666,7.678333333333334,0.39375,16.206666666666667,19.477083333333333,5.595416666666666,179.42125,2.13625,11.415416666666667,241.77083333333331,2.1025,11.683333333333332,242.70916666666668,50.583333333333336,68.59583333333333,0.0,24.13208333333333,1022.2091666666666,7.678333333333334,0.39375,0.72,10.44
RKM,Rockingham Dive Trail,July 18,"2020, 10 a.m.",18-Jul-20   10 a.m.,8,Fair,Temp: 15 deg,2020,10 AM,July 18 2020 10 AM,2020-07-18 10:00:00,2020-07-18 10:00:00+08:00,2020-07-18 02:00:00+00:00,2020-07-18,02:00:00,799,2020-07-18,16.206666666666667,19.477083333333333,5.595416666666666,179.42125,2.13625,11.415416666666667,241.77083333333331,2.1025,11.683333333333332,242.70916666666668,50.583333333333336,68.59583333333333,0.0,24.13208333333333,1022.2091666666666,7.678333333333334,0.39375,16.206666666666667,19.477083333333333,5.595416666666666,179.42125,2.13625,11.415416666666667,241.77083333333331,2.1025,11.683333333333332,242.70916666666668,50.583333333333336,68.59583333333333,0.0,24.13208333333333,1022.2091666666666,7.678333333333334,0.39375,16.206666666666667,19.477083333333333,5.595416666666666,179.42125,2.13625,11.415416666666667,241.77083333333331,2.1025,11.683333333333332,242.70916666666668,50.583333333333336,68.59583333333333,0.0,24.13208333333333,1022.2091666666666,7.678333333333334,0.39375,0.72,10.44
BWR,Blackwall Reach,July 13,"2020, 9 a.m.",13-Jul-20   9 a.m.,4,Windy,-,2020,9 AM,July 13 2020 9 AM,2020-07-13 09:00:00,2020-07-13 09:00:00+08:00,2020-07-13 01:00:00+00:00,2020-07-13,01:00:00,800,2020-07-13,16.417916666666667,19.762083333333333,12.827083333333334,304.5445833333333,3.650833333333333,9.815833333333334,277.32875,2.6425,12.675,252.55041666666668,82.60416666666667,73.18333333333334,16.56,13.61625,1011.1395833333332,11.299166666666666,0.4791666666666667,16.417916666666667,19.762083333333333,12.827083333333334,304.5445833333333,3.650833333333333,9.815833333333334,277.32875,2.6425,12.675,252.55041666666668,82.60416666666667,73.18333333333334,16.56,13.61625,1011.1395833333332,11.299166666666666,0.4791666666666667,16.417916666666667,19.762083333333333,12.827083333333334,304.5445833333333,3.650833333333333,9.815833333333334,277.32875,2.6425,12.675,252.55041666666668,82.60416666666667,73.18333333333334,16.56,13.61625,1011.1395833333332,11.299166666666666,0.4791666666666667,1.08,1.08
BWR,Blackwall Reach,July 12,"2020, 10 p.m.",12-Jul-20   10 p.m.,5,Fair,-,2020,10 PM,July 12 2020 10 PM,2020-07-12 22:00:00,2020-07-12 22:00:00+08:00,2020-07-12 14:00:00+00:00,2020-07-12,14:00:00,801,2020-07-12,15.408333333333331,19.34958333333333,10.590416666666666,190.63,2.646666666666667,11.1125,281.4375,2.091666666666667,14.372916666666669,255.3454166666667,36.35416666666666,53.37083333333334,0.36,23.66125,1016.2729166666668,9.240416666666668,0.5029166666666667,15.408333333333331,19.34958333333333,10.590416666666666,190.63,2.646666666666667,11.1125,281.4375,2.091666666666667,14.372916666666669,255.3454166666667,36.35416666666666,53.37083333333334,0.36,23.66125,1016.2729166666668,9.240416666666668,0.5029166666666667,15.408333333333331,19.34958333333333,10.590416666666666,190.63,2.646666666666667,11.1125,281.4375,2.091666666666667,14.372916666666669,255.3454166666667,36.35416666666666,53.37083333333334,0.36,23.66125,1016.2729166666668,9.240416666666668,0.5029166666666667,0.0,0.0
CMB,The Coombe & Mosman Bay,July 12,"2020, 4 p.m.",12-Jul-20   4 p.m.,4,Fair,-,2020,4 PM,July 12 2020 4 PM,2020-07-12 16:00:00,2020-07-12 16:00:00+08:00,2020-07-12 08:00:00+00:00,2020-07-12,08:00:00,802,2020-07-12,15.408333333333331,19.34958333333333,10.590416666666666,190.63,2.646666666666667,11.1125,281.4375,2.091666666666667,14.372916666666669,255.3454166666667,36.35416666666666,53.37083333333334,0.36,23.66125,1016.2729166666668,9.240416666666668,0.5029166666666667,15.408333333333331,19.34958333333333,10.590416666666666,190.63,2.646666666666667,11.1125,281.4375,2.091666666666667,14.372916666666669,255.3454166666667,36.35416666666666,53.37083333333334,0.36,23.66125,1016.2729166666668,9.240416666666668,0.5029166666666667,15.408333333333331,19.34958333333333,10.590416666666666,190.63,2.646666666666667,11.1125,281.4375,2.091666666666667,14.372916666666669,255.3454166666667,36.35416666666666,53.37083333333334,0.36,23.66125,1016.2729166666668,9.240416666666668,0.5029166666666667,0.0,0.0
RKM,Rockingham Dive Trail,July 12,"2020, 10 a.m.",12-Jul-20   10 a.m.,12,Rough,RWT - 10-12m,2020,10 AM,July 12 2020 10 AM,2020-07-12 10:00:00,2020-07-12 10:00:00+08:00,2020-07-12 02:00:00+00:00,2020-07-12,02:00:00,803,2020-07-12,18.637916666666666,18.93166666666667,9.759166666666667,193.22583333333333,2.6675,10.450416666666667,293.53416666666664,2.130416666666666,13.389583333333334,268.3079166666667,43.97916666666666,64.92083333333333,1.08,24.12,1015.1979166666666,13.724583333333332,0.5020833333333333,18.637916666666666,18.93166666666667,9.759166666666667,193.22583333333333,2.6675,10.450416666666667,293.53416666666664,2.130416666666666,13.389583333333334,268.3079166666667,43.97916666666666,64.92083333333333,1.08,24.12,1015.1979166666666,13.724583333333332,0.5020833333333333,18.637916666666666,18.93166666666667,9.759166666666667,193.22583333333333,2.6675,10.450416666666667,293.53416666666664,2.130416666666666,13.389583333333334,268.3079166666667,43.97916666666666,64.92083333333333,1.08,24.12,1015.1979166666666,13.724583333333332,0.5020833333333333,0.0,0.0
BUL,Bulk Jetty,July 11,"2020, 3 p.m.",11-Jul-20   3 p.m.,6,Glassy,16C,2020,3 PM,July 11 2020 3 PM,2020-07-11 15:00:00,2020-07-11 15:00:00+08:00,2020-07-11 07:00:00+00:00,2020-07-11,07:00:00,804,2020-07-11,12.0025,19.364166666666662,7.138333333333333,47.65875,1.632083333333333,13.145,257.94083333333333,1.5008333333333337,14.756666666666666,250.47583333333333,0.0,48.61666666666667,0.0,24.13583333333333,1025.7670833333334,9.77125,0.4833333333333333,12.0025,19.364166666666662,7.138333333333333,47.65875,1.632083333333333,13.145,257.94083333333333,1.5008333333333337,14.756666666666666,250.47583333333333,0.0,48.61666666666667,0.0,24.13583333333333,1025.7670833333334,9.77125,0.4833333333333333,12.0025,19.364166666666662,7.138333333333333,47.65875,1.632083333333333,13.145,257.94083333333333,1.5008333333333337,14.756666666666666,250.47583333333333,0.0,48.61666666666667,0.0,24.13583333333333,1025.7670833333334,9.77125,0.4833333333333333,0.0,0.0
CEN,Centaur Reef,July 11,"2020, noon",11-Jul-20   12 p.m.,15,Fair,-,2020,12 PM,July 11 2020 12 PM,2020-07-11 12:00:00,2020-07-11 12:00:00+08:00,2020-07-11 04:00:00+00:00,2020-07-11,04:00:00,805,2020-07-11,15.59875,20.109166666666667,7.752083333333334,48.46458333333334,1.8625,14.090000000000002,240.66583333333327,1.7612500000000002,15.291666666666666,238.2095833333333,0.0,56.770833333333336,0.0,24.13583333333333,1025.19625,9.62125,0.4920833333333334,15.59875,20.109166666666667,7.752083333333334,48.46458333333334,1.8625,14.090000000000002,240.66583333333327,1.7612500000000002,15.291666666666666,238.2095833333333,0.0,56.770833333333336,0.0,24.13583333333333,1025.19625,9.62125,0.4920833333333334,15.59875,20.109166666666667,7.752083333333334,48.46458333333334,1.8625,14.090000000000002,240.66583333333327,1.7612500000000002,15.291666666666666,238.2095833333333,0.0,56.770833333333336,0.0,24.13583333333333,1025.19625,9.62125,0.4920833333333334,0.0,0.0
PPR,Point Peron,July 11,"2020, 10 a.m.",11-Jul-20   10 a.m.,10,Fair,"17C surgey, hard work",2020,10 AM,July 11 2020 10 AM,2020-07-11 10:00:00,2020-07-11 10:00:00+08:00,2020-07-11 02:00:00+00:00,2020-07-11,02:00:00,806,2020-07-11,15.315833333333332,19.364166666666662,7.138333333333333,47.65875,1.632083333333333,13.145,257.94083333333333,1.5008333333333337,14.756666666666666,250.47583333333333,0.0,59.00416666666666,0.0,24.13583333333333,1025.330416666667,9.591666666666669,0.4833333333333333,15.315833333333332,19.364166666666662,7.138333333333333,47.65875,1.632083333333333,13.145,257.94083333333333,1.5008333333333337,14.756666666666666,250.47583333333333,0.0,59.00416666666666,0.0,24.13583333333333,1025.330416666667,9.591666666666669,0.4833333333333333,15.315833333333332,19.364166666666662,7.138333333333333,47.65875,1.632083333333333,13.145,257.94083333333333,1.5008333333333337,14.756666666666666,250.47583333333333,0.0,59.00416666666666,0.0,24.13583333333333,1025.330416666667,9.591666666666669,0.4833333333333333,0.0,0.0
RKM,Rockingham Dive Trail,July 11,"2020, 10 a.m.",11-Jul-20   10 a.m.,8,Windy,"5-8+m vis, 17c, boarfish",2020,10 AM,July 11 2020 10 AM,2020-07-11 10:00:00,2020-07-11 10:00:00+08:00,2020-07-11 02:00:00+00:00,2020-07-11,02:00:00,807,2020-07-11,15.315833333333332,19.364166666666662,7.138333333333333,47.65875,1.632083333333333,13.145,257.94083333333333,1.5008333333333337,14.756666666666666,250.47583333333333,0.0,59.00416666666666,0.0,24.13583333333333,1025.330416666667,9.591666666666669,0.4833333333333333,15.315833333333332,19.364166666666662,7.138333333333333,47.65875,1.632083333333333,13.145,257.94083333333333,1.5008333333333337,14.756666666666666,250.47583333333333,0.0,59.00416666666666,0.0,24.13583333333333,1025.330416666667,9.591666666666669,0.4833333333333333,15.315833333333332,19.364166666666662,7.138333333333333,47.65875,1.632083333333333,13.145,257.94083333333333,1.5008333333333337,14.756666666666666,250.47583333333333,0.0,59.00416666666666,0.0,24.13583333333333,1025.330416666667,9.591666666666669,0.4833333333333333,0.0,0.0
BUL,Bulk Jetty,July 11,"2020, 9 a.m.",11-Jul-20   9 a.m.,7,Glassy,17 degrees Very light Current,2020,9 AM,July 11 2020 9 AM,2020-07-11 09:00:00,2020-07-11 09:00:00+08:00,2020-07-11 01:00:00+00:00,2020-07-11,01:00:00,808,2020-07-11,12.0025,19.364166666666662,7.138333333333333,47.65875,1.632083333333333,13.145,257.94083333333333,1.5008333333333337,14.756666666666666,250.47583333333333,0.0,48.61666666666667,0.0,24.13583333333333,1025.7670833333334,9.77125,0.4833333333333333,12.0025,19.364166666666662,7.138333333333333,47.65875,1.632083333333333,13.145,257.94083333333333,1.5008333333333337,14.756666666666666,250.47583333333333,0.0,48.61666666666667,0.0,24.13583333333333,1025.7670833333334,9.77125,0.4833333333333333,12.0025,19.364166666666662,7.138333333333333,47.65875,1.632083333333333,13.145,257.94083333333333,1.5008333333333337,14.756666666666666,250.47583333333333,0.0,48.61666666666667,0.0,24.13583333333333,1025.7670833333334,9.77125,0.4833333333333333,0.0,0.0
FWB,Freshwater Bay,July 10,"2020, 7 p.m.",10-Jul-20   7 p.m.,4,Fair,15C vrblViz2-5m,2020,7 PM,July 10 2020 7 PM,2020-07-10 19:00:00,2020-07-10 19:00:00+08:00,2020-07-10 11:00:00+00:00,2020-07-10,11:00:00,809,2020-07-10,11.077083333333334,19.75166666666667,6.4991666666666665,89.07541666666667,1.7825,13.84375,237.55375,1.7283333333333333,14.539166666666668,239.05666666666664,0.2916666666666667,58.22083333333333,0.0,24.136666666666667,1029.6341666666667,8.373333333333333,0.4495833333333334,11.077083333333334,19.75166666666667,6.4991666666666665,89.07541666666667,1.7825,13.84375,237.55375,1.7283333333333333,14.539166666666668,239.05666666666664,0.2916666666666667,58.22083333333333,0.0,24.136666666666667,1029.6341666666667,8.373333333333333,0.4495833333333334,11.077083333333334,19.75166666666667,6.4991666666666665,89.07541666666667,1.7825,13.84375,237.55375,1.7283333333333333,14.539166666666668,239.05666666666664,0.2916666666666667,58.22083333333333,0.0,24.136666666666667,1029.6341666666667,8.373333333333333,0.4495833333333334,0.0,0.0
AMJ,Ammo Jetty,July 10,"2020, 3 p.m.",10-Jul-20   3 p.m.,2,Fair,-,2020,3 PM,July 10 2020 3 PM,2020-07-10 15:00:00,2020-07-10 15:00:00+08:00,2020-07-10 07:00:00+00:00,2020-07-10,07:00:00,810,2020-07-10,11.077083333333334,19.75166666666667,6.4991666666666665,89.07541666666667,1.7825,13.84375,237.55375,1.7283333333333333,14.539166666666668,239.05666666666664,0.2916666666666667,58.22083333333333,0.0,24.136666666666667,1029.6341666666667,8.373333333333333,0.4495833333333334,11.077083333333334,19.75166666666667,6.4991666666666665,89.07541666666667,1.7825,13.84375,237.55375,1.7283333333333333,14.539166666666668,239.05666666666664,0.2916666666666667,58.22083333333333,0.0,24.136666666666667,1029.6341666666667,8.373333333333333,0.4495833333333334,11.077083333333334,19.75166666666667,6.4991666666666665,89.07541666666667,1.7825,13.84375,237.55375,1.7283333333333333,14.539166666666668,239.05666666666664,0.2916666666666667,58.22083333333333,0.0,24.136666666666667,1029.6341666666667,8.373333333333333,0.4495833333333334,0.0,0.0
HIL,Hillarys,July 10,"2020, 2 p.m.",10-Jul-20   2 p.m.,10,Fair,2km directly West of Hil,2020,2 PM,July 10 2020 2 PM,2020-07-10 14:00:00,2020-07-10 14:00:00+08:00,2020-07-10 06:00:00+00:00,2020-07-10,06:00:00,811,2020-07-10,14.072083333333332,20.094583333333333,7.007083333333333,88.53375,1.9854166666666664,13.744583333333331,233.2575,1.9145833333333333,14.544166666666667,235.59416666666667,1.2708333333333333,61.27916666666667,0.0,24.136666666666667,1029.3025,7.415833333333334,0.45875,14.072083333333332,20.094583333333333,7.007083333333333,88.53375,1.9854166666666664,13.744583333333331,233.2575,1.9145833333333333,14.544166666666667,235.59416666666667,1.2708333333333333,61.27916666666667,0.0,24.136666666666667,1029.3025,7.415833333333334,0.45875,14.072083333333332,20.094583333333333,7.007083333333333,88.53375,1.9854166666666664,13.744583333333331,233.2575,1.9145833333333333,14.544166666666667,235.59416666666667,1.2708333333333333,61.27916666666667,0.0,24.136666666666667,1029.3025,7.415833333333334,0.45875,0.0,0.36
BUL,Bulk Jetty,July 10,"2020, 10 a.m.",10-Jul-20   10 a.m.,8,Glassy,"Side to side, 16-17c",2020,10 AM,July 10 2020 10 AM,2020-07-10 10:00:00,2020-07-10 10:00:00+08:00,2020-07-10 02:00:00+00:00,2020-07-10,02:00:00,812,2020-07-10,11.077083333333334,19.46625,5.326666666666667,92.00416666666666,1.6154166666666667,14.121666666666668,244.49416666666664,1.5854166666666665,14.542083333333332,245.16583333333332,0.2916666666666667,58.22083333333333,0.0,24.136666666666667,1029.6341666666667,8.373333333333333,0.4441666666666666,11.077083333333334,19.46625,5.326666666666667,92.00416666666666,1.6154166666666667,14.121666666666668,244.49416666666664,1.5854166666666665,14.542083333333332,245.16583333333332,0.2916666666666667,58.22083333333333,0.0,24.136666666666667,1029.6341666666667,8.373333333333333,0.4441666666666666,11.077083333333334,19.46625,5.326666666666667,92.00416666666666,1.6154166666666667,14.121666666666668,244.49416666666664,1.5854166666666665,14.542083333333332,245.16583333333332,0.2916666666666667,58.22083333333333,0.0,24.136666666666667,1029.6341666666667,8.373333333333333,0.4441666666666666,0.0,0.0
FWB,Freshwater Bay,July 9,"2020, 7 p.m.",9-Jul-20   7 p.m.,1,Glassy,"Knobby/WA, seamoths, 16c",2020,7 PM,July 9 2020 7 PM,2020-07-09 19:00:00,2020-07-09 19:00:00+08:00,2020-07-09 11:00:00+00:00,2020-07-09,11:00:00,813,2020-07-09,11.969583333333333,20.000416666666663,6.057083333333334,130.56583333333333,2.1983333333333333,13.32625,239.10041666666663,2.1729166666666666,13.584166666666668,240.31875,0.2083333333333333,64.94583333333334,0.0,24.135,1027.67875,5.73125,0.4483333333333333,11.969583333333333,20.000416666666663,6.057083333333334,130.56583333333333,2.1983333333333333,13.32625,239.10041666666663,2.1729166666666666,13.584166666666668,240.31875,0.2083333333333333,64.94583333333334,0.0,24.135,1027.67875,5.73125,0.4483333333333333,11.969583333333333,20.000416666666663,6.057083333333334,130.56583333333333,2.1983333333333333,13.32625,239.10041666666663,2.1729166666666666,13.584166666666668,240.31875,0.2083333333333333,64.94583333333334,0.0,24.135,1027.67875,5.73125,0.4483333333333333,0.0,1.08
KGT,Kwinana Grain Terminal,July 9,"2020, 7 p.m.",9-Jul-20   7 p.m.,7,Fair,-,2020,7 PM,July 9 2020 7 PM,2020-07-09 19:00:00,2020-07-09 19:00:00+08:00,2020-07-09 11:00:00+00:00,2020-07-09,11:00:00,814,2020-07-09,13.932083333333331,19.84375,5.195416666666667,136.31958333333333,2.00625,13.403333333333334,244.3791666666667,1.985833333333333,13.639583333333334,245.41791666666663,9.375,66.30416666666666,0.0,23.9175,1027.8020833333333,6.209583333333334,0.4395833333333334,13.932083333333331,19.84375,5.195416666666667,136.31958333333333,2.00625,13.403333333333334,244.3791666666667,1.985833333333333,13.639583333333334,245.41791666666663,9.375,66.30416666666666,0.0,23.9175,1027.8020833333333,6.209583333333334,0.4395833333333334,13.932083333333331,19.84375,5.195416666666667,136.31958333333333,2.00625,13.403333333333334,244.3791666666667,1.985833333333333,13.639583333333334,245.41791666666663,9.375,66.30416666666666,0.0,23.9175,1027.8020833333333,6.209583333333334,0.4395833333333334,0.0,1.08
CMB,The Coombe & Mosman Bay,July 9,"2020, 10 a.m.",9-Jul-20   10 a.m.,1,Fair,very dirty below 3m,2020,10 AM,July 9 2020 10 AM,2020-07-09 10:00:00,2020-07-09 10:00:00+08:00,2020-07-09 02:00:00+00:00,2020-07-09,02:00:00,815,2020-07-09,11.969583333333333,20.000416666666663,6.057083333333334,130.56583333333333,2.1983333333333333,13.32625,239.10041666666663,2.1729166666666666,13.584166666666668,240.31875,0.2083333333333333,64.94583333333334,0.0,24.135,1027.67875,5.73125,0.4483333333333333,11.969583333333333,20.000416666666663,6.057083333333334,130.56583333333333,2.1983333333333333,13.32625,239.10041666666663,2.1729166666666666,13.584166666666668,240.31875,0.2083333333333333,64.94583333333334,0.0,24.135,1027.67875,5.73125,0.4483333333333333,11.969583333333333,20.000416666666663,6.057083333333334,130.56583333333333,2.1983333333333333,13.32625,239.10041666666663,2.1729166666666666,13.584166666666668,240.31875,0.2083333333333333,64.94583333333334,0.0,24.135,1027.67875,5.73125,0.4483333333333333,0.0,1.08
CMT,Coogee Maritime Trail,July 8,"2020, 8 p.m.",8-Jul-20   8 p.m.,10,Glassy,"18C ChelydraPt, VlittleSwell",2020,8 PM,July 8 2020 8 PM,2020-07-08 20:00:00,2020-07-08 20:00:00+08:00,2020-07-08 12:00:00+00:00,2020-07-08,12:00:00,816,2020-07-08,12.764583333333334,20.239166666666662,6.035,159.08583333333334,2.46,13.11875,240.48541666666665,2.44375,13.266666666666666,241.1183333333333,45.10416666666666,68.70416666666667,0.0,24.13583333333333,1024.26625,4.006666666666667,0.4837499999999999,12.764583333333334,20.239166666666662,6.035,159.08583333333334,2.46,13.11875,240.48541666666665,2.44375,13.266666666666666,241.1183333333333,45.10416666666666,68.70416666666667,0.0,24.13583333333333,1024.26625,4.006666666666667,0.4837499999999999,12.764583333333334,20.239166666666662,6.035,159.08583333333334,2.46,13.11875,240.48541666666665,2.44375,13.266666666666666,241.1183333333333,45.10416666666666,68.70416666666667,0.0,24.13583333333333,1024.26625,4.006666666666667,0.4837499999999999,1.08,1.08
CMT,Coogee Maritime Trail,July 8,"2020, 8 p.m.",8-Jul-20   8 p.m.,10,Glassy,"18C ChelydraPt, VlittleSwell",2020,8 PM,July 8 2020 8 PM,2020-07-08 20:00:00,2020-07-08 20:00:00+08:00,2020-07-08 12:00:00+00:00,2020-07-08,12:00:00,817,2020-07-08,12.764583333333334,20.239166666666662,6.035,159.08583333333334,2.46,13.11875,240.48541666666665,2.44375,13.266666666666666,241.1183333333333,45.10416666666666,68.70416666666667,0.0,24.13583333333333,1024.26625,4.006666666666667,0.4837499999999999,12.764583333333334,20.239166666666662,6.035,159.08583333333334,2.46,13.11875,240.48541666666665,2.44375,13.266666666666666,241.1183333333333,45.10416666666666,68.70416666666667,0.0,24.13583333333333,1024.26625,4.006666666666667,0.4837499999999999,12.764583333333334,20.239166666666662,6.035,159.08583333333334,2.46,13.11875,240.48541666666665,2.44375,13.266666666666666,241.1183333333333,45.10416666666666,68.70416666666667,0.0,24.13583333333333,1024.26625,4.006666666666667,0.4837499999999999,1.08,1.08
AMJ,Ammo Jetty,July 8,"2020, 3 p.m.",8-Jul-20   3 p.m.,1,Fair,"Bad vis, seahorse, 17 c",2020,3 PM,July 8 2020 3 PM,2020-07-08 15:00:00,2020-07-08 15:00:00+08:00,2020-07-08 07:00:00+00:00,2020-07-08,07:00:00,818,2020-07-08,12.764583333333334,20.239166666666662,6.035,159.08583333333334,2.46,13.11875,240.48541666666665,2.44375,13.266666666666666,241.1183333333333,45.10416666666666,68.70416666666667,0.0,24.13583333333333,1024.26625,4.006666666666667,0.4837499999999999,12.764583333333334,20.239166666666662,6.035,159.08583333333334,2.46,13.11875,240.48541666666665,2.44375,13.266666666666666,241.1183333333333,45.10416666666666,68.70416666666667,0.0,24.13583333333333,1024.26625,4.006666666666667,0.4837499999999999,12.764583333333334,20.239166666666662,6.035,159.08583333333334,2.46,13.11875,240.48541666666665,2.44375,13.266666666666666,241.1183333333333,45.10416666666666,68.70416666666667,0.0,24.13583333333333,1024.26625,4.006666666666667,0.4837499999999999,1.08,1.2
KGT,Kwinana Grain Terminal,July 7,"2020, 7 p.m.",7-Jul-20   7 p.m.,6,Windy,"17 degrees, northerly current",2020,7 PM,July 7 2020 7 PM,2020-07-07 19:00:00,2020-07-07 19:00:00+08:00,2020-07-07 11:00:00+00:00,2020-07-07,11:00:00,819,2020-07-07,16.479583333333334,19.630416666666665,7.208749999999999,245.67583333333332,2.1495833333333336,9.45625,249.63666666666663,1.9945833333333327,10.297083333333331,248.70791666666665,72.83333333333333,67.15416666666667,0.0,23.721666666666668,1022.0608333333332,8.809166666666666,0.5525000000000001,16.479583333333334,19.630416666666665,7.208749999999999,245.67583333333332,2.1495833333333336,9.45625,249.63666666666663,1.9945833333333327,10.297083333333331,248.70791666666665,72.83333333333333,67.15416666666667,0.0,23.721666666666668,1022.0608333333332,8.809166666666666,0.5525000000000001,16.479583333333334,19.630416666666665,7.208749999999999,245.67583333333332,2.1495833333333336,9.45625,249.63666666666663,1.9945833333333327,10.297083333333331,248.70791666666665,72.83333333333333,67.15416666666667,0.0,23.721666666666668,1022.0608333333332,8.809166666666666,0.5525000000000001,0.0,8.28
KGT,Kwinana Grain Terminal,July 7,"2020, noon",7-Jul-20   12 p.m.,3,Windy,"17 degrees, dead seagrass",2020,12 PM,July 7 2020 12 PM,2020-07-07 12:00:00,2020-07-07 12:00:00+08:00,2020-07-07 04:00:00+00:00,2020-07-07,04:00:00,820,2020-07-07,16.479583333333334,19.630416666666665,7.208749999999999,245.67583333333332,2.1495833333333336,9.45625,249.63666666666663,1.9945833333333327,10.297083333333331,248.70791666666665,72.83333333333333,67.15416666666667,0.0,23.721666666666668,1022.0608333333332,8.809166666666666,0.5525000000000001,16.479583333333334,19.630416666666665,7.208749999999999,245.67583333333332,2.1495833333333336,9.45625,249.63666666666663,1.9945833333333327,10.297083333333331,248.70791666666665,72.83333333333333,67.15416666666667,0.0,23.721666666666668,1022.0608333333332,8.809166666666666,0.5525000000000001,16.479583333333334,19.630416666666665,7.208749999999999,245.67583333333332,2.1495833333333336,9.45625,249.63666666666663,1.9945833333333327,10.297083333333331,248.70791666666665,72.83333333333333,67.15416666666667,0.0,23.721666666666668,1022.0608333333332,8.809166666666666,0.5525000000000001,2.16,8.639999999999999
FWB,Freshwater Bay,July 6,"2020, 7 p.m.",6-Jul-20   7 p.m.,2,Glassy,"Seahorses, 16 degrees",2020,7 PM,July 6 2020 7 PM,2020-07-06 19:00:00,2020-07-06 19:00:00+08:00,2020-07-06 11:00:00+00:00,2020-07-06,11:00:00,821,2020-07-06,15.89625,19.98875,9.5675,287.57416666666666,2.465,9.021666666666668,259.71625,2.0500000000000003,10.73375,247.9195833333333,78.97916666666667,61.63333333333333,3.24,22.12,1019.1191666666668,8.865833333333333,0.45,15.89625,19.98875,9.5675,287.57416666666666,2.465,9.021666666666668,259.71625,2.0500000000000003,10.73375,247.9195833333333,78.97916666666667,61.63333333333333,3.24,22.12,1019.1191666666668,8.865833333333333,0.45,15.89625,19.98875,9.5675,287.57416666666666,2.465,9.021666666666668,259.71625,2.0500000000000003,10.73375,247.9195833333333,78.97916666666667,61.63333333333333,3.24,22.12,1019.1191666666668,8.865833333333333,0.45,6.119999999999999,6.48
KGT,Kwinana Grain Terminal,July 5,"2020, 7 p.m.",5-Jul-20   7 p.m.,8,Fair,16 C,2020,7 PM,July 5 2020 7 PM,2020-07-05 19:00:00,2020-07-05 19:00:00+08:00,2020-07-05 11:00:00+00:00,2020-07-05,11:00:00,822,2020-07-05,18.87625,19.52958333333333,6.532916666666666,84.20166666666667,1.63375,10.044166666666667,279.78791666666666,1.5116666666666667,11.12625,269.24291666666664,67.91666666666667,67.37083333333334,2.88,22.63208333333333,1015.51625,10.47125,0.4283333333333333,18.87625,19.52958333333333,6.532916666666666,84.20166666666667,1.63375,10.044166666666667,279.78791666666666,1.5116666666666667,11.12625,269.24291666666664,67.91666666666667,67.37083333333334,2.88,22.63208333333333,1015.51625,10.47125,0.4283333333333333,18.87625,19.52958333333333,6.532916666666666,84.20166666666667,1.63375,10.044166666666667,279.78791666666666,1.5116666666666667,11.12625,269.24291666666664,67.91666666666667,67.37083333333334,2.88,22.63208333333333,1015.51625,10.47125,0.4283333333333333,0.36,0.36
BUL,Bulk Jetty,July 5,"2020, 11 a.m.",5-Jul-20   11 a.m.,12,Fair,17C choppyNocurrentOrJellies,2020,11 AM,July 5 2020 11 AM,2020-07-05 11:00:00,2020-07-05 11:00:00+08:00,2020-07-05 03:00:00+00:00,2020-07-05,03:00:00,823,2020-07-05,17.2425,19.52958333333333,6.532916666666666,84.20166666666667,1.63375,10.044166666666667,279.78791666666666,1.5116666666666667,11.12625,269.24291666666664,76.375,56.79583333333333,3.24,23.687916666666663,1016.2241666666667,6.8425,0.4283333333333333,17.2425,19.52958333333333,6.532916666666666,84.20166666666667,1.63375,10.044166666666667,279.78791666666666,1.5116666666666667,11.12625,269.24291666666664,76.375,56.79583333333333,3.24,23.687916666666663,1016.2241666666667,6.8425,0.4283333333333333,17.2425,19.52958333333333,6.532916666666666,84.20166666666667,1.63375,10.044166666666667,279.78791666666666,1.5116666666666667,11.12625,269.24291666666664,76.375,56.79583333333333,3.24,23.687916666666663,1016.2241666666667,6.8425,0.4283333333333333,0.0,0.0
KGT,Kwinana Grain Terminal,July 5,"2020, 9 a.m.",5-Jul-20   9 a.m.,6,Windy,"Seahorses, cephalopods, 16c",2020,9 AM,July 5 2020 9 AM,2020-07-05 09:00:00,2020-07-05 09:00:00+08:00,2020-07-05 01:00:00+00:00,2020-07-05,01:00:00,824,2020-07-05,18.87625,19.52958333333333,6.532916666666666,84.20166666666667,1.63375,10.044166666666667,279.78791666666666,1.5116666666666667,11.12625,269.24291666666664,67.91666666666667,67.37083333333334,2.88,22.63208333333333,1015.51625,10.47125,0.4283333333333333,18.87625,19.52958333333333,6.532916666666666,84.20166666666667,1.63375,10.044166666666667,279.78791666666666,1.5116666666666667,11.12625,269.24291666666664,67.91666666666667,67.37083333333334,2.88,22.63208333333333,1015.51625,10.47125,0.4283333333333333,18.87625,19.52958333333333,6.532916666666666,84.20166666666667,1.63375,10.044166666666667,279.78791666666666,1.5116666666666667,11.12625,269.24291666666664,67.91666666666667,67.37083333333334,2.88,22.63208333333333,1015.51625,10.47125,0.4283333333333333,0.0,0.0
BIC,Bicton Baths,July 4,"2020, 9 a.m.",4-Jul-20   9 a.m.,1,Fair,Jerrat Drive. Seahorses.,2020,9 AM,July 4 2020 9 AM,2020-07-04 09:00:00,2020-07-04 09:00:00+08:00,2020-07-04 01:00:00+00:00,2020-07-04,01:00:00,825,2020-07-04,16.337500000000002,19.933333333333334,7.6525,34.74166666666667,1.5912499999999998,9.905,272.55833333333334,1.413333333333333,11.50875,254.07083333333333,71.45833333333333,44.8625,0.0,24.132916666666663,1022.4295833333334,7.740833333333334,0.44375,16.337500000000002,19.933333333333334,7.6525,34.74166666666667,1.5912499999999998,9.905,272.55833333333334,1.413333333333333,11.50875,254.07083333333333,71.45833333333333,44.8625,0.0,24.132916666666663,1022.4295833333334,7.740833333333334,0.44375,16.337500000000002,19.933333333333334,7.6525,34.74166666666667,1.5912499999999998,9.905,272.55833333333334,1.413333333333333,11.50875,254.07083333333333,71.45833333333333,44.8625,0.0,24.132916666666663,1022.4295833333334,7.740833333333334,0.44375,0.0,0.0
BWR,Blackwall Reach,July 3,"2020, 9 p.m.",3-Jul-20   9 p.m.,8,Glassy,14 deg,2020,9 PM,July 3 2020 9 PM,2020-07-03 21:00:00,2020-07-03 21:00:00+08:00,2020-07-03 13:00:00+00:00,2020-07-03,13:00:00,826,2020-07-03,14.8,19.90625,9.087916666666668,57.63999999999999,1.6383333333333334,8.799583333333333,244.32916666666665,1.31,11.519166666666663,233.7591666666667,32.354166666666664,49.17916666666667,0.0,24.13791666666667,1027.284583333333,11.625416666666666,0.36375,14.8,19.90625,9.087916666666668,57.63999999999999,1.6383333333333334,8.799583333333333,244.32916666666665,1.31,11.519166666666663,233.7591666666667,32.354166666666664,49.17916666666667,0.0,24.13791666666667,1027.284583333333,11.625416666666666,0.36375,14.8,19.90625,9.087916666666668,57.63999999999999,1.6383333333333334,8.799583333333333,244.32916666666665,1.31,11.519166666666663,233.7591666666667,32.354166666666664,49.17916666666667,0.0,24.13791666666667,1027.284583333333,11.625416666666666,0.36375,0.0,0.0
KGT,Kwinana Grain Terminal,July 3,"2020, 7 p.m.",3-Jul-20   7 p.m.,5,Fair,"Seahorses, cuttlefish, 16 degr",2020,7 PM,July 3 2020 7 PM,2020-07-03 19:00:00,2020-07-03 19:00:00+08:00,2020-07-03 11:00:00+00:00,2020-07-03,11:00:00,827,2020-07-03,17.515833333333333,19.54625,7.69,56.96791666666667,1.465,8.83875,258.5208333333333,1.1954166666666666,11.305833333333332,239.5979166666667,43.16666666666666,58.925,0.0,24.13791666666667,1026.8745833333337,11.4875,0.3633333333333333,17.515833333333333,19.54625,7.69,56.96791666666667,1.465,8.83875,258.5208333333333,1.1954166666666666,11.305833333333332,239.5979166666667,43.16666666666666,58.925,0.0,24.13791666666667,1026.8745833333337,11.4875,0.3633333333333333,17.515833333333333,19.54625,7.69,56.96791666666667,1.465,8.83875,258.5208333333333,1.1954166666666666,11.305833333333332,239.5979166666667,43.16666666666666,58.925,0.0,24.13791666666667,1026.8745833333337,11.4875,0.3633333333333333,0.0,0.0
FWB,Freshwater Bay,July 3,"2020, 6 p.m.",3-Jul-20   6 p.m.,6,Fair,-,2020,6 PM,July 3 2020 6 PM,2020-07-03 18:00:00,2020-07-03 18:00:00+08:00,2020-07-03 10:00:00+00:00,2020-07-03,10:00:00,828,2020-07-03,14.8,19.90625,9.087916666666668,57.63999999999999,1.6383333333333334,8.799583333333333,244.32916666666665,1.31,11.519166666666663,233.7591666666667,32.354166666666664,49.17916666666667,0.0,24.13791666666667,1027.284583333333,11.625416666666666,0.36375,14.8,19.90625,9.087916666666668,57.63999999999999,1.6383333333333334,8.799583333333333,244.32916666666665,1.31,11.519166666666663,233.7591666666667,32.354166666666664,49.17916666666667,0.0,24.13791666666667,1027.284583333333,11.625416666666666,0.36375,14.8,19.90625,9.087916666666668,57.63999999999999,1.6383333333333334,8.799583333333333,244.32916666666665,1.31,11.519166666666663,233.7591666666667,32.354166666666664,49.17916666666667,0.0,24.13791666666667,1027.284583333333,11.625416666666666,0.36375,0.0,0.0
AMJ,Ammo Jetty,July 3,"2020, 1 p.m.",3-Jul-20   1 p.m.,1,Fair,Milky green,2020,1 PM,July 3 2020 1 PM,2020-07-03 13:00:00,2020-07-03 13:00:00+08:00,2020-07-03 05:00:00+00:00,2020-07-03,05:00:00,829,2020-07-03,14.8,19.90625,9.087916666666668,57.63999999999999,1.6383333333333334,8.799583333333333,244.32916666666665,1.31,11.519166666666663,233.7591666666667,32.354166666666664,49.17916666666667,0.0,24.13791666666667,1027.284583333333,11.625416666666666,0.36375,14.8,19.90625,9.087916666666668,57.63999999999999,1.6383333333333334,8.799583333333333,244.32916666666665,1.31,11.519166666666663,233.7591666666667,32.354166666666664,49.17916666666667,0.0,24.13791666666667,1027.284583333333,11.625416666666666,0.36375,14.8,19.90625,9.087916666666668,57.63999999999999,1.6383333333333334,8.799583333333333,244.32916666666665,1.31,11.519166666666663,233.7591666666667,32.354166666666664,49.17916666666667,0.0,24.13791666666667,1027.284583333333,11.625416666666666,0.36375,0.0,0.02
BUL,Bulk Jetty,July 3,"2020, 9 a.m.",3-Jul-20   9 a.m.,2,Fair,"Temp: 16 deg, light current",2020,9 AM,July 3 2020 9 AM,2020-07-03 09:00:00,2020-07-03 09:00:00+08:00,2020-07-03 01:00:00+00:00,2020-07-03,01:00:00,830,2020-07-03,14.8,19.54625,7.69,56.96791666666667,1.465,8.83875,258.5208333333333,1.1954166666666666,11.305833333333332,239.5979166666667,32.354166666666664,49.17916666666667,0.0,24.13791666666667,1027.284583333333,11.625416666666666,0.3633333333333333,14.8,19.54625,7.69,56.96791666666667,1.465,8.83875,258.5208333333333,1.1954166666666666,11.305833333333332,239.5979166666667,32.354166666666664,49.17916666666667,0.0,24.13791666666667,1027.284583333333,11.625416666666666,0.3633333333333333,14.8,19.54625,7.69,56.96791666666667,1.465,8.83875,258.5208333333333,1.1954166666666666,11.305833333333332,239.5979166666667,32.354166666666664,49.17916666666667,0.0,24.13791666666667,1027.284583333333,11.625416666666666,0.3633333333333333,0.0,0.03
NMF,North Mole Fremantle,July 2,"2020, 8 p.m.",2-Jul-20   8 p.m.,1,Fair,Exceptional viz :-(,2020,8 PM,July 2 2020 8 PM,2020-07-02 20:00:00,2020-07-02 20:00:00+08:00,2020-07-02 12:00:00+00:00,2020-07-02,12:00:00,831,2020-07-02,15.450833333333334,19.87875,6.332083333333333,93.77375,1.9204166666666664,11.404583333333331,232.3395833333333,1.87125,11.885,234.47833333333332,1.5,63.520833333333336,0.0,24.135416666666668,1027.7783333333334,7.045416666666667,0.3754166666666667,15.450833333333334,19.87875,6.332083333333333,93.77375,1.9204166666666664,11.404583333333331,232.3395833333333,1.87125,11.885,234.47833333333332,1.5,63.520833333333336,0.0,24.135416666666668,1027.7783333333334,7.045416666666667,0.3754166666666667,15.450833333333334,19.87875,6.332083333333333,93.77375,1.9204166666666664,11.404583333333331,232.3395833333333,1.87125,11.885,234.47833333333332,1.5,63.520833333333336,0.0,24.135416666666668,1027.7783333333334,7.045416666666667,0.3754166666666667,0.0,0.12
BWR,Blackwall Reach,July 2,"2020, 1 p.m.",2-Jul-20   1 p.m.,5,Glassy,"Very strong current, 15deg",2020,1 PM,July 2 2020 1 PM,2020-07-02 13:00:00,2020-07-02 13:00:00+08:00,2020-07-02 05:00:00+00:00,2020-07-02,05:00:00,832,2020-07-02,12.92125,19.87875,6.332083333333333,93.77375,1.9204166666666664,11.404583333333331,232.3395833333333,1.87125,11.885,234.47833333333332,0.0,59.49583333333333,0.0,24.135416666666668,1027.9629166666666,7.410833333333334,0.3754166666666667,12.92125,19.87875,6.332083333333333,93.77375,1.9204166666666664,11.404583333333331,232.3395833333333,1.87125,11.885,234.47833333333332,0.0,59.49583333333333,0.0,24.135416666666668,1027.9629166666666,7.410833333333334,0.3754166666666667,12.92125,19.87875,6.332083333333333,93.77375,1.9204166666666664,11.404583333333331,232.3395833333333,1.87125,11.885,234.47833333333332,0.0,59.49583333333333,0.0,24.135416666666668,1027.9629166666666,7.410833333333334,0.3754166666666667,0.02,0.7100000000000001
CMB,The Coombe & Mosman Bay,June 28,"2020, 11 a.m.",28-Jun-20   11 a.m.,4,Fair,"T'Coombe,VHvy showers,17oC",2020,11 AM,June 28 2020 11 AM,2020-06-28 11:00:00,2020-06-28 11:00:00+08:00,2020-06-28 03:00:00+00:00,2020-06-28,03:00:00,833,2020-06-28,16.722916666666666,20.0275,13.88625,289.94416666666666,4.2370833333333335,9.926666666666668,268.47583333333336,2.52375,12.590833333333334,247.40916666666664,87.8125,68.1125,30.49,18.46708333333333,1007.7029166666666,14.372083333333334,0.4820833333333333,16.722916666666666,20.0275,13.88625,289.94416666666666,4.2370833333333335,9.926666666666668,268.47583333333336,2.52375,12.590833333333334,247.40916666666664,87.8125,68.1125,30.49,18.46708333333333,1007.7029166666666,14.372083333333334,0.4820833333333333,16.722916666666666,20.0275,13.88625,289.94416666666666,4.2370833333333335,9.926666666666668,268.47583333333336,2.52375,12.590833333333334,247.40916666666664,87.8125,68.1125,30.49,18.46708333333333,1007.7029166666666,14.372083333333334,0.4820833333333333,24.21,26.55
BIC,Bicton Baths,June 27,"2020, 7 p.m.",27-Jun-20   7 p.m.,5,Glassy,Jerrat Dr. Strong ish current,2020,7 PM,June 27 2020 7 PM,2020-06-27 19:00:00,2020-06-27 19:00:00+08:00,2020-06-27 11:00:00+00:00,2020-06-27,11:00:00,834,2020-06-27,16.849166666666665,20.015833333333333,9.643333333333333,322.8254166666667,2.31,8.77125,263.88208333333336,1.8275,10.615833333333333,243.6891666666667,40.75,74.18333333333334,15.07,16.044999999999998,1011.92875,8.73625,0.4645833333333333,16.849166666666665,20.015833333333333,9.643333333333333,322.8254166666667,2.31,8.77125,263.88208333333336,1.8275,10.615833333333333,243.6891666666667,40.75,74.18333333333334,15.07,16.044999999999998,1011.92875,8.73625,0.4645833333333333,16.849166666666665,20.015833333333333,9.643333333333333,322.8254166666667,2.31,8.77125,263.88208333333336,1.8275,10.615833333333333,243.6891666666667,40.75,74.18333333333334,15.07,16.044999999999998,1011.92875,8.73625,0.4645833333333333,6.66,7.02
LIT,Little Beach,June 24,"2020, 9 a.m.",24-Jun-20   9 a.m.,4,Windy,-,2020,9 AM,June 24 2020 9 AM,2020-06-24 09:00:00,2020-06-24 09:00:00+08:00,2020-06-24 01:00:00+00:00,2020-06-24,01:00:00,835,2020-06-24,14.091666666666669,19.61208333333333,3.625,255.86,2.625833333333333,12.308333333333332,247.25125,2.6175,12.360833333333334,247.26291666666663,25.33333333333333,59.5125,0.0,24.132916666666663,1022.3558333333334,3.341666666666667,0.4579166666666667,14.091666666666669,19.61208333333333,3.625,255.86,2.625833333333333,12.308333333333332,247.25125,2.6175,12.360833333333334,247.26291666666663,25.33333333333333,59.5125,0.0,24.132916666666663,1022.3558333333334,3.341666666666667,0.4579166666666667,14.091666666666669,19.61208333333333,3.625,255.86,2.625833333333333,12.308333333333332,247.25125,2.6175,12.360833333333334,247.26291666666663,25.33333333333333,59.5125,0.0,24.132916666666663,1022.3558333333334,3.341666666666667,0.4579166666666667,1.92,5.99
PPR,Point Peron,June 21,"2020, 10 a.m.",21-Jun-20   10 a.m.,10,Glassy,No swell. Little surge. 18oC,2020,10 AM,June 21 2020 10 AM,2020-06-21 10:00:00,2020-06-21 10:00:00+08:00,2020-06-21 02:00:00+00:00,2020-06-21,02:00:00,836,2020-06-21,18.79833333333333,19.686666666666667,5.778333333333333,42.6175,2.035,14.190416666666666,259.91125,1.91875,14.99375,253.3025,10.416666666666666,56.02916666666667,0.0,24.13416666666667,1016.8408333333332,11.03375,0.4875,18.79833333333333,19.686666666666667,5.778333333333333,42.6175,2.035,14.190416666666666,259.91125,1.91875,14.99375,253.3025,10.416666666666666,56.02916666666667,0.0,24.13416666666667,1016.8408333333332,11.03375,0.4875,18.79833333333333,19.686666666666667,5.778333333333333,42.6175,2.035,14.190416666666666,259.91125,1.91875,14.99375,253.3025,10.416666666666666,56.02916666666667,0.0,24.13416666666667,1016.8408333333332,11.03375,0.4875,0.0,0.0
KGT,Kwinana Grain Terminal,June 20,"2020, 7 p.m.",20-Jun-20   7 p.m.,5,Fair,"16deg, very light surge",2020,7 PM,June 20 2020 7 PM,2020-06-20 19:00:00,2020-06-20 19:00:00+08:00,2020-06-20 11:00:00+00:00,2020-06-20,11:00:00,837,2020-06-20,15.90125,20.529166666666665,4.6883333333333335,70.09750000000001,1.35625,11.669166666666667,247.6725,1.330833333333333,11.993333333333332,247.6891666666667,0.0,55.4125,0.0,24.135,1023.495,6.804583333333333,0.4720833333333333,15.90125,20.529166666666665,4.6883333333333335,70.09750000000001,1.35625,11.669166666666667,247.6725,1.330833333333333,11.993333333333332,247.6891666666667,0.0,55.4125,0.0,24.135,1023.495,6.804583333333333,0.4720833333333333,15.90125,20.529166666666665,4.6883333333333335,70.09750000000001,1.35625,11.669166666666667,247.6725,1.330833333333333,11.993333333333332,247.6891666666667,0.0,55.4125,0.0,24.135,1023.495,6.804583333333333,0.4720833333333333,0.0,0.0
WOO,Woodman Point,June 20,"2020, 10 a.m.",20-Jun-20   10 a.m.,1,Fair,"very murky, <1m at times, 16C",2020,10 AM,June 20 2020 10 AM,2020-06-20 10:00:00,2020-06-20 10:00:00+08:00,2020-06-20 02:00:00+00:00,2020-06-20,02:00:00,838,2020-06-20,16.855,20.529166666666665,4.6883333333333335,70.09750000000001,1.35625,11.669166666666667,247.6725,1.330833333333333,11.993333333333332,247.6891666666667,0.0,52.90833333333333,0.0,24.135,1023.1133333333332,7.27875,0.4720833333333333,16.855,20.529166666666665,4.6883333333333335,70.09750000000001,1.35625,11.669166666666667,247.6725,1.330833333333333,11.993333333333332,247.6891666666667,0.0,52.90833333333333,0.0,24.135,1023.1133333333332,7.27875,0.4720833333333333,16.855,20.529166666666665,4.6883333333333335,70.09750000000001,1.35625,11.669166666666667,247.6725,1.330833333333333,11.993333333333332,247.6891666666667,0.0,52.90833333333333,0.0,24.135,1023.1133333333332,7.27875,0.4720833333333333,0.0,0.11
KGT,Kwinana Grain Terminal,June 16,"2020, 7 p.m.",16-Jun-20   7 p.m.,12,Glassy,Calm.No swell.18oC small waves,2020,7 PM,June 16 2020 7 PM,2020-06-16 19:00:00,2020-06-16 19:00:00+08:00,2020-06-16 11:00:00+00:00,2020-06-16,11:00:00,839,2020-06-16,18.750416666666663,21.062083333333334,8.169583333333334,48.62041666666666,2.1804166666666664,10.617083333333332,259.2,1.9170833333333333,11.985,244.65166666666667,59.47916666666666,60.9125,0.18,23.95,1018.02,10.061666666666667,0.4829166666666666,18.750416666666663,21.062083333333334,8.169583333333334,48.62041666666666,2.1804166666666664,10.617083333333332,259.2,1.9170833333333333,11.985,244.65166666666667,59.47916666666666,60.9125,0.18,23.95,1018.02,10.061666666666667,0.4829166666666666,18.750416666666663,21.062083333333334,8.169583333333334,48.62041666666666,2.1804166666666664,10.617083333333332,259.2,1.9170833333333333,11.985,244.65166666666667,59.47916666666666,60.9125,0.18,23.95,1018.02,10.061666666666667,0.4829166666666666,0.0999999999999999,0.1699999999999999
CMB,The Coombe & Mosman Bay,June 15,"2020, 6 p.m.",15-Jun-20   6 p.m.,5,Glassy,"17 deg, no current",2020,6 PM,June 15 2020 6 PM,2020-06-15 18:00:00,2020-06-15 18:00:00+08:00,2020-06-15 10:00:00+00:00,2020-06-15,10:00:00,840,2020-06-15,14.911666666666669,20.7475,3.47625,231.6783333333333,2.3591666666666664,12.995,230.29416666666663,2.3579166666666667,13.01375,230.26583333333332,63.9375,72.47500000000001,0.0,24.1375,1025.3208333333334,2.447083333333333,0.4341666666666666,14.911666666666669,20.7475,3.47625,231.6783333333333,2.3591666666666664,12.995,230.29416666666663,2.3579166666666667,13.01375,230.26583333333332,63.9375,72.47500000000001,0.0,24.1375,1025.3208333333334,2.447083333333333,0.4341666666666666,14.911666666666669,20.7475,3.47625,231.6783333333333,2.3591666666666664,12.995,230.29416666666663,2.3579166666666667,13.01375,230.26583333333332,63.9375,72.47500000000001,0.0,24.1375,1025.3208333333334,2.447083333333333,0.4341666666666666,0.19,1.7200000000000002
KGT,Kwinana Grain Terminal,June 14,"2020, 8 a.m.",14-Jun-20   8 a.m.,5,Rough,Cuttlefish family,2020,8 AM,June 14 2020 8 AM,2020-06-14 08:00:00,2020-06-14 08:00:00+08:00,2020-06-14 00:00:00+00:00,2020-06-14,00:00:00,841,2020-06-14,18.20208333333333,20.6125,5.63375,256.815,2.4408333333333334,12.49375,237.2758333333333,2.4058333333333333,12.751666666666669,236.73791666666668,68.47916666666667,67.35833333333333,0.42,24.09708333333333,1024.8975,7.006666666666667,0.4754166666666666,18.20208333333333,20.6125,5.63375,256.815,2.4408333333333334,12.49375,237.2758333333333,2.4058333333333333,12.751666666666669,236.73791666666668,68.47916666666667,67.35833333333333,0.42,24.09708333333333,1024.8975,7.006666666666667,0.4754166666666666,18.20208333333333,20.6125,5.63375,256.815,2.4408333333333334,12.49375,237.2758333333333,2.4058333333333333,12.751666666666669,236.73791666666668,68.47916666666667,67.35833333333333,0.42,24.09708333333333,1024.8975,7.006666666666667,0.4754166666666666,1.2999999999999998,2.02
RKM,Rockingham Dive Trail,June 12,"2020, 8 a.m.",12-Jun-20   8 a.m.,10,Windy,Strong southerly helped,2020,8 AM,June 12 2020 8 AM,2020-06-12 08:00:00,2020-06-12 08:00:00+08:00,2020-06-12 00:00:00+00:00,2020-06-12,00:00:00,842,2020-06-12,16.639583333333334,20.386666666666667,8.702916666666667,214.42166666666665,2.192916666666666,8.385,237.61,1.8175,9.384166666666667,246.83333333333331,39.9375,64.46666666666667,1.44,23.116666666666664,1016.79,10.815833333333332,0.57875,16.639583333333334,20.386666666666667,8.702916666666667,214.42166666666665,2.192916666666666,8.385,237.61,1.8175,9.384166666666667,246.83333333333331,39.9375,64.46666666666667,1.44,23.116666666666664,1016.79,10.815833333333332,0.57875,16.639583333333334,20.386666666666667,8.702916666666667,214.42166666666665,2.192916666666666,8.385,237.61,1.8175,9.384166666666667,246.83333333333331,39.9375,64.46666666666667,1.44,23.116666666666664,1016.79,10.815833333333332,0.57875,5.22,38.7
CMT,Coogee Maritime Trail,June 8,"2020, 7 p.m.",8-Jun-20   7 p.m.,10,Glassy,20deg,2020,7 PM,June 8 2020 7 PM,2020-06-08 19:00:00,2020-06-08 19:00:00+08:00,2020-06-08 11:00:00+00:00,2020-06-08,11:00:00,843,2020-06-08,17.561666666666667,20.32,3.5229166666666667,60.0975,1.2804166666666668,11.38625,244.94875,1.26375,11.63875,244.16125,4.833333333333333,36.36666666666667,0.0,24.137083333333333,1020.845,3.93125,0.5479166666666667,17.561666666666667,20.32,3.5229166666666667,60.0975,1.2804166666666668,11.38625,244.94875,1.26375,11.63875,244.16125,4.833333333333333,36.36666666666667,0.0,24.137083333333333,1020.845,3.93125,0.5479166666666667,17.561666666666667,20.32,3.5229166666666667,60.0975,1.2804166666666668,11.38625,244.94875,1.26375,11.63875,244.16125,4.833333333333333,36.36666666666667,0.0,24.137083333333333,1020.845,3.93125,0.5479166666666667,0.0,0.12
FRE,South Fremantle,June 8,"2020, 7 p.m.",8-Jun-20   7 p.m.,10,Glassy,"Temp: 20 deg, South Mole",2020,7 PM,June 8 2020 7 PM,2020-06-08 19:00:00,2020-06-08 19:00:00+08:00,2020-06-08 11:00:00+00:00,2020-06-08,11:00:00,844,2020-06-08,19.64333333333333,20.32,3.5229166666666667,60.0975,1.2804166666666668,11.38625,244.94875,1.26375,11.63875,244.16125,1.0,48.94583333333333,0.0,24.137083333333333,1020.5775,4.624583333333333,0.5479166666666667,19.64333333333333,20.32,3.5229166666666667,60.0975,1.2804166666666668,11.38625,244.94875,1.26375,11.63875,244.16125,1.0,48.94583333333333,0.0,24.137083333333333,1020.5775,4.624583333333333,0.5479166666666667,19.64333333333333,20.32,3.5229166666666667,60.0975,1.2804166666666668,11.38625,244.94875,1.26375,11.63875,244.16125,1.0,48.94583333333333,0.0,24.137083333333333,1020.5775,4.624583333333333,0.5479166666666667,0.0,2.22
NMF,North Mole Fremantle,June 7,"2020, 7 p.m.",7-Jun-20   7 p.m.,25,Glassy,Exceptional viz!,2020,7 PM,June 7 2020 7 PM,2020-06-07 19:00:00,2020-06-07 19:00:00+08:00,2020-06-07 11:00:00+00:00,2020-06-07,11:00:00,845,2020-06-07,19.437083333333334,20.32,3.80625,112.05083333333332,1.345,10.650833333333331,243.84875,1.3316666666666668,10.79875,244.07083333333333,14.583333333333334,62.3,0.0,24.135416666666668,1020.4345833333332,4.535833333333334,0.5145833333333333,19.437083333333334,20.32,3.80625,112.05083333333332,1.345,10.650833333333331,243.84875,1.3316666666666668,10.79875,244.07083333333333,14.583333333333334,62.3,0.0,24.135416666666668,1020.4345833333332,4.535833333333334,0.5145833333333333,19.437083333333334,20.32,3.80625,112.05083333333332,1.345,10.650833333333331,243.84875,1.3316666666666668,10.79875,244.07083333333333,14.583333333333334,62.3,0.0,24.135416666666668,1020.4345833333332,4.535833333333334,0.5145833333333333,2.22,2.22
RNW,Rottnest West,June 7,"2020, 1 p.m.",7-Jun-20   1 p.m.,15,Fair,21oC SharkCv 5GNsharks,2020,1 PM,June 7 2020 1 PM,2020-06-07 13:00:00,2020-06-07 13:00:00+08:00,2020-06-07 05:00:00+00:00,2020-06-07,05:00:00,846,2020-06-07,19.437083333333334,20.32,3.80625,112.05083333333332,1.6266666666666667,9.155416666666667,244.20166666666668,1.6158333333333337,10.413333333333332,244.0920833333333,14.583333333333334,62.3,0.0,24.135416666666668,1020.4345833333332,4.535833333333334,0.5145833333333333,19.437083333333334,20.32,3.80625,112.05083333333332,1.6266666666666667,9.155416666666667,244.20166666666668,1.6158333333333337,10.413333333333332,244.0920833333333,14.583333333333334,62.3,0.0,24.135416666666668,1020.4345833333332,4.535833333333334,0.5145833333333333,19.437083333333334,20.32,3.80625,112.05083333333332,1.6266666666666667,9.155416666666667,244.20166666666668,1.6158333333333337,10.413333333333332,244.0920833333333,14.583333333333334,62.3,0.0,24.135416666666668,1020.4345833333332,4.535833333333334,0.5145833333333333,2.22,2.22
BUL,Bulk Jetty,June 7,"2020, 10 a.m.",7-Jun-20   10 a.m.,10,Fair,-,2020,10 AM,June 7 2020 10 AM,2020-06-07 10:00:00,2020-06-07 10:00:00+08:00,2020-06-07 02:00:00+00:00,2020-06-07,02:00:00,847,2020-06-07,17.679166666666667,20.07,3.0362500000000003,113.77916666666664,1.242916666666667,10.571666666666667,249.23291666666668,1.2375,10.63875,249.16,32.5,45.24583333333334,0.0,24.135416666666668,1020.6945833333332,4.6312500000000005,0.50625,17.679166666666667,20.07,3.0362500000000003,113.77916666666664,1.242916666666667,10.571666666666667,249.23291666666668,1.2375,10.63875,249.16,32.5,45.24583333333334,0.0,24.135416666666668,1020.6945833333332,4.6312500000000005,0.50625,17.679166666666667,20.07,3.0362500000000003,113.77916666666664,1.242916666666667,10.571666666666667,249.23291666666668,1.2375,10.63875,249.16,32.5,45.24583333333334,0.0,24.135416666666668,1020.6945833333332,4.6312500000000005,0.50625,0.12,0.12
RNN,Rottnest North,June 7,"2020, 10 a.m.",7-Jun-20   10 a.m.,10,Fair,"21oC, OperaHs, 3GNsharks",2020,10 AM,June 7 2020 10 AM,2020-06-07 10:00:00,2020-06-07 10:00:00+08:00,2020-06-07 02:00:00+00:00,2020-06-07,02:00:00,848,2020-06-07,19.437083333333334,20.32,3.80625,112.05083333333332,1.345,10.650833333333331,243.84875,1.3316666666666668,10.79875,244.07083333333333,14.583333333333334,62.3,0.0,24.135416666666668,1020.4345833333332,4.535833333333334,0.5145833333333333,19.437083333333334,20.32,3.80625,112.05083333333332,1.345,10.650833333333331,243.84875,1.3316666666666668,10.79875,244.07083333333333,14.583333333333334,62.3,0.0,24.135416666666668,1020.4345833333332,4.535833333333334,0.5145833333333333,19.437083333333334,20.32,3.80625,112.05083333333332,1.345,10.650833333333331,243.84875,1.3316666666666668,10.79875,244.07083333333333,14.583333333333334,62.3,0.0,24.135416666666668,1020.4345833333332,4.535833333333334,0.5145833333333333,2.22,2.22
BIC,Bicton Baths,June 6,"2020, 2 p.m.",6-Jun-20   2 p.m.,5,Fair,"Jerrat Rd, Scouts msrd w reel",2020,2 PM,June 6 2020 2 PM,2020-06-06 14:00:00,2020-06-06 14:00:00+08:00,2020-06-06 06:00:00+00:00,2020-06-06,06:00:00,849,2020-06-06,18.85625,20.32,5.002083333333333,154.67291666666668,1.5516666666666667,10.971666666666666,246.78583333333333,1.5170833333333331,11.32,245.02916666666667,100.0,44.60416666666666,0.12,23.92333333333333,1021.15,5.352916666666666,0.4679166666666667,18.85625,20.32,5.002083333333333,154.67291666666668,1.5516666666666667,10.971666666666666,246.78583333333333,1.5170833333333331,11.32,245.02916666666667,100.0,44.60416666666666,0.12,23.92333333333333,1021.15,5.352916666666666,0.4679166666666667,18.85625,20.32,5.002083333333333,154.67291666666668,1.5516666666666667,10.971666666666666,246.78583333333333,1.5170833333333331,11.32,245.02916666666667,100.0,44.60416666666666,0.12,23.92333333333333,1021.15,5.352916666666666,0.4679166666666667,0.0,0.0
RTS,Rottnest South,June 6,"2020, 11 a.m.",6-Jun-20   11 a.m.,12,Fair,-,2020,11 AM,June 6 2020 11 AM,2020-06-06 11:00:00,2020-06-06 11:00:00+08:00,2020-06-06 03:00:00+00:00,2020-06-06,03:00:00,850,2020-06-06,20.18125,20.32,5.002083333333333,154.67291666666668,1.5516666666666667,10.971666666666666,246.78583333333333,1.5170833333333331,11.32,245.02916666666667,100.0,69.05,2.22,23.1525,1020.8183333333332,7.0825,0.4679166666666667,20.18125,20.32,5.002083333333333,154.67291666666668,1.5516666666666667,10.971666666666666,246.78583333333333,1.5170833333333331,11.32,245.02916666666667,100.0,69.05,2.22,23.1525,1020.8183333333332,7.0825,0.4679166666666667,20.18125,20.32,5.002083333333333,154.67291666666668,1.5516666666666667,10.971666666666666,246.78583333333333,1.5170833333333331,11.32,245.02916666666667,100.0,69.05,2.22,23.1525,1020.8183333333332,7.0825,0.4679166666666667,0.0,0.0
BUL,Bulk Jetty,June 6,"2020, 10 a.m.",6-Jun-20   10 a.m.,9,Fair,"17 deg, big boat @ next jetty",2020,10 AM,June 6 2020 10 AM,2020-06-06 10:00:00,2020-06-06 10:00:00+08:00,2020-06-06 02:00:00+00:00,2020-06-06,02:00:00,851,2020-06-06,18.85625,20.07,4.892083333333333,148.62416666666667,1.4541666666666666,10.548333333333334,253.57791666666665,1.4166666666666667,10.962916666666668,251.13583333333332,100.0,44.60416666666666,0.12,23.92333333333333,1021.15,5.352916666666666,0.4579166666666667,18.85625,20.07,4.892083333333333,148.62416666666667,1.4541666666666666,10.548333333333334,253.57791666666665,1.4166666666666667,10.962916666666668,251.13583333333332,100.0,44.60416666666666,0.12,23.92333333333333,1021.15,5.352916666666666,0.4579166666666667,18.85625,20.07,4.892083333333333,148.62416666666667,1.4541666666666666,10.548333333333334,253.57791666666665,1.4166666666666667,10.962916666666668,251.13583333333332,100.0,44.60416666666666,0.12,23.92333333333333,1021.15,5.352916666666666,0.4579166666666667,0.0,0.0
NMF,North Mole Fremantle,June 6,"2020, 9 a.m.",6-Jun-20   9 a.m.,12,Fair,"Choppy on top, brilliant under",2020,9 AM,June 6 2020 9 AM,2020-06-06 09:00:00,2020-06-06 09:00:00+08:00,2020-06-06 01:00:00+00:00,2020-06-06,01:00:00,852,2020-06-06,20.18125,20.32,5.002083333333333,154.67291666666668,1.5516666666666667,10.971666666666666,246.78583333333333,1.5170833333333331,11.32,245.02916666666667,100.0,69.05,2.22,23.1525,1020.8183333333332,7.0825,0.4679166666666667,20.18125,20.32,5.002083333333333,154.67291666666668,1.5516666666666667,10.971666666666666,246.78583333333333,1.5170833333333331,11.32,245.02916666666667,100.0,69.05,2.22,23.1525,1020.8183333333332,7.0825,0.4679166666666667,20.18125,20.32,5.002083333333333,154.67291666666668,1.5516666666666667,10.971666666666666,246.78583333333333,1.5170833333333331,11.32,245.02916666666667,100.0,69.05,2.22,23.1525,1020.8183333333332,7.0825,0.4679166666666667,0.0,0.0
RNN,Rottnest North,June 6,"2020, 9 a.m.",6-Jun-20   9 a.m.,20,Windy,-,2020,9 AM,June 6 2020 9 AM,2020-06-06 09:00:00,2020-06-06 09:00:00+08:00,2020-06-06 01:00:00+00:00,2020-06-06,01:00:00,853,2020-06-06,20.18125,20.32,5.002083333333333,154.67291666666668,1.5516666666666667,10.971666666666666,246.78583333333333,1.5170833333333331,11.32,245.02916666666667,100.0,69.05,2.22,23.1525,1020.8183333333332,7.0825,0.4679166666666667,20.18125,20.32,5.002083333333333,154.67291666666668,1.5516666666666667,10.971666666666666,246.78583333333333,1.5170833333333331,11.32,245.02916666666667,100.0,69.05,2.22,23.1525,1020.8183333333332,7.0825,0.4679166666666667,20.18125,20.32,5.002083333333333,154.67291666666668,1.5516666666666667,10.971666666666666,246.78583333333333,1.5170833333333331,11.32,245.02916666666667,100.0,69.05,2.22,23.1525,1020.8183333333332,7.0825,0.4679166666666667,0.0,0.0
RKM,Rockingham Dive Trail,June 5,"2020, noon",5-Jun-20   12 p.m.,15,Glassy,Best ive ever seen there,2020,12 PM,June 5 2020 12 PM,2020-06-05 12:00:00,2020-06-05 12:00:00+08:00,2020-06-05 04:00:00+00:00,2020-06-05,04:00:00,854,2020-06-05,20.30666666666667,20.07,5.125416666666667,74.63708333333334,1.7212500000000002,12.927916666666668,244.87291666666667,1.6908333333333332,13.267916666666666,245.08208333333332,85.47916666666667,62.39166666666667,0.0,24.135416666666668,1022.8641666666668,8.97,0.4570833333333333,20.30666666666667,20.07,5.125416666666667,74.63708333333334,1.7212500000000002,12.927916666666668,244.87291666666667,1.6908333333333332,13.267916666666666,245.08208333333332,85.47916666666667,62.39166666666667,0.0,24.135416666666668,1022.8641666666668,8.97,0.4570833333333333,20.30666666666667,20.07,5.125416666666667,74.63708333333334,1.7212500000000002,12.927916666666668,244.87291666666667,1.6908333333333332,13.267916666666666,245.08208333333332,85.47916666666667,62.39166666666667,0.0,24.135416666666668,1022.8641666666668,8.97,0.4570833333333333,0.0,0.0
WOO,Woodman Point,June 3,"2020, 7 p.m.",3-Jun-20   7 p.m.,7,Glassy,"Temp: 17 deg, light surge",2020,7 PM,June 3 2020 7 PM,2020-06-03 19:00:00,2020-06-03 19:00:00+08:00,2020-06-03 11:00:00+00:00,2020-06-03,11:00:00,855,2020-06-03,19.719166666666663,20.366666666666667,2.952916666666667,52.85,1.48625,12.48375,238.555,1.4770833333333335,12.60125,238.22125000000003,38.583333333333336,56.80416666666667,0.0,24.136666666666667,1022.4195833333332,4.365,0.415,19.719166666666663,20.366666666666667,2.952916666666667,52.85,1.48625,12.48375,238.555,1.4770833333333335,12.60125,238.22125000000003,38.583333333333336,56.80416666666667,0.0,24.136666666666667,1022.4195833333332,4.365,0.415,19.719166666666663,20.366666666666667,2.952916666666667,52.85,1.48625,12.48375,238.555,1.4770833333333335,12.60125,238.22125000000003,38.583333333333336,56.80416666666667,0.0,24.136666666666667,1022.4195833333332,4.365,0.415,0.0,0.0
BWR,Blackwall Reach,June 3,"2020, 1 p.m.",3-Jun-20   1 p.m.,4,Glassy,16 degrees,2020,1 PM,June 3 2020 1 PM,2020-06-03 13:00:00,2020-06-03 13:00:00+08:00,2020-06-03 05:00:00+00:00,2020-06-03,05:00:00,856,2020-06-03,18.34208333333333,18.36125,3.518333333333333,52.94375,1.6420833333333331,12.57125,232.66125,1.6308333333333334,12.710833333333332,232.37416666666664,32.895833333333336,43.63333333333333,0.0,24.136666666666667,1022.72375,3.08625,0.4191666666666667,18.34208333333333,18.36125,3.518333333333333,52.94375,1.6420833333333331,12.57125,232.66125,1.6308333333333334,12.710833333333332,232.37416666666664,32.895833333333336,43.63333333333333,0.0,24.136666666666667,1022.72375,3.08625,0.4191666666666667,18.34208333333333,18.36125,3.518333333333333,52.94375,1.6420833333333331,12.57125,232.66125,1.6308333333333334,12.710833333333332,232.37416666666664,32.895833333333336,43.63333333333333,0.0,24.136666666666667,1022.72375,3.08625,0.4191666666666667,0.0,0.0
BIC,Bicton Baths,June 2,"2020, 7 p.m.",2-Jun-20   7 p.m.,3,Glassy,"16 deg, JERRAT DRIVE",2020,7 PM,June 2 2020 7 PM,2020-06-02 19:00:00,2020-06-02 19:00:00+08:00,2020-06-02 11:00:00+00:00,2020-06-02,11:00:00,857,2020-06-02,17.25583333333333,19.77,5.226666666666667,55.094166666666666,1.4925,11.465000000000002,233.15,1.4704166666666667,11.76375,233.2516666666667,70.39583333333333,50.3,0.0,24.1325,1024.385,7.832916666666667,0.4020833333333333,17.25583333333333,19.77,5.226666666666667,55.094166666666666,1.4925,11.465000000000002,233.15,1.4704166666666667,11.76375,233.2516666666667,70.39583333333333,50.3,0.0,24.1325,1024.385,7.832916666666667,0.4020833333333333,17.25583333333333,19.77,5.226666666666667,55.094166666666666,1.4925,11.465000000000002,233.15,1.4704166666666667,11.76375,233.2516666666667,70.39583333333333,50.3,0.0,24.1325,1024.385,7.832916666666667,0.4020833333333333,0.0,0.0
CMB,The Coombe & Mosman Bay,June 2,"2020, 3 p.m.",2-Jun-20   3 p.m.,4,Glassy,"16 degrees, not much current",2020,3 PM,June 2 2020 3 PM,2020-06-02 15:00:00,2020-06-02 15:00:00+08:00,2020-06-02 07:00:00+00:00,2020-06-02,07:00:00,858,2020-06-02,17.25583333333333,19.77,5.226666666666667,55.094166666666666,1.4925,11.465000000000002,233.15,1.4704166666666667,11.76375,233.2516666666667,70.39583333333333,50.3,0.0,24.1325,1024.385,7.832916666666667,0.4020833333333333,17.25583333333333,19.77,5.226666666666667,55.094166666666666,1.4925,11.465000000000002,233.15,1.4704166666666667,11.76375,233.2516666666667,70.39583333333333,50.3,0.0,24.1325,1024.385,7.832916666666667,0.4020833333333333,17.25583333333333,19.77,5.226666666666667,55.094166666666666,1.4925,11.465000000000002,233.15,1.4704166666666667,11.76375,233.2516666666667,70.39583333333333,50.3,0.0,24.1325,1024.385,7.832916666666667,0.4020833333333333,0.0,0.0
NMF,North Mole Fremantle,June 1,"2020, 7 p.m.",1-Jun-20   7 p.m.,2,Fair,-,2020,7 PM,June 1 2020 7 PM,2020-06-01 19:00:00,2020-06-01 19:00:00+08:00,2020-06-01 11:00:00+00:00,2020-06-01,11:00:00,859,2020-06-01,17.486666666666668,19.77,3.986666666666667,103.15541666666668,1.875,11.780833333333334,231.65,1.8683333333333332,11.87,231.97125000000003,81.10416666666667,67.45833333333333,0.0,24.1375,1026.4579166666665,4.2,0.4145833333333333,17.486666666666668,19.77,3.986666666666667,103.15541666666668,1.875,11.780833333333334,231.65,1.8683333333333332,11.87,231.97125000000003,81.10416666666667,67.45833333333333,0.0,24.1375,1026.4579166666665,4.2,0.4145833333333333,17.486666666666668,19.77,3.986666666666667,103.15541666666668,1.875,11.780833333333334,231.65,1.8683333333333332,11.87,231.97125000000003,81.10416666666667,67.45833333333333,0.0,24.1375,1026.4579166666665,4.2,0.4145833333333333,0.0,1.2200000000000002
KGT,Kwinana Grain Terminal,June 1,"2020, 4 p.m.",1-Jun-20   4 p.m.,15,Glassy,clearest near shore,2020,4 PM,June 1 2020 4 PM,2020-06-01 16:00:00,2020-06-01 16:00:00+08:00,2020-06-01 08:00:00+00:00,2020-06-01,08:00:00,860,2020-06-01,16.770833333333332,19.41,3.3829166666666666,107.37583333333332,1.6775,11.675,237.04625,1.6733333333333331,11.736666666666666,237.2358333333333,73.75,70.375,0.0,24.1375,1026.6370833333333,3.909166666666666,0.4104166666666666,16.770833333333332,19.41,3.3829166666666666,107.37583333333332,1.6775,11.675,237.04625,1.6733333333333331,11.736666666666666,237.2358333333333,73.75,70.375,0.0,24.1375,1026.6370833333333,3.909166666666666,0.4104166666666666,16.770833333333332,19.41,3.3829166666666666,107.37583333333332,1.6775,11.675,237.04625,1.6733333333333331,11.736666666666666,237.2358333333333,73.75,70.375,0.0,24.1375,1026.6370833333333,3.909166666666666,0.4104166666666666,0.0,2.37
PPR,Point Peron,June 1,"2020, 1 p.m.",1-Jun-20   1 p.m.,7,Fair,A lot of surge,2020,1 PM,June 1 2020 1 PM,2020-06-01 13:00:00,2020-06-01 13:00:00+08:00,2020-06-01 05:00:00+00:00,2020-06-01,05:00:00,861,2020-06-01,16.770833333333332,19.41,3.3829166666666666,107.37583333333332,1.6775,11.675,237.04625,1.6733333333333331,11.736666666666666,237.2358333333333,73.75,70.375,0.0,24.1375,1026.6370833333333,3.909166666666666,0.4104166666666666,16.770833333333332,19.41,3.3829166666666666,107.37583333333332,1.6775,11.675,237.04625,1.6733333333333331,11.736666666666666,237.2358333333333,73.75,70.375,0.0,24.1375,1026.6370833333333,3.909166666666666,0.4104166666666666,16.770833333333332,19.41,3.3829166666666666,107.37583333333332,1.6775,11.675,237.04625,1.6733333333333331,11.736666666666666,237.2358333333333,73.75,70.375,0.0,24.1375,1026.6370833333333,3.909166666666666,0.4104166666666666,0.72,2.57
BUL,Bulk Jetty,June 1,"2020, 11 a.m.",1-Jun-20   11 a.m.,8,Fair,17deg,2020,11 AM,June 1 2020 11 AM,2020-06-01 11:00:00,2020-06-01 11:00:00+08:00,2020-06-01 03:00:00+00:00,2020-06-01,03:00:00,862,2020-06-01,16.053333333333335,19.41,3.3829166666666666,107.37583333333332,1.6775,11.675,237.04625,1.6733333333333331,11.736666666666666,237.2358333333333,66.4375,63.25,0.0,24.1375,1026.61375,3.8679166666666656,0.4104166666666666,16.053333333333335,19.41,3.3829166666666666,107.37583333333332,1.6775,11.675,237.04625,1.6733333333333331,11.736666666666666,237.2358333333333,66.4375,63.25,0.0,24.1375,1026.61375,3.8679166666666656,0.4104166666666666,16.053333333333335,19.41,3.3829166666666666,107.37583333333332,1.6775,11.675,237.04625,1.6733333333333331,11.736666666666666,237.2358333333333,66.4375,63.25,0.0,24.1375,1026.61375,3.8679166666666656,0.4104166666666666,0.0,2.6499999999999995
RKM,Rockingham Dive Trail,June 1,"2020, 9 a.m.",1-Jun-20   9 a.m.,9,Glassy,-,2020,9 AM,June 1 2020 9 AM,2020-06-01 09:00:00,2020-06-01 09:00:00+08:00,2020-06-01 01:00:00+00:00,2020-06-01,01:00:00,863,2020-06-01,16.770833333333332,19.41,3.3829166666666666,107.37583333333332,1.6775,11.675,237.04625,1.6733333333333331,11.736666666666666,237.2358333333333,73.75,70.375,0.0,24.1375,1026.6370833333333,3.909166666666666,0.4104166666666666,16.770833333333332,19.41,3.3829166666666666,107.37583333333332,1.6775,11.675,237.04625,1.6733333333333331,11.736666666666666,237.2358333333333,73.75,70.375,0.0,24.1375,1026.6370833333333,3.909166666666666,0.4104166666666666,16.770833333333332,19.41,3.3829166666666666,107.37583333333332,1.6775,11.675,237.04625,1.6733333333333331,11.736666666666666,237.2358333333333,73.75,70.375,0.0,24.1375,1026.6370833333333,3.909166666666666,0.4104166666666666,1.08,2.69
3MR,Three Mile Reef,June 1,"2020, 9 a.m.",1-Jun-20   9 a.m.,5,Fair,"17.5oC Vert viz12m, Horz5-10m",2020,9 AM,June 1 2020 9 AM,2020-06-01 09:00:00,2020-06-01 09:00:00+08:00,2020-06-01 01:00:00+00:00,2020-06-01,01:00:00,864,2020-06-01,17.486666666666668,19.91,3.6833333333333336,101.31083333333332,2.095833333333333,11.964583333333332,228.80916666666667,2.089583333333333,12.032083333333333,229.10916666666665,81.10416666666667,67.45833333333333,0.0,24.1375,1026.4579166666665,4.2,0.4191666666666666,17.486666666666668,19.91,3.6833333333333336,101.31083333333332,2.095833333333333,11.964583333333332,228.80916666666667,2.089583333333333,12.032083333333333,229.10916666666665,81.10416666666667,67.45833333333333,0.0,24.1375,1026.4579166666665,4.2,0.4191666666666666,17.486666666666668,19.91,3.6833333333333336,101.31083333333332,2.095833333333333,11.964583333333332,228.80916666666667,2.089583333333333,12.032083333333333,229.10916666666665,81.10416666666667,67.45833333333333,0.0,24.1375,1026.4579166666665,4.2,0.4191666666666666,0.0,1.74
RKM,Rockingham Dive Trail,June 1,"2020, 9 a.m.",1-Jun-20   9 a.m.,7,Glassy,Plam Beach jetty,2020,9 AM,June 1 2020 9 AM,2020-06-01 09:00:00,2020-06-01 09:00:00+08:00,2020-06-01 01:00:00+00:00,2020-06-01,01:00:00,865,2020-06-01,16.770833333333332,19.41,3.3829166666666666,107.37583333333332,1.6775,11.675,237.04625,1.6733333333333331,11.736666666666666,237.2358333333333,73.75,70.375,0.0,24.1375,1026.6370833333333,3.909166666666666,0.4104166666666666,16.770833333333332,19.41,3.3829166666666666,107.37583333333332,1.6775,11.675,237.04625,1.6733333333333331,11.736666666666666,237.2358333333333,73.75,70.375,0.0,24.1375,1026.6370833333333,3.909166666666666,0.4104166666666666,16.770833333333332,19.41,3.3829166666666666,107.37583333333332,1.6775,11.675,237.04625,1.6733333333333331,11.736666666666666,237.2358333333333,73.75,70.375,0.0,24.1375,1026.6370833333333,3.909166666666666,0.4104166666666666,1.08,2.69
CMB,The Coombe & Mosman Bay,May 30,"2020, 6 p.m.",30-May-20   6 p.m.,4,Glassy,-,2020,6 PM,May 30 2020 6 PM,2020-05-30 18:00:00,2020-05-30 18:00:00+08:00,2020-05-30 10:00:00+00:00,2020-05-30,10:00:00,866,2020-05-30,15.108333333333334,19.77,9.092083333333331,254.17583333333332,3.06125,11.472083333333332,239.94875,2.8383333333333334,12.454583333333334,237.39916666666667,74.5625,64.94583333333334,2.0,23.579166666666666,1021.6204166666666,7.064583333333334,0.5454166666666668,15.108333333333334,19.77,9.092083333333331,254.17583333333332,3.06125,11.472083333333332,239.94875,2.8383333333333334,12.454583333333334,237.39916666666667,74.5625,64.94583333333334,2.0,23.579166666666666,1021.6204166666666,7.064583333333334,0.5454166666666668,15.108333333333334,19.77,9.092083333333331,254.17583333333332,3.06125,11.472083333333332,239.94875,2.8383333333333334,12.454583333333334,237.39916666666667,74.5625,64.94583333333334,2.0,23.579166666666666,1021.6204166666666,7.064583333333334,0.5454166666666668,1.96,27.040000000000003
CMB,The Coombe & Mosman Bay,May 30,"2020, 10 a.m.",30-May-20   10 a.m.,2,Glassy,"Temp: 16 deg, no current",2020,10 AM,May 30 2020 10 AM,2020-05-30 10:00:00,2020-05-30 10:00:00+08:00,2020-05-30 02:00:00+00:00,2020-05-30,02:00:00,867,2020-05-30,15.108333333333334,19.77,9.092083333333331,254.17583333333332,3.06125,11.472083333333332,239.94875,2.8383333333333334,12.454583333333334,237.39916666666667,74.5625,64.94583333333334,2.0,23.579166666666666,1021.6204166666666,7.064583333333334,0.5454166666666668,15.108333333333334,19.77,9.092083333333331,254.17583333333332,3.06125,11.472083333333332,239.94875,2.8383333333333334,12.454583333333334,237.39916666666667,74.5625,64.94583333333334,2.0,23.579166666666666,1021.6204166666666,7.064583333333334,0.5454166666666668,15.108333333333334,19.77,9.092083333333331,254.17583333333332,3.06125,11.472083333333332,239.94875,2.8383333333333334,12.454583333333334,237.39916666666667,74.5625,64.94583333333334,2.0,23.579166666666666,1021.6204166666666,7.064583333333334,0.5454166666666668,17.29,30.58
BWR,Blackwall Reach,May 27,"2020, 7 p.m.",27-May-20   7 p.m.,3,Fair,"Ok for prawns, lots of crabs",2020,7 PM,May 27 2020 7 PM,2020-05-27 19:00:00,2020-05-27 19:00:00+08:00,2020-05-27 11:00:00+00:00,2020-05-27,11:00:00,868,2020-05-27,15.662916666666668,19.9825,8.215833333333334,287.25708333333336,2.7099999999999995,11.54,240.32,2.554583333333333,12.428333333333333,235.60791666666668,77.77083333333333,70.59166666666667,5.01,21.6,1019.3420833333332,7.459583333333334,0.5295833333333334,15.662916666666668,19.9825,8.215833333333334,287.25708333333336,2.7099999999999995,11.54,240.32,2.554583333333333,12.428333333333333,235.60791666666668,77.77083333333333,70.59166666666667,5.01,21.6,1019.3420833333332,7.459583333333334,0.5295833333333334,15.662916666666668,19.9825,8.215833333333334,287.25708333333336,2.7099999999999995,11.54,240.32,2.554583333333333,12.428333333333333,235.60791666666668,77.77083333333333,70.59166666666667,5.01,21.6,1019.3420833333332,7.459583333333334,0.5295833333333334,1.5100000000000002,1.7400000000000002
BUL,Bulk Jetty,May 23,"2020, 7 p.m.",23-May-20   7 p.m.,5,Glassy,"17oC , <2m at +10m",2020,7 PM,May 23 2020 7 PM,2020-05-23 19:00:00,2020-05-23 19:00:00+08:00,2020-05-23 11:00:00+00:00,2020-05-23,11:00:00,869,2020-05-23,20.173333333333336,19.742916666666662,6.997916666666666,42.54291666666666,1.5225,9.797916666666667,297.06125000000003,1.32375,11.628333333333332,269.42541666666665,52.16666666666666,25.929166666666664,0.0,24.13625,1016.4304166666668,11.120833333333332,0.5420833333333334,20.173333333333336,19.742916666666662,6.997916666666666,42.54291666666666,1.5225,9.797916666666667,297.06125000000003,1.32375,11.628333333333332,269.42541666666665,52.16666666666666,25.929166666666664,0.0,24.13625,1016.4304166666668,11.120833333333332,0.5420833333333334,20.173333333333336,19.742916666666662,6.997916666666666,42.54291666666666,1.5225,9.797916666666667,297.06125000000003,1.32375,11.628333333333332,269.42541666666665,52.16666666666666,25.929166666666664,0.0,24.13625,1016.4304166666668,11.120833333333332,0.5420833333333334,0.0,0.0
PPR,Point Peron,May 23,"2020, 10 a.m.",23-May-20   10 a.m.,8,Fair,Light surge with some chop,2020,10 AM,May 23 2020 10 AM,2020-05-23 10:00:00,2020-05-23 10:00:00+08:00,2020-05-23 02:00:00+00:00,2020-05-23,02:00:00,870,2020-05-23,21.062083333333334,19.742916666666662,6.997916666666666,42.54291666666666,1.5225,9.797916666666667,297.06125000000003,1.32375,11.628333333333332,269.42541666666665,43.66666666666666,52.34166666666667,0.72,24.019583333333333,1015.66,12.00875,0.5420833333333334,21.062083333333334,19.742916666666662,6.997916666666666,42.54291666666666,1.5225,9.797916666666667,297.06125000000003,1.32375,11.628333333333332,269.42541666666665,43.66666666666666,52.34166666666667,0.72,24.019583333333333,1015.66,12.00875,0.5420833333333334,21.062083333333334,19.742916666666662,6.997916666666666,42.54291666666666,1.5225,9.797916666666667,297.06125000000003,1.32375,11.628333333333332,269.42541666666665,43.66666666666666,52.34166666666667,0.72,24.019583333333333,1015.66,12.00875,0.5420833333333334,0.0,0.0
FRE,South Fremantle,May 22,"2020, 1 p.m.",22-May-20   1 p.m.,10,Fair,-,2020,1 PM,May 22 2020 1 PM,2020-05-22 13:00:00,2020-05-22 13:00:00+08:00,2020-05-22 05:00:00+00:00,2020-05-22,05:00:00,871,2020-05-22,19.23958333333333,19.55625,5.620416666666666,60.14083333333334,1.1316666666666666,9.137083333333331,245.7829166666667,1.0025000000000002,10.635416666666666,231.20125,0.0,51.35416666666666,0.0,24.13583333333333,1020.99625,7.654166666666666,0.4929166666666666,19.23958333333333,19.55625,5.620416666666666,60.14083333333334,1.1316666666666666,9.137083333333331,245.7829166666667,1.0025000000000002,10.635416666666666,231.20125,0.0,51.35416666666666,0.0,24.13583333333333,1020.99625,7.654166666666666,0.4929166666666666,19.23958333333333,19.55625,5.620416666666666,60.14083333333334,1.1316666666666666,9.137083333333331,245.7829166666667,1.0025000000000002,10.635416666666666,231.20125,0.0,51.35416666666666,0.0,24.13583333333333,1020.99625,7.654166666666666,0.4929166666666666,0.0,0.0
KGT,Kwinana Grain Terminal,May 21,"2020, 7 p.m.",21-May-20   7 p.m.,10,Fair,bit of a current,2020,7 PM,May 21 2020 7 PM,2020-05-21 19:00:00,2020-05-21 19:00:00+08:00,2020-05-21 11:00:00+00:00,2020-05-21,11:00:00,872,2020-05-21,16.4175,19.074166666666667,3.373333333333333,110.94208333333334,1.1770833333333333,11.207916666666668,230.5133333333333,1.16875,11.332083333333337,230.76666666666665,0.0,64.59583333333333,0.0,24.139166666666668,1024.91,5.170416666666667,0.3729166666666666,16.4175,19.074166666666667,3.373333333333333,110.94208333333334,1.1770833333333333,11.207916666666668,230.5133333333333,1.16875,11.332083333333337,230.76666666666665,0.0,64.59583333333333,0.0,24.139166666666668,1024.91,5.170416666666667,0.3729166666666666,16.4175,19.074166666666667,3.373333333333333,110.94208333333334,1.1770833333333333,11.207916666666668,230.5133333333333,1.16875,11.332083333333337,230.76666666666665,0.0,64.59583333333333,0.0,24.139166666666668,1024.91,5.170416666666667,0.3729166666666666,0.0,0.0
FRE,South Fremantle,May 21,"2020, noon",21-May-20   12 p.m.,3,Fair,-,2020,12 PM,May 21 2020 12 PM,2020-05-21 12:00:00,2020-05-21 12:00:00+08:00,2020-05-21 04:00:00+00:00,2020-05-21,04:00:00,873,2020-05-21,17.282083333333333,19.115416666666665,4.285416666666666,106.98583333333332,1.3479166666666669,11.102916666666667,225.5041666666667,1.3329166666666663,11.305833333333332,226.15625,0.0,60.68333333333334,0.0,24.139166666666668,1024.6916666666666,5.970833333333332,0.3795833333333333,17.282083333333333,19.115416666666665,4.285416666666666,106.98583333333332,1.3479166666666669,11.102916666666667,225.5041666666667,1.3329166666666663,11.305833333333332,226.15625,0.0,60.68333333333334,0.0,24.139166666666668,1024.6916666666666,5.970833333333332,0.3795833333333333,17.282083333333333,19.115416666666665,4.285416666666666,106.98583333333332,1.3479166666666669,11.102916666666667,225.5041666666667,1.3329166666666663,11.305833333333332,226.15625,0.0,60.68333333333334,0.0,24.139166666666668,1024.6916666666666,5.970833333333332,0.3795833333333333,0.0,0.0
NMF,North Mole Fremantle,May 21,"2020, 11 a.m.",21-May-20   11 a.m.,4,Fair,-,2020,11 AM,May 21 2020 11 AM,2020-05-21 11:00:00,2020-05-21 11:00:00+08:00,2020-05-21 03:00:00+00:00,2020-05-21,03:00:00,874,2020-05-21,17.282083333333333,19.115416666666665,4.285416666666666,106.98583333333332,1.3479166666666669,11.102916666666667,225.5041666666667,1.3329166666666663,11.305833333333332,226.15625,0.0,60.68333333333334,0.0,24.139166666666668,1024.6916666666666,5.970833333333332,0.3795833333333333,17.282083333333333,19.115416666666665,4.285416666666666,106.98583333333332,1.3479166666666669,11.102916666666667,225.5041666666667,1.3329166666666663,11.305833333333332,226.15625,0.0,60.68333333333334,0.0,24.139166666666668,1024.6916666666666,5.970833333333332,0.3795833333333333,17.282083333333333,19.115416666666665,4.285416666666666,106.98583333333332,1.3479166666666669,11.102916666666667,225.5041666666667,1.3329166666666663,11.305833333333332,226.15625,0.0,60.68333333333334,0.0,24.139166666666668,1024.6916666666666,5.970833333333332,0.3795833333333333,0.0,0.0
BUL,Bulk Jetty,May 17,"2020, 8 a.m.",17-May-20   8 a.m.,6,Fair,-,2020,8 AM,May 17 2020 8 AM,2020-05-17 08:00:00,2020-05-17 08:00:00+08:00,2020-05-17 00:00:00+00:00,2020-05-17,00:00:00,875,2020-05-17,17.397083333333335,20.62,5.8075,175.75208333333333,2.1808333333333336,12.851666666666668,237.12291666666667,2.135,13.23,238.71125,87.375,53.35416666666666,0.0,24.13458333333333,1020.6066666666668,7.651666666666666,0.4079166666666666,17.397083333333335,20.62,5.8075,175.75208333333333,2.1808333333333336,12.851666666666668,237.12291666666667,2.135,13.23,238.71125,87.375,53.35416666666666,0.0,24.13458333333333,1020.6066666666668,7.651666666666666,0.4079166666666666,17.397083333333335,20.62,5.8075,175.75208333333333,2.1808333333333336,12.851666666666668,237.12291666666667,2.135,13.23,238.71125,87.375,53.35416666666666,0.0,24.13458333333333,1020.6066666666668,7.651666666666666,0.4079166666666666,0.0,0.0
BIC,Bicton Baths,May 16,"2020, 4 p.m.",16-May-20   4 p.m.,2,Fair,17.6oC,2020,4 PM,May 16 2020 4 PM,2020-05-16 16:00:00,2020-05-16 16:00:00+08:00,2020-05-16 08:00:00+00:00,2020-05-16,08:00:00,876,2020-05-16,15.484166666666669,20.78,6.095416666666666,139.29791666666668,2.3329166666666667,12.47125,231.38583333333332,2.31,12.67125,232.44541666666663,96.75,49.34583333333333,0.0,24.136666666666667,1027.024583333333,10.555416666666668,0.42375,15.484166666666669,20.78,6.095416666666666,139.29791666666668,2.3329166666666667,12.47125,231.38583333333332,2.31,12.67125,232.44541666666663,96.75,49.34583333333333,0.0,24.136666666666667,1027.024583333333,10.555416666666668,0.42375,15.484166666666669,20.78,6.095416666666666,139.29791666666668,2.3329166666666667,12.47125,231.38583333333332,2.31,12.67125,232.44541666666663,96.75,49.34583333333333,0.0,24.136666666666667,1027.024583333333,10.555416666666668,0.42375,0.0,0.0
CMT,Coogee Maritime Trail,May 16,"2020, 2 p.m.",16-May-20   2 p.m.,6,Fair,Some swell stirring things up,2020,2 PM,May 16 2020 2 PM,2020-05-16 14:00:00,2020-05-16 14:00:00+08:00,2020-05-16 06:00:00+00:00,2020-05-16,06:00:00,877,2020-05-16,15.484166666666669,20.78,6.095416666666666,139.29791666666668,2.3329166666666667,12.47125,231.38583333333332,2.31,12.67125,232.44541666666663,96.75,49.34583333333333,0.0,24.136666666666667,1027.024583333333,10.555416666666668,0.42375,15.484166666666669,20.78,6.095416666666666,139.29791666666668,2.3329166666666667,12.47125,231.38583333333332,2.31,12.67125,232.44541666666663,96.75,49.34583333333333,0.0,24.136666666666667,1027.024583333333,10.555416666666668,0.42375,15.484166666666669,20.78,6.095416666666666,139.29791666666668,2.3329166666666667,12.47125,231.38583333333332,2.31,12.67125,232.44541666666663,96.75,49.34583333333333,0.0,24.136666666666667,1027.024583333333,10.555416666666668,0.42375,0.0,0.0
BWR,Blackwall Reach,May 16,"2020, noon",16-May-20   12 p.m.,5,Glassy,-,2020,12 PM,May 16 2020 12 PM,2020-05-16 12:00:00,2020-05-16 12:00:00+08:00,2020-05-16 04:00:00+00:00,2020-05-16,04:00:00,878,2020-05-16,15.484166666666669,20.78,6.095416666666666,139.29791666666668,2.3329166666666667,12.47125,231.38583333333332,2.31,12.67125,232.44541666666663,96.75,49.34583333333333,0.0,24.136666666666667,1027.024583333333,10.555416666666668,0.42375,15.484166666666669,20.78,6.095416666666666,139.29791666666668,2.3329166666666667,12.47125,231.38583333333332,2.31,12.67125,232.44541666666663,96.75,49.34583333333333,0.0,24.136666666666667,1027.024583333333,10.555416666666668,0.42375,15.484166666666669,20.78,6.095416666666666,139.29791666666668,2.3329166666666667,12.47125,231.38583333333332,2.31,12.67125,232.44541666666663,96.75,49.34583333333333,0.0,24.136666666666667,1027.024583333333,10.555416666666668,0.42375,0.0,0.0
KGT,Kwinana Grain Terminal,May 16,"2020, 10 a.m.",16-May-20   10 a.m.,20,Glassy,"Octopus, seahorses, cuttlefish",2020,10 AM,May 16 2020 10 AM,2020-05-16 10:00:00,2020-05-16 10:00:00+08:00,2020-05-16 02:00:00+00:00,2020-05-16,02:00:00,879,2020-05-16,16.069583333333334,20.62,5.394166666666667,141.96083333333334,2.106666666666667,12.467083333333331,236.50958333333332,2.0866666666666664,12.637916666666667,237.33875,97.5,58.70416666666667,0.0,24.136666666666667,1027.5333333333333,9.010416666666666,0.4145833333333333,16.069583333333334,20.62,5.394166666666667,141.96083333333334,2.106666666666667,12.467083333333331,236.50958333333332,2.0866666666666664,12.637916666666667,237.33875,97.5,58.70416666666667,0.0,24.136666666666667,1027.5333333333333,9.010416666666666,0.4145833333333333,16.069583333333334,20.62,5.394166666666667,141.96083333333334,2.106666666666667,12.467083333333331,236.50958333333332,2.0866666666666664,12.637916666666667,237.33875,97.5,58.70416666666667,0.0,24.136666666666667,1027.5333333333333,9.010416666666666,0.4145833333333333,0.0,0.0
RKM,Rockingham Dive Trail,May 16,"2020, 10 a.m.",16-May-20   10 a.m.,13,Fair,"Great visibility, Palm Beach",2020,10 AM,May 16 2020 10 AM,2020-05-16 10:00:00,2020-05-16 10:00:00+08:00,2020-05-16 02:00:00+00:00,2020-05-16,02:00:00,880,2020-05-16,16.069583333333334,20.62,5.394166666666667,141.96083333333334,2.106666666666667,12.467083333333331,236.50958333333332,2.0866666666666664,12.637916666666667,237.33875,97.5,58.70416666666667,0.0,24.136666666666667,1027.5333333333333,9.010416666666666,0.4145833333333333,16.069583333333334,20.62,5.394166666666667,141.96083333333334,2.106666666666667,12.467083333333331,236.50958333333332,2.0866666666666664,12.637916666666667,237.33875,97.5,58.70416666666667,0.0,24.136666666666667,1027.5333333333333,9.010416666666666,0.4145833333333333,16.069583333333334,20.62,5.394166666666667,141.96083333333334,2.106666666666667,12.467083333333331,236.50958333333332,2.0866666666666664,12.637916666666667,237.33875,97.5,58.70416666666667,0.0,24.136666666666667,1027.5333333333333,9.010416666666666,0.4145833333333333,0.0,0.0
STA,Staggie Reef,May 15,"2020, 1 p.m.",15-May-20   1 p.m.,5,Glassy,Alkimos Wreck,2020,1 PM,May 15 2020 1 PM,2020-05-15 13:00:00,2020-05-15 13:00:00+08:00,2020-05-15 05:00:00+00:00,2020-05-15,05:00:00,881,2020-05-15,18.5725,20.92,4.458333333333333,186.15833333333333,1.5641666666666667,12.574583333333337,234.35375,1.538333333333333,12.892083333333334,235.33416666666665,72.91666666666667,69.92083333333333,0.0,24.13583333333333,1022.9179166666668,8.243333333333334,0.4845833333333333,18.5725,20.92,4.458333333333333,186.15833333333333,1.5641666666666667,12.574583333333337,234.35375,1.538333333333333,12.892083333333334,235.33416666666665,72.91666666666667,69.92083333333333,0.0,24.13583333333333,1022.9179166666668,8.243333333333334,0.4845833333333333,18.5725,20.92,4.458333333333333,186.15833333333333,1.5641666666666667,12.574583333333337,234.35375,1.538333333333333,12.892083333333334,235.33416666666665,72.91666666666667,69.92083333333333,0.0,24.13583333333333,1022.9179166666668,8.243333333333334,0.4845833333333333,0.0,0.0
MET,Mettam’s Pool,May 15,"2020, noon",15-May-20   12 p.m.,20,Fair,bloody optimal!,2020,12 PM,May 15 2020 12 PM,2020-05-15 12:00:00,2020-05-15 12:00:00+08:00,2020-05-15 04:00:00+00:00,2020-05-15,04:00:00,882,2020-05-15,17.619583333333335,20.92,4.458333333333333,186.15833333333333,1.5641666666666667,12.574583333333337,234.35375,1.538333333333333,12.892083333333334,235.33416666666665,72.91666666666667,59.87083333333334,0.0,24.13583333333333,1023.1925,7.067916666666666,0.4845833333333333,17.619583333333335,20.92,4.458333333333333,186.15833333333333,1.5641666666666667,12.574583333333337,234.35375,1.538333333333333,12.892083333333334,235.33416666666665,72.91666666666667,59.87083333333334,0.0,24.13583333333333,1023.1925,7.067916666666666,0.4845833333333333,17.619583333333335,20.92,4.458333333333333,186.15833333333333,1.5641666666666667,12.574583333333337,234.35375,1.538333333333333,12.892083333333334,235.33416666666665,72.91666666666667,59.87083333333334,0.0,24.13583333333333,1023.1925,7.067916666666666,0.4845833333333333,0.0,0.0
AMJ,Ammo Jetty,May 15,"2020, 11 a.m.",15-May-20   11 a.m.,10,Glassy,-,2020,11 AM,May 15 2020 11 AM,2020-05-15 11:00:00,2020-05-15 11:00:00+08:00,2020-05-15 03:00:00+00:00,2020-05-15,03:00:00,883,2020-05-15,17.619583333333335,20.78,4.707916666666667,179.72458333333336,1.4400000000000002,12.374166666666667,236.82666666666668,1.4079166666666667,12.7525,237.90666666666667,72.91666666666667,59.87083333333334,0.0,24.13583333333333,1023.1925,7.067916666666666,0.4820833333333333,17.619583333333335,20.78,4.707916666666667,179.72458333333336,1.4400000000000002,12.374166666666667,236.82666666666668,1.4079166666666667,12.7525,237.90666666666667,72.91666666666667,59.87083333333334,0.0,24.13583333333333,1023.1925,7.067916666666666,0.4820833333333333,17.619583333333335,20.78,4.707916666666667,179.72458333333336,1.4400000000000002,12.374166666666667,236.82666666666668,1.4079166666666667,12.7525,237.90666666666667,72.91666666666667,59.87083333333334,0.0,24.13583333333333,1023.1925,7.067916666666666,0.4820833333333333,0.0,0.0
CMT,Coogee Maritime Trail,May 15,"2020, 10 a.m.",15-May-20   10 a.m.,12,Fair,Viz measured with reel,2020,10 AM,May 15 2020 10 AM,2020-05-15 10:00:00,2020-05-15 10:00:00+08:00,2020-05-15 02:00:00+00:00,2020-05-15,02:00:00,884,2020-05-15,17.619583333333335,20.78,4.707916666666667,179.72458333333336,1.4400000000000002,12.374166666666667,236.82666666666668,1.4079166666666667,12.7525,237.90666666666667,72.91666666666667,59.87083333333334,0.0,24.13583333333333,1023.1925,7.067916666666666,0.4820833333333333,17.619583333333335,20.78,4.707916666666667,179.72458333333336,1.4400000000000002,12.374166666666667,236.82666666666668,1.4079166666666667,12.7525,237.90666666666667,72.91666666666667,59.87083333333334,0.0,24.13583333333333,1023.1925,7.067916666666666,0.4820833333333333,17.619583333333335,20.78,4.707916666666667,179.72458333333336,1.4400000000000002,12.374166666666667,236.82666666666668,1.4079166666666667,12.7525,237.90666666666667,72.91666666666667,59.87083333333334,0.0,24.13583333333333,1023.1925,7.067916666666666,0.4820833333333333,0.0,0.0
KGT,Kwinana Grain Terminal,May 14,"2020, 7 p.m.",14-May-20   7 p.m.,6,Glassy,great conditions !,2020,7 PM,May 14 2020 7 PM,2020-05-14 19:00:00,2020-05-14 19:00:00+08:00,2020-05-14 11:00:00+00:00,2020-05-14,11:00:00,885,2020-05-14,18.9975,20.7425,1.8520833333333333,162.30958333333334,0.9733333333333332,11.089166666666666,241.29541666666668,0.9733333333333332,11.091666666666669,241.30166666666665,0.0,67.03750000000001,0.0,24.13416666666667,1020.8883333333332,3.49,0.4979166666666666,18.9975,20.7425,1.8520833333333333,162.30958333333334,0.9733333333333332,11.089166666666666,241.29541666666668,0.9733333333333332,11.091666666666669,241.30166666666665,0.0,67.03750000000001,0.0,24.13416666666667,1020.8883333333332,3.49,0.4979166666666666,18.9975,20.7425,1.8520833333333333,162.30958333333334,0.9733333333333332,11.089166666666666,241.29541666666668,0.9733333333333332,11.091666666666669,241.30166666666665,0.0,67.03750000000001,0.0,24.13416666666667,1020.8883333333332,3.49,0.4979166666666666,0.0,0.0
CMT,Coogee Maritime Trail,May 14,"2020, 2 p.m.",14-May-20   2 p.m.,8,Fair,2 nudibranchs sighted!,2020,2 PM,May 14 2020 2 PM,2020-05-14 14:00:00,2020-05-14 14:00:00+08:00,2020-05-14 06:00:00+00:00,2020-05-14,06:00:00,886,2020-05-14,19.71875,19.989166666666662,2.1391666666666667,165.01125,1.0733333333333337,11.150416666666668,236.49625,1.0733333333333337,11.159166666666666,236.52875,0.0,37.44583333333333,0.0,24.13416666666667,1020.655,2.0816666666666666,0.5045833333333333,19.71875,19.989166666666662,2.1391666666666667,165.01125,1.0733333333333337,11.150416666666668,236.49625,1.0733333333333337,11.159166666666666,236.52875,0.0,37.44583333333333,0.0,24.13416666666667,1020.655,2.0816666666666666,0.5045833333333333,19.71875,19.989166666666662,2.1391666666666667,165.01125,1.0733333333333337,11.150416666666668,236.49625,1.0733333333333337,11.159166666666666,236.52875,0.0,37.44583333333333,0.0,24.13416666666667,1020.655,2.0816666666666666,0.5045833333333333,0.0,0.0
CRN,Carnac Island,May 14,"2020, 11 a.m.",14-May-20   11 a.m.,14,Fair,Stragglers Rock measurd w reel,2020,11 AM,May 14 2020 11 AM,2020-05-14 11:00:00,2020-05-14 11:00:00+08:00,2020-05-14 03:00:00+00:00,2020-05-14,03:00:00,887,2020-05-14,19.75916666666667,21.504583333333333,2.1391666666666667,165.01125,1.0733333333333337,11.150416666666668,236.49625,1.0733333333333337,11.159166666666666,236.52875,0.0,63.083333333333336,0.0,24.13416666666667,1020.6875,3.6658333333333335,0.5045833333333333,19.75916666666667,21.504583333333333,2.1391666666666667,165.01125,1.0733333333333337,11.150416666666668,236.49625,1.0733333333333337,11.159166666666666,236.52875,0.0,63.083333333333336,0.0,24.13416666666667,1020.6875,3.6658333333333335,0.5045833333333333,19.75916666666667,21.504583333333333,2.1391666666666667,165.01125,1.0733333333333337,11.150416666666668,236.49625,1.0733333333333337,11.159166666666666,236.52875,0.0,63.083333333333336,0.0,24.13416666666667,1020.6875,3.6658333333333335,0.5045833333333333,0.0,0.0
HIL,Hillarys,May 14,"2020, 10 a.m.",14-May-20   10 a.m.,4,Fair,South (Boy in a Boat),2020,10 AM,May 14 2020 10 AM,2020-05-14 10:00:00,2020-05-14 10:00:00+08:00,2020-05-14 02:00:00+00:00,2020-05-14,02:00:00,888,2020-05-14,19.75916666666667,21.504583333333333,2.0091666666666668,170.64625,1.1866666666666663,11.25,233.71416666666667,1.1866666666666663,11.25875,233.74541666666667,0.0,63.083333333333336,0.0,24.13416666666667,1020.6875,3.6658333333333335,0.5079166666666667,19.75916666666667,21.504583333333333,2.0091666666666668,170.64625,1.1866666666666663,11.25,233.71416666666667,1.1866666666666663,11.25875,233.74541666666667,0.0,63.083333333333336,0.0,24.13416666666667,1020.6875,3.6658333333333335,0.5079166666666667,19.75916666666667,21.504583333333333,2.0091666666666668,170.64625,1.1866666666666663,11.25,233.71416666666667,1.1866666666666663,11.25875,233.74541666666667,0.0,63.083333333333336,0.0,24.13416666666667,1020.6875,3.6658333333333335,0.5079166666666667,0.0,0.0
KGT,Kwinana Grain Terminal,May 13,"2020, 7 p.m.",13-May-20   7 p.m.,6,Glassy,"18 deg, no current",2020,7 PM,May 13 2020 7 PM,2020-05-13 19:00:00,2020-05-13 19:00:00+08:00,2020-05-13 11:00:00+00:00,2020-05-13,11:00:00,889,2020-05-13,19.6775,20.76333333333333,3.19,121.82791666666668,1.3441666666666665,10.96875,239.1525,1.3120833333333335,11.278333333333334,238.06541666666664,59.583333333333336,63.8125,0.0,24.13416666666667,1021.23125,4.892083333333333,0.4287499999999999,19.6775,20.76333333333333,3.19,121.82791666666668,1.3441666666666665,10.96875,239.1525,1.3120833333333335,11.278333333333334,238.06541666666664,59.583333333333336,63.8125,0.0,24.13416666666667,1021.23125,4.892083333333333,0.4287499999999999,19.6775,20.76333333333333,3.19,121.82791666666668,1.3441666666666665,10.96875,239.1525,1.3120833333333335,11.278333333333334,238.06541666666664,59.583333333333336,63.8125,0.0,24.13416666666667,1021.23125,4.892083333333333,0.4287499999999999,0.0,0.0
WOO,Woodman Point,May 13,"2020, 7 p.m.",13-May-20   7 p.m.,8,Glassy,Flat smooth. 19oC,2020,7 PM,May 13 2020 7 PM,2020-05-13 19:00:00,2020-05-13 19:00:00+08:00,2020-05-13 11:00:00+00:00,2020-05-13,11:00:00,890,2020-05-13,20.606666666666666,21.50791666666667,3.19,121.82791666666668,1.3441666666666665,10.96875,239.1525,1.3120833333333335,11.278333333333334,238.06541666666664,58.333333333333336,59.02916666666667,0.0,24.13416666666667,1020.9733333333334,4.40875,0.4287499999999999,20.606666666666666,21.50791666666667,3.19,121.82791666666668,1.3441666666666665,10.96875,239.1525,1.3120833333333335,11.278333333333334,238.06541666666664,58.333333333333336,59.02916666666667,0.0,24.13416666666667,1020.9733333333334,4.40875,0.4287499999999999,20.606666666666666,21.50791666666667,3.19,121.82791666666668,1.3441666666666665,10.96875,239.1525,1.3120833333333335,11.278333333333334,238.06541666666664,58.333333333333336,59.02916666666667,0.0,24.13416666666667,1020.9733333333334,4.40875,0.4287499999999999,0.0,0.0
NMF,North Mole Fremantle,May 13,"2020, 7 p.m.",13-May-20   7 p.m.,4,Fair,-,2020,7 PM,May 13 2020 7 PM,2020-05-13 19:00:00,2020-05-13 19:00:00+08:00,2020-05-13 11:00:00+00:00,2020-05-13,11:00:00,891,2020-05-13,20.606666666666666,21.50791666666667,3.1358333333333337,128.60666666666663,1.4974999999999998,11.227083333333333,233.28833333333333,1.4708333333333332,11.464166666666666,232.8408333333333,58.333333333333336,59.02916666666667,0.0,24.13416666666667,1020.9733333333334,4.40875,0.4358333333333333,20.606666666666666,21.50791666666667,3.1358333333333337,128.60666666666663,1.4974999999999998,11.227083333333333,233.28833333333333,1.4708333333333332,11.464166666666666,232.8408333333333,58.333333333333336,59.02916666666667,0.0,24.13416666666667,1020.9733333333334,4.40875,0.4358333333333333,20.606666666666666,21.50791666666667,3.1358333333333337,128.60666666666663,1.4974999999999998,11.227083333333333,233.28833333333333,1.4708333333333332,11.464166666666666,232.8408333333333,58.333333333333336,59.02916666666667,0.0,24.13416666666667,1020.9733333333334,4.40875,0.4358333333333333,0.0,0.0
BUL,Bulk Jetty,May 13,"2020, 7 p.m.",13-May-20   7 p.m.,7,Fair,Gentle southerly wind,2020,7 PM,May 13 2020 7 PM,2020-05-13 19:00:00,2020-05-13 19:00:00+08:00,2020-05-13 11:00:00+00:00,2020-05-13,11:00:00,892,2020-05-13,19.79583333333333,19.675416666666667,3.19,121.82791666666668,1.3441666666666665,10.96875,239.1525,1.3120833333333335,11.278333333333334,238.06541666666664,60.020833333333336,41.57083333333333,0.0,24.13416666666667,1021.14875,3.2829166666666665,0.4287499999999999,19.79583333333333,19.675416666666667,3.19,121.82791666666668,1.3441666666666665,10.96875,239.1525,1.3120833333333335,11.278333333333334,238.06541666666664,60.020833333333336,41.57083333333333,0.0,24.13416666666667,1021.14875,3.2829166666666665,0.4287499999999999,19.79583333333333,19.675416666666667,3.19,121.82791666666668,1.3441666666666665,10.96875,239.1525,1.3120833333333335,11.278333333333334,238.06541666666664,60.020833333333336,41.57083333333333,0.0,24.13416666666667,1021.14875,3.2829166666666665,0.4287499999999999,0.0,0.0
AMJ,Ammo Jetty,May 11,"2020, 10 a.m.",11-May-20   10 a.m.,3,Fair,3m Viz. Checked with reel,2020,10 AM,May 11 2020 10 AM,2020-05-11 10:00:00,2020-05-11 10:00:00+08:00,2020-05-11 02:00:00+00:00,2020-05-11,02:00:00,893,2020-05-11,16.765,17.143333333333334,5.2575,139.7795833333333,1.66,11.617916666666666,228.51583333333332,1.6370833333333332,11.865833333333336,229.67291666666665,11.729166666666666,68.12083333333334,0.0,24.135416666666668,1023.5420833333332,6.334166666666667,0.4033333333333333,16.765,17.143333333333334,5.2575,139.7795833333333,1.66,11.617916666666666,228.51583333333332,1.6370833333333332,11.865833333333336,229.67291666666665,11.729166666666666,68.12083333333334,0.0,24.135416666666668,1023.5420833333332,6.334166666666667,0.4033333333333333,16.765,17.143333333333334,5.2575,139.7795833333333,1.66,11.617916666666666,228.51583333333332,1.6370833333333332,11.865833333333336,229.67291666666665,11.729166666666666,68.12083333333334,0.0,24.135416666666668,1023.5420833333332,6.334166666666667,0.4033333333333333,0.0,0.0
KGT,Kwinana Grain Terminal,May 10,"2020, 6 p.m.",10-May-20   6 p.m.,4,Fair,Milky,2020,6 PM,May 10 2020 6 PM,2020-05-10 18:00:00,2020-05-10 18:00:00+08:00,2020-05-10 10:00:00+00:00,2020-05-10,10:00:00,894,2020-05-10,17.142916666666668,20.877916666666668,3.45125,136.04458333333335,1.04875,10.482916666666666,231.4025,1.0416666666666667,10.608333333333333,231.9983333333333,22.09375,63.925,0.0,24.131666666666664,1022.4875,4.439583333333333,0.355,17.142916666666668,20.877916666666668,3.45125,136.04458333333335,1.04875,10.482916666666666,231.4025,1.0416666666666667,10.608333333333333,231.9983333333333,22.09375,63.925,0.0,24.131666666666664,1022.4875,4.439583333333333,0.355,17.142916666666668,20.877916666666668,3.45125,136.04458333333335,1.04875,10.482916666666666,231.4025,1.0416666666666667,10.608333333333333,231.9983333333333,22.09375,63.925,0.0,24.131666666666664,1022.4875,4.439583333333333,0.355,0.0,0.0
CMB,The Coombe & Mosman Bay,May 10,"2020, 3 p.m.",10-May-20   3 p.m.,3,Fair,Strong current,2020,3 PM,May 10 2020 3 PM,2020-05-10 15:00:00,2020-05-10 15:00:00+08:00,2020-05-10 07:00:00+00:00,2020-05-10,07:00:00,895,2020-05-10,16.589166666666667,16.994583333333335,4.409166666666667,136.72208333333333,1.2045833333333331,10.26375,225.64041666666665,1.1791666666666665,10.585833333333332,227.39666666666668,17.9375,46.09583333333333,0.0,24.131666666666664,1022.18875,3.455833333333333,0.3525,16.589166666666667,16.994583333333335,4.409166666666667,136.72208333333333,1.2045833333333331,10.26375,225.64041666666665,1.1791666666666665,10.585833333333332,227.39666666666668,17.9375,46.09583333333333,0.0,24.131666666666664,1022.18875,3.455833333333333,0.3525,16.589166666666667,16.994583333333335,4.409166666666667,136.72208333333333,1.2045833333333331,10.26375,225.64041666666665,1.1791666666666665,10.585833333333332,227.39666666666668,17.9375,46.09583333333333,0.0,24.131666666666664,1022.18875,3.455833333333333,0.3525,0.0,0.0
NMF,North Mole Fremantle,May 10,"2020, 10 a.m.",10-May-20   10 a.m.,4,Fair,18 degrees. Silty,2020,10 AM,May 10 2020 10 AM,2020-05-10 10:00:00,2020-05-10 10:00:00+08:00,2020-05-10 02:00:00+00:00,2020-05-10,02:00:00,896,2020-05-10,17.934583333333332,21.47375,4.409166666666667,136.72208333333333,1.2045833333333331,10.26375,225.64041666666665,1.1791666666666665,10.585833333333332,227.39666666666668,21.09375,63.07083333333333,0.0,24.131666666666664,1022.23625,5.585416666666667,0.3525,17.934583333333332,21.47375,4.409166666666667,136.72208333333333,1.2045833333333331,10.26375,225.64041666666665,1.1791666666666665,10.585833333333332,227.39666666666668,21.09375,63.07083333333333,0.0,24.131666666666664,1022.23625,5.585416666666667,0.3525,17.934583333333332,21.47375,4.409166666666667,136.72208333333333,1.2045833333333331,10.26375,225.64041666666665,1.1791666666666665,10.585833333333332,227.39666666666668,21.09375,63.07083333333333,0.0,24.131666666666664,1022.23625,5.585416666666667,0.3525,0.0,0.0
BIC,Bicton Baths,May 9,"2020, 6 p.m.",9-May-20   6 p.m.,2,Glassy,"18 deg, JERRAT DRIVE",2020,6 PM,May 9 2020 6 PM,2020-05-09 18:00:00,2020-05-09 18:00:00+08:00,2020-05-09 10:00:00+00:00,2020-05-09,10:00:00,897,2020-05-09,14.866666666666667,15.230416666666663,4.49125,85.93916666666667,1.6720833333333334,11.675416666666663,226.54083333333327,1.6604166666666669,11.81375,226.96875,9.40625,50.25833333333333,0.0,24.14,1024.7758333333334,5.895416666666667,0.4404166666666667,14.866666666666667,15.230416666666663,4.49125,85.93916666666667,1.6720833333333334,11.675416666666663,226.54083333333327,1.6604166666666669,11.81375,226.96875,9.40625,50.25833333333333,0.0,24.14,1024.7758333333334,5.895416666666667,0.4404166666666667,14.866666666666667,15.230416666666663,4.49125,85.93916666666667,1.6720833333333334,11.675416666666663,226.54083333333327,1.6604166666666669,11.81375,226.96875,9.40625,50.25833333333333,0.0,24.14,1024.7758333333334,5.895416666666667,0.4404166666666667,0.0,1.2
KGT,Kwinana Grain Terminal,May 9,"2020, 5 p.m.",9-May-20   5 p.m.,5,Fair,3 days after Strom weather,2020,5 PM,May 9 2020 5 PM,2020-05-09 17:00:00,2020-05-09 17:00:00+08:00,2020-05-09 09:00:00+00:00,2020-05-09,09:00:00,898,2020-05-09,16.026666666666667,20.90458333333333,3.3808333333333334,89.32791666666667,1.47,11.685833333333331,231.9820833333333,1.4662499999999998,11.745416666666666,232.0954166666667,0.8854166666666666,62.62083333333334,0.0,24.14,1024.9054166666667,5.113333333333333,0.4354166666666666,16.026666666666667,20.90458333333333,3.3808333333333334,89.32791666666667,1.47,11.685833333333331,231.9820833333333,1.4662499999999998,11.745416666666666,232.0954166666667,0.8854166666666666,62.62083333333334,0.0,24.14,1024.9054166666667,5.113333333333333,0.4354166666666666,16.026666666666667,20.90458333333333,3.3808333333333334,89.32791666666667,1.47,11.685833333333331,231.9820833333333,1.4662499999999998,11.745416666666666,232.0954166666667,0.8854166666666666,62.62083333333334,0.0,24.14,1024.9054166666667,5.113333333333333,0.4354166666666666,0.0,0.72
WOO,Woodman Point,May 9,"2020, 4 p.m.",9-May-20   4 p.m.,2,Fair,"18oC, viz better at end, 3m!",2020,4 PM,May 9 2020 4 PM,2020-05-09 16:00:00,2020-05-09 16:00:00+08:00,2020-05-09 08:00:00+00:00,2020-05-09,08:00:00,899,2020-05-09,16.705833333333334,21.36625,3.3808333333333334,89.32791666666667,1.47,11.685833333333331,231.9820833333333,1.4662499999999998,11.745416666666666,232.0954166666667,0.15625,59.71875,0.0,24.14,1024.6466666666668,5.507083333333333,0.4354166666666666,16.705833333333334,21.36625,3.3808333333333334,89.32791666666667,1.47,11.685833333333331,231.9820833333333,1.4662499999999998,11.745416666666666,232.0954166666667,0.15625,59.71875,0.0,24.14,1024.6466666666668,5.507083333333333,0.4354166666666666,16.705833333333334,21.36625,3.3808333333333334,89.32791666666667,1.47,11.685833333333331,231.9820833333333,1.4662499999999998,11.745416666666666,232.0954166666667,0.15625,59.71875,0.0,24.14,1024.6466666666668,5.507083333333333,0.4354166666666666,0.0,2.88
CAM,Camilla Wreck,May 9,"2020, 2 p.m.",9-May-20   2 p.m.,4,Fair,18oC both parts well exposed,2020,2 PM,May 9 2020 2 PM,2020-05-09 14:00:00,2020-05-09 14:00:00+08:00,2020-05-09 06:00:00+00:00,2020-05-09,06:00:00,900,2020-05-09,14.866666666666667,15.230416666666663,3.3808333333333334,89.32791666666667,1.47,11.685833333333331,231.9820833333333,1.4662499999999998,11.745416666666666,232.0954166666667,9.40625,50.25833333333333,0.0,24.14,1024.7758333333334,5.895416666666667,0.4354166666666666,14.866666666666667,15.230416666666663,3.3808333333333334,89.32791666666667,1.47,11.685833333333331,231.9820833333333,1.4662499999999998,11.745416666666666,232.0954166666667,9.40625,50.25833333333333,0.0,24.14,1024.7758333333334,5.895416666666667,0.4354166666666666,14.866666666666667,15.230416666666663,3.3808333333333334,89.32791666666667,1.47,11.685833333333331,231.9820833333333,1.4662499999999998,11.745416666666666,232.0954166666667,9.40625,50.25833333333333,0.0,24.14,1024.7758333333334,5.895416666666667,0.4354166666666666,0.0,2.16
CMB,The Coombe & Mosman Bay,May 7,"2020, 7 p.m.",7-May-20   7 p.m.,2,Glassy,18oC Chidley Pt Resv,2020,7 PM,May 7 2020 7 PM,2020-05-07 19:00:00,2020-05-07 19:00:00+08:00,2020-05-07 11:00:00+00:00,2020-05-07,11:00:00,901,2020-05-07,15.664166666666668,21.94,7.674583333333333,229.76666666666665,2.334166666666667,10.50875,235.83916666666667,2.2079166666666667,11.235833333333334,236.41166666666663,6.583333333333333,66.66041666666666,2.16,23.74083333333333,1020.7,6.07875,0.4433333333333333,15.664166666666668,21.94,7.674583333333333,229.76666666666665,2.334166666666667,10.50875,235.83916666666667,2.2079166666666667,11.235833333333334,236.41166666666663,6.583333333333333,66.66041666666666,2.16,23.74083333333333,1020.7,6.07875,0.4433333333333333,15.664166666666668,21.94,7.674583333333333,229.76666666666665,2.334166666666667,10.50875,235.83916666666667,2.2079166666666667,11.235833333333334,236.41166666666663,6.583333333333333,66.66041666666666,2.16,23.74083333333333,1020.7,6.07875,0.4433333333333333,1.08,3.24
FRE,South Fremantle,May 3,"2020, 10 a.m.",3-May-20   10 a.m.,2,Fair,Murky. Bit of surge.,2020,10 AM,May 3 2020 10 AM,2020-05-03 10:00:00,2020-05-03 10:00:00+08:00,2020-05-03 02:00:00+00:00,2020-05-03,02:00:00,902,2020-05-03,21.47375,21.94,7.702916666666667,298.245,2.2029166666666664,12.31,255.49625,2.04875,13.55125,247.01125,64.66666666666667,71.69166666666666,6.81,23.61375,1017.9408333333334,9.10875,0.3920833333333333,21.47375,21.94,7.702916666666667,298.245,2.2029166666666664,12.31,255.49625,2.04875,13.55125,247.01125,64.66666666666667,71.69166666666666,6.81,23.61375,1017.9408333333334,9.10875,0.3920833333333333,21.47375,21.94,7.702916666666667,298.245,2.2029166666666664,12.31,255.49625,2.04875,13.55125,247.01125,64.66666666666667,71.69166666666666,6.81,23.61375,1017.9408333333334,9.10875,0.3920833333333333,0.0,0.0
CMB,The Coombe & Mosman Bay,May 3,"2020, 9 a.m.",3-May-20   9 a.m.,1,Glassy,1m from shal wreck onwards,2020,9 AM,May 3 2020 9 AM,2020-05-03 09:00:00,2020-05-03 09:00:00+08:00,2020-05-03 01:00:00+00:00,2020-05-03,01:00:00,903,2020-05-03,21.800833333333333,21.94,7.702916666666667,298.245,2.2029166666666664,12.31,255.49625,2.04875,13.55125,247.01125,60.47916666666666,57.20416666666666,9.61,19.40458333333333,1018.13125,6.925416666666667,0.3920833333333333,21.800833333333333,21.94,7.702916666666667,298.245,2.2029166666666664,12.31,255.49625,2.04875,13.55125,247.01125,60.47916666666666,57.20416666666666,9.61,19.40458333333333,1018.13125,6.925416666666667,0.3920833333333333,21.800833333333333,21.94,7.702916666666667,298.245,2.2029166666666664,12.31,255.49625,2.04875,13.55125,247.01125,60.47916666666666,57.20416666666666,9.61,19.40458333333333,1018.13125,6.925416666666667,0.3920833333333333,0.0,0.0
RKM,Rockingham Dive Trail,May 2,"2020, 1 p.m.",2-May-20   1 p.m.,4,Fair,-,2020,1 PM,May 2 2020 1 PM,2020-05-02 13:00:00,2020-05-02 13:00:00+08:00,2020-05-02 05:00:00+00:00,2020-05-02,05:00:00,904,2020-05-02,20.80625,21.77125,4.833333333333333,64.53375,2.06625,14.405,253.77083333333331,2.0275,14.82125,252.1470833333333,6.708333333333333,52.25416666666666,0.0,24.133750000000003,1017.385,8.063333333333334,0.4391666666666666,20.80625,21.77125,4.833333333333333,64.53375,2.06625,14.405,253.77083333333331,2.0275,14.82125,252.1470833333333,6.708333333333333,52.25416666666666,0.0,24.133750000000003,1017.385,8.063333333333334,0.4391666666666666,20.80625,21.77125,4.833333333333333,64.53375,2.06625,14.405,253.77083333333331,2.0275,14.82125,252.1470833333333,6.708333333333333,52.25416666666666,0.0,24.133750000000003,1017.385,8.063333333333334,0.4391666666666666,0.0,0.0
FRE,South Fremantle,May 2,"2020, noon",2-May-20   12 p.m.,10,Fair,FishRocks viz measured w reel,2020,12 PM,May 2 2020 12 PM,2020-05-02 12:00:00,2020-05-02 12:00:00+08:00,2020-05-02 04:00:00+00:00,2020-05-02,04:00:00,905,2020-05-02,21.155416666666667,21.906666666666663,5.26125,42.895,2.212083333333333,14.688333333333333,246.5225,2.1725,15.105416666666668,245.05291666666668,9.270833333333334,50.44166666666666,0.0,24.13208333333333,1017.3204166666666,7.325833333333333,0.4408333333333333,21.155416666666667,21.906666666666663,5.26125,42.895,2.212083333333333,14.688333333333333,246.5225,2.1725,15.105416666666668,245.05291666666668,9.270833333333334,50.44166666666666,0.0,24.13208333333333,1017.3204166666666,7.325833333333333,0.4408333333333333,21.155416666666667,21.906666666666663,5.26125,42.895,2.212083333333333,14.688333333333333,246.5225,2.1725,15.105416666666668,245.05291666666668,9.270833333333334,50.44166666666666,0.0,24.13208333333333,1017.3204166666666,7.325833333333333,0.4408333333333333,0.0,0.0
WOO,Woodman Point,May 2,"2020, 11 a.m.",2-May-20   11 a.m.,6,Fair,"19 degrees, slight surge",2020,11 AM,May 2 2020 11 AM,2020-05-02 11:00:00,2020-05-02 11:00:00+08:00,2020-05-02 03:00:00+00:00,2020-05-02,03:00:00,906,2020-05-02,21.155416666666667,21.77125,4.833333333333333,64.53375,2.06625,14.405,253.77083333333331,2.0275,14.82125,252.1470833333333,9.270833333333334,50.44166666666666,0.0,24.13208333333333,1017.3204166666666,7.325833333333333,0.4391666666666666,21.155416666666667,21.77125,4.833333333333333,64.53375,2.06625,14.405,253.77083333333331,2.0275,14.82125,252.1470833333333,9.270833333333334,50.44166666666666,0.0,24.13208333333333,1017.3204166666666,7.325833333333333,0.4391666666666666,21.155416666666667,21.77125,4.833333333333333,64.53375,2.06625,14.405,253.77083333333331,2.0275,14.82125,252.1470833333333,9.270833333333334,50.44166666666666,0.0,24.13208333333333,1017.3204166666666,7.325833333333333,0.4391666666666666,0.0,0.0
PPR,Point Peron,May 2,"2020, 10 a.m.",2-May-20   10 a.m.,5,Fair,-,2020,10 AM,May 2 2020 10 AM,2020-05-02 10:00:00,2020-05-02 10:00:00+08:00,2020-05-02 02:00:00+00:00,2020-05-02,02:00:00,907,2020-05-02,20.80625,21.77125,4.833333333333333,64.53375,2.06625,14.405,253.77083333333331,2.0275,14.82125,252.1470833333333,6.708333333333333,52.25416666666666,0.0,24.133750000000003,1017.385,8.063333333333334,0.4391666666666666,20.80625,21.77125,4.833333333333333,64.53375,2.06625,14.405,253.77083333333331,2.0275,14.82125,252.1470833333333,6.708333333333333,52.25416666666666,0.0,24.133750000000003,1017.385,8.063333333333334,0.4391666666666666,20.80625,21.77125,4.833333333333333,64.53375,2.06625,14.405,253.77083333333331,2.0275,14.82125,252.1470833333333,6.708333333333333,52.25416666666666,0.0,24.133750000000003,1017.385,8.063333333333334,0.4391666666666666,0.0,0.0
BUL,Bulk Jetty,May 2,"2020, 9 a.m.",2-May-20   9 a.m.,6,Fair,"viz better at the end, 19oC",2020,9 AM,May 2 2020 9 AM,2020-05-02 09:00:00,2020-05-02 09:00:00+08:00,2020-05-02 01:00:00+00:00,2020-05-02,01:00:00,908,2020-05-02,19.959166666666665,21.77125,4.833333333333333,64.53375,2.06625,14.405,253.77083333333331,2.0275,14.82125,252.1470833333333,14.1875,27.8,0.0,24.13208333333333,1017.85,7.520833333333333,0.4391666666666666,19.959166666666665,21.77125,4.833333333333333,64.53375,2.06625,14.405,253.77083333333331,2.0275,14.82125,252.1470833333333,14.1875,27.8,0.0,24.13208333333333,1017.85,7.520833333333333,0.4391666666666666,19.959166666666665,21.77125,4.833333333333333,64.53375,2.06625,14.405,253.77083333333331,2.0275,14.82125,252.1470833333333,14.1875,27.8,0.0,24.13208333333333,1017.85,7.520833333333333,0.4391666666666666,0.0,0.0
NMF,North Mole Fremantle,May 1,"2020, 7 p.m.",1-May-20   7 p.m.,7,Glassy,Easterly winds,2020,7 PM,May 1 2020 7 PM,2020-05-01 19:00:00,2020-05-01 19:00:00+08:00,2020-05-01 11:00:00+00:00,2020-05-01,11:00:00,909,2020-05-01,19.67125,21.86083333333333,7.395833333333333,52.751666666666665,1.4783333333333335,12.06125,229.36166666666668,1.3258333333333334,13.951666666666666,238.675,32.979166666666664,50.22083333333333,0.0,24.13416666666667,1022.13375,10.164166666666668,0.395,19.67125,21.86083333333333,7.395833333333333,52.751666666666665,1.4783333333333335,12.06125,229.36166666666668,1.3258333333333334,13.951666666666666,238.675,32.979166666666664,50.22083333333333,0.0,24.13416666666667,1022.13375,10.164166666666668,0.395,19.67125,21.86083333333333,7.395833333333333,52.751666666666665,1.4783333333333335,12.06125,229.36166666666668,1.3258333333333334,13.951666666666666,238.675,32.979166666666664,50.22083333333333,0.0,24.13416666666667,1022.13375,10.164166666666668,0.395,0.0,0.0
NMF,North Mole Fremantle,April 30,"2020, 4 p.m.",30-Apr-20   4 p.m.,5,Fair,Very milky @ Sand Tracks Beach,2020,4 PM,April 30 2020 4 PM,2020-04-30 16:00:00,2020-04-30 16:00:00+08:00,2020-04-30 08:00:00+00:00,2020-04-30,08:00:00,910,2020-04-30,18.04958333333333,21.79958333333333,8.519583333333333,73.34083333333334,1.3383333333333332,7.9375,159.49375,0.96875,11.65875,232.89291666666668,21.02083333333333,50.8,0.0,24.13625,1027.5366666666666,10.24375,0.3904166666666667,18.04958333333333,21.79958333333333,8.519583333333333,73.34083333333334,1.3383333333333332,7.9375,159.49375,0.96875,11.65875,232.89291666666668,21.02083333333333,50.8,0.0,24.13625,1027.5366666666666,10.24375,0.3904166666666667,18.04958333333333,21.79958333333333,8.519583333333333,73.34083333333334,1.3383333333333332,7.9375,159.49375,0.96875,11.65875,232.89291666666668,21.02083333333333,50.8,0.0,24.13625,1027.5366666666666,10.24375,0.3904166666666667,0.0,0.0
KGT,Kwinana Grain Terminal,April 29,"2020, 2 p.m.",29-Apr-20   2 p.m.,4,Fair,"Few spots clearer, up to 6m",2020,2 PM,April 29 2020 2 PM,2020-04-29 14:00:00,2020-04-29 14:00:00+08:00,2020-04-29 06:00:00+00:00,2020-04-29,06:00:00,911,2020-04-29,16.715416666666666,21.532916666666665,6.525833333333334,104.04083333333334,1.4775,9.941666666666666,216.6520833333333,1.3358333333333334,11.2475,234.4808333333333,2.708333333333333,55.97916666666666,0.0,24.13458333333333,1029.06125,9.08625,0.3525,16.715416666666666,21.532916666666665,6.525833333333334,104.04083333333334,1.4775,9.941666666666666,216.6520833333333,1.3358333333333334,11.2475,234.4808333333333,2.708333333333333,55.97916666666666,0.0,24.13458333333333,1029.06125,9.08625,0.3525,16.715416666666666,21.532916666666665,6.525833333333334,104.04083333333334,1.4775,9.941666666666666,216.6520833333333,1.3358333333333334,11.2475,234.4808333333333,2.708333333333333,55.97916666666666,0.0,24.13458333333333,1029.06125,9.08625,0.3525,0.0,0.0999999999999999
KGT,Kwinana Grain Terminal,April 27,"2020, 7 p.m.",27-Apr-20   7 p.m.,5,Fair,20.4oC VstrongSoutherlyCurrent,2020,7 PM,April 27 2020 7 PM,2020-04-27 19:00:00,2020-04-27 19:00:00+08:00,2020-04-27 11:00:00+00:00,2020-04-27,11:00:00,912,2020-04-27,19.08625,21.952916666666667,7.19125,200.78333333333333,1.7454166666666666,10.04125,234.08041666666668,1.6050000000000002,11.142916666666666,237.76875,55.833333333333336,72.575,0.1,24.0125,1018.9945833333333,8.6725,0.4083333333333332,19.08625,21.952916666666667,7.19125,200.78333333333333,1.7454166666666666,10.04125,234.08041666666668,1.6050000000000002,11.142916666666666,237.76875,55.833333333333336,72.575,0.1,24.0125,1018.9945833333333,8.6725,0.4083333333333332,19.08625,21.952916666666667,7.19125,200.78333333333333,1.7454166666666666,10.04125,234.08041666666668,1.6050000000000002,11.142916666666666,237.76875,55.833333333333336,72.575,0.1,24.0125,1018.9945833333333,8.6725,0.4083333333333332,0.03,0.03
KGT,Kwinana Grain Terminal,April 27,"2020, 1 p.m.",27-Apr-20   1 p.m.,6,Fair,Bit of a current,2020,1 PM,April 27 2020 1 PM,2020-04-27 13:00:00,2020-04-27 13:00:00+08:00,2020-04-27 05:00:00+00:00,2020-04-27,05:00:00,913,2020-04-27,19.08625,21.952916666666667,7.19125,200.78333333333333,1.7454166666666666,10.04125,234.08041666666668,1.6050000000000002,11.142916666666666,237.76875,55.833333333333336,72.575,0.1,24.0125,1018.9945833333333,8.6725,0.4083333333333332,19.08625,21.952916666666667,7.19125,200.78333333333333,1.7454166666666666,10.04125,234.08041666666668,1.6050000000000002,11.142916666666666,237.76875,55.833333333333336,72.575,0.1,24.0125,1018.9945833333333,8.6725,0.4083333333333332,19.08625,21.952916666666667,7.19125,200.78333333333333,1.7454166666666666,10.04125,234.08041666666668,1.6050000000000002,11.142916666666666,237.76875,55.833333333333336,72.575,0.1,24.0125,1018.9945833333333,8.6725,0.4083333333333332,0.0,0.0
KGT,Kwinana Grain Terminal,April 26,"2020, 9 a.m.",26-Apr-20   9 a.m.,5,Glassy,"Great, above average. 21deg",2020,9 AM,April 26 2020 9 AM,2020-04-26 09:00:00,2020-04-26 09:00:00+08:00,2020-04-26 01:00:00+00:00,2020-04-26,01:00:00,914,2020-04-26,18.313333333333333,21.51875,5.09625,171.12875,2.0058333333333334,12.976666666666668,235.9808333333333,1.9804166666666667,13.243333333333332,237.12125,35.166666666666664,73.65416666666667,0.0,24.130416666666665,1021.4720833333334,4.68875,0.425,18.313333333333333,21.51875,5.09625,171.12875,2.0058333333333334,12.976666666666668,235.9808333333333,1.9804166666666667,13.243333333333332,237.12125,35.166666666666664,73.65416666666667,0.0,24.130416666666665,1021.4720833333334,4.68875,0.425,18.313333333333333,21.51875,5.09625,171.12875,2.0058333333333334,12.976666666666668,235.9808333333333,1.9804166666666667,13.243333333333332,237.12125,35.166666666666664,73.65416666666667,0.0,24.130416666666665,1021.4720833333334,4.68875,0.425,0.04,1.41
BUL,Bulk Jetty,April 26,"2020, 8 a.m.",26-Apr-20   8 a.m.,7,Fair,7m average,2020,8 AM,April 26 2020 8 AM,2020-04-26 08:00:00,2020-04-26 08:00:00+08:00,2020-04-26 00:00:00+00:00,2020-04-26,00:00:00,915,2020-04-26,19.49875,21.51875,5.09625,171.12875,2.0058333333333334,12.976666666666668,235.9808333333333,1.9804166666666667,13.243333333333332,237.12125,58.16666666666666,56.39166666666667,0.0,24.130416666666665,1020.9916666666668,3.005416666666666,0.425,19.49875,21.51875,5.09625,171.12875,2.0058333333333334,12.976666666666668,235.9808333333333,1.9804166666666667,13.243333333333332,237.12125,58.16666666666666,56.39166666666667,0.0,24.130416666666665,1020.9916666666668,3.005416666666666,0.425,19.49875,21.51875,5.09625,171.12875,2.0058333333333334,12.976666666666668,235.9808333333333,1.9804166666666667,13.243333333333332,237.12125,58.16666666666666,56.39166666666667,0.0,24.130416666666665,1020.9916666666668,3.005416666666666,0.425,1.33,1.83
CMB,The Coombe & Mosman Bay,April 25,"2020, 11 a.m.",25-Apr-20   11 a.m.,3,Fair,Viz decreasing to 1.5@20m,2020,11 AM,April 25 2020 11 AM,2020-04-25 11:00:00,2020-04-25 11:00:00+08:00,2020-04-25 03:00:00+00:00,2020-04-25,03:00:00,916,2020-04-25,18.9325,21.734583333333333,4.019166666666667,169.77124999999998,2.3475,13.599583333333332,232.8975,2.3425,13.635,232.995,76.1875,65.8875,1.58,22.6625,1021.6608333333334,2.595,0.4287499999999999,18.9325,21.734583333333333,4.019166666666667,169.77124999999998,2.3475,13.599583333333332,232.8975,2.3425,13.635,232.995,76.1875,65.8875,1.58,22.6625,1021.6608333333334,2.595,0.4287499999999999,18.9325,21.734583333333333,4.019166666666667,169.77124999999998,2.3475,13.599583333333332,232.8975,2.3425,13.635,232.995,76.1875,65.8875,1.58,22.6625,1021.6608333333334,2.595,0.4287499999999999,1.47,1.4700000000000002
KGT,Kwinana Grain Terminal,April 25,"2020, 10 a.m.",25-Apr-20   10 a.m.,5,Fair,"Temp: 21 deg, very light surge",2020,10 AM,April 25 2020 10 AM,2020-04-25 10:00:00,2020-04-25 10:00:00+08:00,2020-04-25 02:00:00+00:00,2020-04-25,02:00:00,917,2020-04-25,19.4075,21.65041666666667,3.53125,168.32208333333332,2.1241666666666665,13.505,238.58333333333331,2.122916666666667,13.529166666666669,238.6520833333333,76.5,72.9375,0.22,23.72583333333333,1021.8175,4.7004166666666665,0.4291666666666667,19.4075,21.65041666666667,3.53125,168.32208333333332,2.1241666666666665,13.505,238.58333333333331,2.122916666666667,13.529166666666669,238.6520833333333,76.5,72.9375,0.22,23.72583333333333,1021.8175,4.7004166666666665,0.4291666666666667,19.4075,21.65041666666667,3.53125,168.32208333333332,2.1241666666666665,13.505,238.58333333333331,2.122916666666667,13.529166666666669,238.6520833333333,76.5,72.9375,0.22,23.72583333333333,1021.8175,4.7004166666666665,0.4291666666666667,1.41,1.44
BUL,Bulk Jetty,April 24,"2020, 9 a.m.",24-Apr-20   9 a.m.,8,Fair,"7m strt, 9m end mrsrd w reel",2020,9 AM,April 24 2020 9 AM,2020-04-24 09:00:00,2020-04-24 09:00:00+08:00,2020-04-24 01:00:00+00:00,2020-04-24,01:00:00,918,2020-04-24,20.100416666666668,21.67333333333333,4.164583333333334,247.43958333333333,1.91875,12.582916666666668,241.96875,1.91125,12.670416666666668,241.92541666666668,97.125,65.83749999999999,0.25,23.78125,1017.8079166666666,3.9129166666666655,0.4508333333333333,20.100416666666668,21.67333333333333,4.164583333333334,247.43958333333333,1.91875,12.582916666666668,241.96875,1.91125,12.670416666666668,241.92541666666668,97.125,65.83749999999999,0.25,23.78125,1017.8079166666666,3.9129166666666655,0.4508333333333333,20.100416666666668,21.67333333333333,4.164583333333334,247.43958333333333,1.91875,12.582916666666668,241.96875,1.91125,12.670416666666668,241.92541666666668,97.125,65.83749999999999,0.25,23.78125,1017.8079166666666,3.9129166666666655,0.4508333333333333,0.02,0.32
FWB,Freshwater Bay,April 22,"2020, 7 p.m.",22-Apr-20   7 p.m.,4,Fair,Good for prawning,2020,7 PM,April 22 2020 7 PM,2020-04-22 19:00:00,2020-04-22 19:00:00+08:00,2020-04-22 11:00:00+00:00,2020-04-22,11:00:00,919,2020-04-22,19.7625,21.785,6.145,248.885,2.345,11.00875,240.77041666666665,2.275,11.434583333333334,239.36291666666668,75.58333333333333,71.825,0.24,24.13875,1017.6316666666668,4.493333333333333,0.4675,19.7625,21.785,6.145,248.885,2.345,11.00875,240.77041666666665,2.275,11.434583333333334,239.36291666666668,75.58333333333333,71.825,0.24,24.13875,1017.6316666666668,4.493333333333333,0.4675,19.7625,21.785,6.145,248.885,2.345,11.00875,240.77041666666665,2.275,11.434583333333334,239.36291666666668,75.58333333333333,71.825,0.24,24.13875,1017.6316666666668,4.493333333333333,0.4675,0.0999999999999999,0.38
CMB,The Coombe & Mosman Bay,April 19,"2020, 7 p.m.",19-Apr-20   7 p.m.,3,Glassy,"Temp: 21 deg, light current.",2020,7 PM,April 19 2020 7 PM,2020-04-19 19:00:00,2020-04-19 19:00:00+08:00,2020-04-19 11:00:00+00:00,2020-04-19,11:00:00,920,2020-04-19,18.0825,21.832916666666662,7.647083333333334,250.60416666666663,2.432916666666667,9.4025,238.0041666666667,2.1125,10.204166666666667,239.99541666666667,38.16666666666666,56.8125,0.12,24.059166666666663,1013.6683333333334,6.574583333333333,0.3533333333333333,18.0825,21.832916666666662,7.647083333333334,250.60416666666663,2.432916666666667,9.4025,238.0041666666667,2.1125,10.204166666666667,239.99541666666667,38.16666666666666,56.8125,0.12,24.059166666666663,1013.6683333333334,6.574583333333333,0.3533333333333333,18.0825,21.832916666666662,7.647083333333334,250.60416666666663,2.432916666666667,9.4025,238.0041666666667,2.1125,10.204166666666667,239.99541666666667,38.16666666666666,56.8125,0.12,24.059166666666663,1013.6683333333334,6.574583333333333,0.3533333333333333,2.38,3.49
AMJ,Ammo Jetty,April 18,"2020, 6 p.m.",18-Apr-20   6 p.m.,4,Fair,-,2020,6 PM,April 18 2020 6 PM,2020-04-18 18:00:00,2020-04-18 18:00:00+08:00,2020-04-18 10:00:00+00:00,2020-04-18,10:00:00,921,2020-04-18,18.61375,21.68458333333333,6.87375,244.35541666666663,1.5895833333333331,8.995,238.39166666666665,1.2770833333333331,10.518333333333333,231.97625,96.58333333333331,68.14583333333333,3.39,22.559166666666663,1011.4145833333332,5.6433333333333335,0.3662499999999999,18.61375,21.68458333333333,6.87375,244.35541666666663,1.5895833333333331,8.995,238.39166666666665,1.2770833333333331,10.518333333333333,231.97625,96.58333333333331,68.14583333333333,3.39,22.559166666666663,1011.4145833333332,5.6433333333333335,0.3662499999999999,18.61375,21.68458333333333,6.87375,244.35541666666663,1.5895833333333331,8.995,238.39166666666665,1.2770833333333331,10.518333333333333,231.97625,96.58333333333331,68.14583333333333,3.39,22.559166666666663,1011.4145833333332,5.6433333333333335,0.3662499999999999,1.09,1.09
MET,Mettam’s Pool,April 18,"2020, 11 a.m.",18-Apr-20   11 a.m.,3,Fair,-,2020,11 AM,April 18 2020 11 AM,2020-04-18 11:00:00,2020-04-18 11:00:00+08:00,2020-04-18 03:00:00+00:00,2020-04-18,03:00:00,922,2020-04-18,18.61375,21.877916666666668,7.0125,238.61916666666664,1.725,9.16625,234.755,1.419166666666667,10.732916666666666,228.0283333333333,96.58333333333331,68.14583333333333,3.39,22.559166666666663,1011.4145833333332,5.6433333333333335,0.3770833333333334,18.61375,21.877916666666668,7.0125,238.61916666666664,1.725,9.16625,234.755,1.419166666666667,10.732916666666666,228.0283333333333,96.58333333333331,68.14583333333333,3.39,22.559166666666663,1011.4145833333332,5.6433333333333335,0.3770833333333334,18.61375,21.877916666666668,7.0125,238.61916666666664,1.725,9.16625,234.755,1.419166666666667,10.732916666666666,228.0283333333333,96.58333333333331,68.14583333333333,3.39,22.559166666666663,1011.4145833333332,5.6433333333333335,0.3770833333333334,0.72,0.72
RKM,Rockingham Dive Trail,April 18,"2020, 11 a.m.",18-Apr-20   11 a.m.,5,Fair,-,2020,11 AM,April 18 2020 11 AM,2020-04-18 11:00:00,2020-04-18 11:00:00+08:00,2020-04-18 03:00:00+00:00,2020-04-18,03:00:00,923,2020-04-18,18.940416666666668,21.746666666666663,6.093333333333334,250.56125,1.42875,8.927916666666667,243.67291666666665,1.1820833333333334,10.16625,237.78625,98.02083333333331,77.86666666666666,11.73,20.935416666666665,1011.2404166666666,8.322083333333333,0.3645833333333333,18.940416666666668,21.746666666666663,6.093333333333334,250.56125,1.42875,8.927916666666667,243.67291666666665,1.1820833333333334,10.16625,237.78625,98.02083333333331,77.86666666666666,11.73,20.935416666666665,1011.2404166666666,8.322083333333333,0.3645833333333333,18.940416666666668,21.746666666666663,6.093333333333334,250.56125,1.42875,8.927916666666667,243.67291666666665,1.1820833333333334,10.16625,237.78625,98.02083333333331,77.86666666666666,11.73,20.935416666666665,1011.2404166666666,8.322083333333333,0.3645833333333333,0.72,0.72
NMF,North Mole Fremantle,April 18,"2020, 10 a.m.",18-Apr-20   10 a.m.,10,Fair,Minimal surge - good dive,2020,10 AM,April 18 2020 10 AM,2020-04-18 10:00:00,2020-04-18 10:00:00+08:00,2020-04-18 02:00:00+00:00,2020-04-18,02:00:00,924,2020-04-18,19.6625,21.68458333333333,6.87375,244.35541666666663,1.5895833333333331,8.995,238.39166666666665,1.2770833333333331,10.518333333333333,231.97625,96.5625,75.83749999999999,6.36,21.05333333333333,1011.5904166666666,7.735416666666667,0.3662499999999999,19.6625,21.68458333333333,6.87375,244.35541666666663,1.5895833333333331,8.995,238.39166666666665,1.2770833333333331,10.518333333333333,231.97625,96.5625,75.83749999999999,6.36,21.05333333333333,1011.5904166666666,7.735416666666667,0.3662499999999999,19.6625,21.68458333333333,6.87375,244.35541666666663,1.5895833333333331,8.995,238.39166666666665,1.2770833333333331,10.518333333333333,231.97625,96.5625,75.83749999999999,6.36,21.05333333333333,1011.5904166666666,7.735416666666667,0.3662499999999999,1.44,1.44
BUL,Bulk Jetty,April 18,"2020, 9 a.m.",18-Apr-20   9 a.m.,4,Fair,Viz 1m down back. Don't bother,2020,9 AM,April 18 2020 9 AM,2020-04-18 09:00:00,2020-04-18 09:00:00+08:00,2020-04-18 01:00:00+00:00,2020-04-18,01:00:00,925,2020-04-18,18.61375,21.746666666666663,6.093333333333334,250.56125,1.42875,8.927916666666667,243.67291666666665,1.1820833333333334,10.16625,237.78625,96.58333333333331,68.14583333333333,3.39,22.559166666666663,1011.4145833333332,5.6433333333333335,0.3645833333333333,18.61375,21.746666666666663,6.093333333333334,250.56125,1.42875,8.927916666666667,243.67291666666665,1.1820833333333334,10.16625,237.78625,96.58333333333331,68.14583333333333,3.39,22.559166666666663,1011.4145833333332,5.6433333333333335,0.3645833333333333,18.61375,21.746666666666663,6.093333333333334,250.56125,1.42875,8.927916666666667,243.67291666666665,1.1820833333333334,10.16625,237.78625,96.58333333333331,68.14583333333333,3.39,22.559166666666663,1011.4145833333332,5.6433333333333335,0.3645833333333333,0.12,0.12
KGT,Kwinana Grain Terminal,April 18,"2020, 9 a.m.",18-Apr-20   9 a.m.,5,Glassy,Lovely conditions,2020,9 AM,April 18 2020 9 AM,2020-04-18 09:00:00,2020-04-18 09:00:00+08:00,2020-04-18 01:00:00+00:00,2020-04-18,01:00:00,926,2020-04-18,18.940416666666668,21.746666666666663,6.093333333333334,250.56125,1.42875,8.927916666666667,243.67291666666665,1.1820833333333334,10.16625,237.78625,98.02083333333331,77.86666666666666,11.73,20.935416666666665,1011.2404166666666,8.322083333333333,0.3645833333333333,18.940416666666668,21.746666666666663,6.093333333333334,250.56125,1.42875,8.927916666666667,243.67291666666665,1.1820833333333334,10.16625,237.78625,98.02083333333331,77.86666666666666,11.73,20.935416666666665,1011.2404166666666,8.322083333333333,0.3645833333333333,18.940416666666668,21.746666666666663,6.093333333333334,250.56125,1.42875,8.927916666666667,243.67291666666665,1.1820833333333334,10.16625,237.78625,98.02083333333331,77.86666666666666,11.73,20.935416666666665,1011.2404166666666,8.322083333333333,0.3645833333333333,0.12,0.12
BUL,Bulk Jetty,April 18,"2020, 9 a.m.",18-Apr-20   9 a.m.,3,Glassy,"Poor, but up to 5m at the far",2020,9 AM,April 18 2020 9 AM,2020-04-18 09:00:00,2020-04-18 09:00:00+08:00,2020-04-18 01:00:00+00:00,2020-04-18,01:00:00,927,2020-04-18,18.61375,21.746666666666663,6.093333333333334,250.56125,1.42875,8.927916666666667,243.67291666666665,1.1820833333333334,10.16625,237.78625,96.58333333333331,68.14583333333333,3.39,22.559166666666663,1011.4145833333332,5.6433333333333335,0.3645833333333333,18.61375,21.746666666666663,6.093333333333334,250.56125,1.42875,8.927916666666667,243.67291666666665,1.1820833333333334,10.16625,237.78625,96.58333333333331,68.14583333333333,3.39,22.559166666666663,1011.4145833333332,5.6433333333333335,0.3645833333333333,18.61375,21.746666666666663,6.093333333333334,250.56125,1.42875,8.927916666666667,243.67291666666665,1.1820833333333334,10.16625,237.78625,96.58333333333331,68.14583333333333,3.39,22.559166666666663,1011.4145833333332,5.6433333333333335,0.3645833333333333,0.12,0.12
AMJ,Ammo Jetty,April 18,"2020, 8 a.m.",18-Apr-20   8 a.m.,5,Fair,Lots of nudis,2020,8 AM,April 18 2020 8 AM,2020-04-18 08:00:00,2020-04-18 08:00:00+08:00,2020-04-18 00:00:00+00:00,2020-04-18,00:00:00,928,2020-04-18,18.61375,21.68458333333333,6.87375,244.35541666666663,1.5895833333333331,8.995,238.39166666666665,1.2770833333333331,10.518333333333333,231.97625,96.58333333333331,68.14583333333333,3.39,22.559166666666663,1011.4145833333332,5.6433333333333335,0.3662499999999999,18.61375,21.68458333333333,6.87375,244.35541666666663,1.5895833333333331,8.995,238.39166666666665,1.2770833333333331,10.518333333333333,231.97625,96.58333333333331,68.14583333333333,3.39,22.559166666666663,1011.4145833333332,5.6433333333333335,0.3662499999999999,18.61375,21.68458333333333,6.87375,244.35541666666663,1.5895833333333331,8.995,238.39166666666665,1.2770833333333331,10.518333333333333,231.97625,96.58333333333331,68.14583333333333,3.39,22.559166666666663,1011.4145833333332,5.6433333333333335,0.3662499999999999,0.0,0.0
ROB,Robbs Jetty,April 17,"2020, 4 p.m.",17-Apr-20   4 p.m.,8,Fair,5m nr shore. Better at end,2020,4 PM,April 17 2020 4 PM,2020-04-17 16:00:00,2020-04-17 16:00:00+08:00,2020-04-17 08:00:00+00:00,2020-04-17,08:00:00,929,2020-04-17,21.4275,21.90333333333333,5.460833333333333,174.30916666666667,1.8075,11.120416666666666,228.7204166666667,1.765,11.504583333333334,230.39875,99.79166666666669,40.15416666666666,0.0,24.133750000000003,1015.4166666666666,2.853333333333333,0.3783333333333333,21.4275,21.90333333333333,5.460833333333333,174.30916666666667,1.8075,11.120416666666666,228.7204166666667,1.765,11.504583333333334,230.39875,99.79166666666669,40.15416666666666,0.0,24.133750000000003,1015.4166666666666,2.853333333333333,0.3783333333333333,21.4275,21.90333333333333,5.460833333333333,174.30916666666667,1.8075,11.120416666666666,228.7204166666667,1.765,11.504583333333334,230.39875,99.79166666666669,40.15416666666666,0.0,24.133750000000003,1015.4166666666666,2.853333333333333,0.3783333333333333,0.0,0.0
KGT,Kwinana Grain Terminal,April 17,"2020, 10 a.m.",17-Apr-20   10 a.m.,3,Fair,-,2020,10 AM,April 17 2020 10 AM,2020-04-17 10:00:00,2020-04-17 10:00:00+08:00,2020-04-17 02:00:00+00:00,2020-04-17,02:00:00,930,2020-04-17,20.039166666666667,21.89708333333333,4.46875,177.2725,1.5925,11.129583333333334,234.45791666666665,1.57125,11.35875,235.4075,75.47916666666667,66.85833333333333,0.0,24.133750000000003,1015.815,5.099166666666666,0.3758333333333333,20.039166666666667,21.89708333333333,4.46875,177.2725,1.5925,11.129583333333334,234.45791666666665,1.57125,11.35875,235.4075,75.47916666666667,66.85833333333333,0.0,24.133750000000003,1015.815,5.099166666666666,0.3758333333333333,20.039166666666667,21.89708333333333,4.46875,177.2725,1.5925,11.129583333333334,234.45791666666665,1.57125,11.35875,235.4075,75.47916666666667,66.85833333333333,0.0,24.133750000000003,1015.815,5.099166666666666,0.3758333333333333,0.0,0.0
AMJ,Ammo Jetty,April 10,"2020, 7 a.m.",10-Apr-20   7 a.m.,5,Fair,Great dive,2020,7 AM,April 10 2020 7 AM,2020-04-10 07:00:00,2020-04-10 07:00:00+08:00,2020-04-09 23:00:00+00:00,2020-04-09,23:00:00,931,2020-04-09,26.4175,22.609583333333333,4.055,151.79,1.8645833333333333,12.515416666666669,247.1058333333333,1.8458333333333328,12.710416666666667,248.0758333333333,21.291666666666668,50.645833333333336,0.0,24.135,1015.9579166666668,5.800416666666667,0.4716666666666667,26.4175,22.609583333333333,4.055,151.79,1.8645833333333333,12.515416666666669,247.1058333333333,1.8458333333333328,12.710416666666667,248.0758333333333,21.291666666666668,50.645833333333336,0.0,24.135,1015.9579166666668,5.800416666666667,0.4716666666666667,26.4175,22.609583333333333,4.055,151.79,1.8645833333333333,12.515416666666669,247.1058333333333,1.8458333333333328,12.710416666666667,248.0758333333333,21.291666666666668,50.645833333333336,0.0,24.135,1015.9579166666668,5.800416666666667,0.4716666666666667,0.0,0.0
KGT,Kwinana Grain Terminal,April 3,"2020, 11 a.m.",3-Apr-20   11 a.m.,1,Glassy,"Lovely and flat, temp was nice",2020,11 AM,April 3 2020 11 AM,2020-04-03 11:00:00,2020-04-03 11:00:00+08:00,2020-04-03 03:00:00+00:00,2020-04-03,03:00:00,932,2020-04-03,17.4525,22.247083333333336,5.866666666666667,137.35458333333335,1.4799999999999998,10.889166666666666,224.82041666666663,1.43125,11.495,228.12458333333333,43.54166666666666,64.91250000000001,0.0,24.131666666666664,1020.1354166666666,8.525416666666667,0.35125,17.4525,22.247083333333336,5.866666666666667,137.35458333333335,1.4799999999999998,10.889166666666666,224.82041666666663,1.43125,11.495,228.12458333333333,43.54166666666666,64.91250000000001,0.0,24.131666666666664,1020.1354166666666,8.525416666666667,0.35125,17.4525,22.247083333333336,5.866666666666667,137.35458333333335,1.4799999999999998,10.889166666666666,224.82041666666663,1.43125,11.495,228.12458333333333,43.54166666666666,64.91250000000001,0.0,24.131666666666664,1020.1354166666666,8.525416666666667,0.35125,0.0,0.1
KGT,Kwinana Grain Terminal,April 1,"2020, noon",1-Apr-20   12 p.m.,4,Fair,"1.5m swell, pleasant dive",2020,12 PM,April 1 2020 12 PM,2020-04-01 12:00:00,2020-04-01 12:00:00+08:00,2020-04-01 04:00:00+00:00,2020-04-01,04:00:00,933,2020-04-01,19.77541666666667,22.273750000000003,5.0775,189.20416666666665,1.6029166666666663,12.074583333333337,229.2758333333333,1.5575,12.605833333333337,230.5270833333333,90.85416666666669,73.28333333333333,0.03,24.135416666666668,1012.54875,6.806666666666668,0.3904166666666667,19.77541666666667,22.273750000000003,5.0775,189.20416666666665,1.6029166666666663,12.074583333333337,229.2758333333333,1.5575,12.605833333333337,230.5270833333333,90.85416666666669,73.28333333333333,0.03,24.135416666666668,1012.54875,6.806666666666668,0.3904166666666667,19.77541666666667,22.273750000000003,5.0775,189.20416666666665,1.6029166666666663,12.074583333333337,229.2758333333333,1.5575,12.605833333333337,230.5270833333333,90.85416666666669,73.28333333333333,0.03,24.135416666666668,1012.54875,6.806666666666668,0.3904166666666667,0.0,0.0
CMB,The Coombe & Mosman Bay,March 31,"2020, 8 p.m.",31-Mar-20   8 p.m.,2,Fair,Water Temp 21-22deg,2020,8 PM,March 31 2020 8 PM,2020-03-31 20:00:00,2020-03-31 20:00:00+08:00,2020-03-31 12:00:00+00:00,2020-03-31,12:00:00,934,2020-03-31,19.812083333333334,22.99875,4.7508333333333335,169.9983333333333,1.7425,12.910000000000002,221.6775,1.7154166666666668,12.5025,222.48833333333332,88.45833333333333,59.09166666666667,0.0,24.135416666666668,1015.92375,4.8966666666666665,0.3275,19.812083333333334,22.99875,4.7508333333333335,169.9983333333333,1.7425,12.910000000000002,221.6775,1.7154166666666668,12.5025,222.48833333333332,88.45833333333333,59.09166666666667,0.0,24.135416666666668,1015.92375,4.8966666666666665,0.3275,19.812083333333334,22.99875,4.7508333333333335,169.9983333333333,1.7425,12.910000000000002,221.6775,1.7154166666666668,12.5025,222.48833333333332,88.45833333333333,59.09166666666667,0.0,24.135416666666668,1015.92375,4.8966666666666665,0.3275,0.0,0.0
PPR,Point Peron,March 23,"2020, noon",23-Mar-20   12 p.m.,15,Glassy,-,2020,12 PM,March 23 2020 12 PM,2020-03-23 12:00:00,2020-03-23 12:00:00+08:00,2020-03-23 04:00:00+00:00,2020-03-23,04:00:00,935,2020-03-23,23.169166666666666,23.11208333333333,4.489583333333333,118.9225,0.93,10.948333333333332,227.75458333333333,0.8758333333333334,10.926666666666668,232.7775,52.54166666666666,64.90833333333333,0.0,24.13583333333333,1017.94375,7.239999999999999,0.3570833333333333,23.169166666666666,23.11208333333333,4.489583333333333,118.9225,0.93,10.948333333333332,227.75458333333333,0.8758333333333334,10.926666666666668,232.7775,52.54166666666666,64.90833333333333,0.0,24.13583333333333,1017.94375,7.239999999999999,0.3570833333333333,23.169166666666666,23.11208333333333,4.489583333333333,118.9225,0.93,10.948333333333332,227.75458333333333,0.8758333333333334,10.926666666666668,232.7775,52.54166666666666,64.90833333333333,0.0,24.13583333333333,1017.94375,7.239999999999999,0.3570833333333333,0.0,2.04
CAM,Camilla Wreck,March 21,"2020, 10 a.m.",21-Mar-20   10 a.m.,4,Glassy,Wreck still exposed,2020,10 AM,March 21 2020 10 AM,2020-03-21 10:00:00,2020-03-21 10:00:00+08:00,2020-03-21 02:00:00+00:00,2020-03-21,02:00:00,936,2020-03-21,24.0075,22.826666666666668,8.095833333333333,118.195,1.265,10.038333333333332,185.015,0.98875,11.330416666666666,221.61875,24.4375,55.6,1.16,23.626666666666665,1021.095,10.644583333333332,0.2458333333333333,24.0075,22.826666666666668,8.095833333333333,118.195,1.265,10.038333333333332,185.015,0.98875,11.330416666666666,221.61875,24.4375,55.6,1.16,23.626666666666665,1021.095,10.644583333333332,0.2458333333333333,24.0075,22.826666666666668,8.095833333333333,118.195,1.265,10.038333333333332,185.015,0.98875,11.330416666666666,221.61875,24.4375,55.6,1.16,23.626666666666665,1021.095,10.644583333333332,0.2458333333333333,1.2,1.2
CMB,The Coombe & Mosman Bay,March 21,"2020, 9 a.m.",21-Mar-20   9 a.m.,1,Glassy,1-2m near shal. wreck <1m deep,2020,9 AM,March 21 2020 9 AM,2020-03-21 09:00:00,2020-03-21 09:00:00+08:00,2020-03-21 01:00:00+00:00,2020-03-21,01:00:00,937,2020-03-21,24.0075,22.79458333333333,8.537916666666666,123.08125,1.4945833333333332,10.07625,184.41583333333327,1.1725,10.985833333333334,216.72666666666663,24.4375,55.6,1.16,23.626666666666665,1021.095,10.644583333333332,0.2370833333333333,24.0075,22.79458333333333,8.537916666666666,123.08125,1.4945833333333332,10.07625,184.41583333333327,1.1725,10.985833333333334,216.72666666666663,24.4375,55.6,1.16,23.626666666666665,1021.095,10.644583333333332,0.2370833333333333,24.0075,22.79458333333333,8.537916666666666,123.08125,1.4945833333333332,10.07625,184.41583333333327,1.1725,10.985833333333334,216.72666666666663,24.4375,55.6,1.16,23.626666666666665,1021.095,10.644583333333332,0.2370833333333333,1.19,1.19
FWB,Freshwater Bay,March 14,"2020, 11 a.m.",14-Mar-20   11 a.m.,2,Fair,over a very silty bottom,2020,11 AM,March 14 2020 11 AM,2020-03-14 11:00:00,2020-03-14 11:00:00+08:00,2020-03-14 03:00:00+00:00,2020-03-14,03:00:00,938,2020-03-14,23.79833333333333,23.125833333333333,4.0875,103.97291666666666,1.245,10.24,227.1891666666667,1.2320833333333334,12.752916666666666,226.99625,66.58333333333333,62.86666666666667,5.04,23.2325,1009.06,8.0425,0.3683333333333333,23.79833333333333,23.125833333333333,4.0875,103.97291666666666,1.245,10.24,227.1891666666667,1.2320833333333334,12.752916666666666,226.99625,66.58333333333333,62.86666666666667,5.04,23.2325,1009.06,8.0425,0.3683333333333333,23.79833333333333,23.125833333333333,4.0875,103.97291666666666,1.245,10.24,227.1891666666667,1.2320833333333334,12.752916666666666,226.99625,66.58333333333333,62.86666666666667,5.04,23.2325,1009.06,8.0425,0.3683333333333333,1.7999999999999998,1.8
RNN,Rottnest North,March 14,"2020, 11 a.m.",14-Mar-20   11 a.m.,15,Fair,1m swell. Wind fell off.,2020,11 AM,March 14 2020 11 AM,2020-03-14 11:00:00,2020-03-14 11:00:00+08:00,2020-03-14 03:00:00+00:00,2020-03-14,03:00:00,939,2020-03-14,22.71708333333333,23.125833333333333,4.0875,103.97291666666666,1.245,10.24,227.1891666666667,1.2320833333333334,12.752916666666666,226.99625,67.08333333333333,79.25833333333334,7.92,21.675,1008.8775,4.800833333333333,0.3683333333333333,22.71708333333333,23.125833333333333,4.0875,103.97291666666666,1.245,10.24,227.1891666666667,1.2320833333333334,12.752916666666666,226.99625,67.08333333333333,79.25833333333334,7.92,21.675,1008.8775,4.800833333333333,0.3683333333333333,22.71708333333333,23.125833333333333,4.0875,103.97291666666666,1.245,10.24,227.1891666666667,1.2320833333333334,12.752916666666666,226.99625,67.08333333333333,79.25833333333334,7.92,21.675,1008.8775,4.800833333333333,0.3683333333333333,2.88,2.88
NMF,North Mole Fremantle,March 14,"2020, 10 a.m.",14-Mar-20   10 a.m.,7,Glassy,Algae releasing from the weed.,2020,10 AM,March 14 2020 10 AM,2020-03-14 10:00:00,2020-03-14 10:00:00+08:00,2020-03-14 02:00:00+00:00,2020-03-14,02:00:00,940,2020-03-14,22.71708333333333,23.125833333333333,4.0875,103.97291666666666,1.245,10.24,227.1891666666667,1.2320833333333334,12.752916666666666,226.99625,67.08333333333333,79.25833333333334,7.92,21.675,1008.8775,4.800833333333333,0.3683333333333333,22.71708333333333,23.125833333333333,4.0875,103.97291666666666,1.245,10.24,227.1891666666667,1.2320833333333334,12.752916666666666,226.99625,67.08333333333333,79.25833333333334,7.92,21.675,1008.8775,4.800833333333333,0.3683333333333333,22.71708333333333,23.125833333333333,4.0875,103.97291666666666,1.245,10.24,227.1891666666667,1.2320833333333334,12.752916666666666,226.99625,67.08333333333333,79.25833333333334,7.92,21.675,1008.8775,4.800833333333333,0.3683333333333333,2.52,2.52
NMF,North Mole Fremantle,March 14,"2020, 10 a.m.",14-Mar-20   10 a.m.,6,Glassy,-,2020,10 AM,March 14 2020 10 AM,2020-03-14 10:00:00,2020-03-14 10:00:00+08:00,2020-03-14 02:00:00+00:00,2020-03-14,02:00:00,941,2020-03-14,22.71708333333333,23.125833333333333,4.0875,103.97291666666666,1.245,10.24,227.1891666666667,1.2320833333333334,12.752916666666666,226.99625,67.08333333333333,79.25833333333334,7.92,21.675,1008.8775,4.800833333333333,0.3683333333333333,22.71708333333333,23.125833333333333,4.0875,103.97291666666666,1.245,10.24,227.1891666666667,1.2320833333333334,12.752916666666666,226.99625,67.08333333333333,79.25833333333334,7.92,21.675,1008.8775,4.800833333333333,0.3683333333333333,22.71708333333333,23.125833333333333,4.0875,103.97291666666666,1.245,10.24,227.1891666666667,1.2320833333333334,12.752916666666666,226.99625,67.08333333333333,79.25833333333334,7.92,21.675,1008.8775,4.800833333333333,0.3683333333333333,2.52,2.52
RKM,Rockingham Dive Trail,March 14,"2020, 9 a.m.",14-Mar-20   9 a.m.,12,Windy,"Well over 12m, low Jelly count",2020,9 AM,March 14 2020 9 AM,2020-03-14 09:00:00,2020-03-14 09:00:00+08:00,2020-03-14 01:00:00+00:00,2020-03-14,01:00:00,942,2020-03-14,22.241666666666664,23.01708333333333,3.924166666666667,117.59958333333331,1.115,10.06,232.525,1.090833333333333,12.63875,231.97166666666664,75.4375,81.95833333333333,4.68,21.359583333333333,1009.0725,5.280833333333333,0.3616666666666666,22.241666666666664,23.01708333333333,3.924166666666667,117.59958333333331,1.115,10.06,232.525,1.090833333333333,12.63875,231.97166666666664,75.4375,81.95833333333333,4.68,21.359583333333333,1009.0725,5.280833333333333,0.3616666666666666,22.241666666666664,23.01708333333333,3.924166666666667,117.59958333333331,1.115,10.06,232.525,1.090833333333333,12.63875,231.97166666666664,75.4375,81.95833333333333,4.68,21.359583333333333,1009.0725,5.280833333333333,0.3616666666666666,2.3600000000000003,2.36
RKM,Rockingham Dive Trail,March 11,"2020, 8 p.m.",11-Mar-20   8 p.m.,5,Fair,night dive,2020,8 PM,March 11 2020 8 PM,2020-03-11 20:00:00,2020-03-11 20:00:00+08:00,2020-03-11 12:00:00+00:00,2020-03-11,12:00:00,943,2020-03-11,21.71083333333333,22.85125,7.0304166666666665,180.94458333333333,1.5795833333333331,15.695,233.21375,1.39375,12.26125,240.36666666666667,57.25,73.70416666666667,0.0,24.135416666666668,1010.3208333333332,9.536666666666669,0.20125,21.71083333333333,22.85125,7.0304166666666665,180.94458333333333,1.5795833333333331,15.695,233.21375,1.39375,12.26125,240.36666666666667,57.25,73.70416666666667,0.0,24.135416666666668,1010.3208333333332,9.536666666666669,0.20125,21.71083333333333,22.85125,7.0304166666666665,180.94458333333333,1.5795833333333331,15.695,233.21375,1.39375,12.26125,240.36666666666667,57.25,73.70416666666667,0.0,24.135416666666668,1010.3208333333332,9.536666666666669,0.20125,0.0,0.0
RKM,Rockingham Dive Trail,March 11,"2020, 7 a.m.",11-Mar-20   7 a.m.,8,Fair,Deeper better. No current,2020,7 AM,March 11 2020 7 AM,2020-03-11 07:00:00,2020-03-11 07:00:00+08:00,2020-03-10 23:00:00+00:00,2020-03-10,23:00:00,944,2020-03-10,23.191666666666663,22.892916666666665,5.744166666666668,146.21541666666667,1.2279166666666663,14.958333333333334,232.3045833333333,1.1520833333333331,11.722499999999998,236.6820833333333,14.833333333333334,63.45,0.0,24.13583333333333,1011.69,7.002083333333332,0.19375,23.191666666666663,22.892916666666665,5.744166666666668,146.21541666666667,1.2279166666666663,14.958333333333334,232.3045833333333,1.1520833333333331,11.722499999999998,236.6820833333333,14.833333333333334,63.45,0.0,24.13583333333333,1011.69,7.002083333333332,0.19375,23.191666666666663,22.892916666666665,5.744166666666668,146.21541666666667,1.2279166666666663,14.958333333333334,232.3045833333333,1.1520833333333331,11.722499999999998,236.6820833333333,14.833333333333334,63.45,0.0,24.13583333333333,1011.69,7.002083333333332,0.19375,0.0,0.0
MET,Mettam’s Pool,March 9,"2020, 9 a.m.",9-Mar-20   9 a.m.,12,Fair,No swell,2020,9 AM,March 9 2020 9 AM,2020-03-09 09:00:00,2020-03-09 09:00:00+08:00,2020-03-09 01:00:00+00:00,2020-03-09,01:00:00,945,2020-03-09,26.187083333333334,22.81,5.1779166666666665,148.90541666666667,1.6383333333333334,14.260416666666666,225.10625,1.5970833333333332,12.632083333333334,227.2008333333333,23.25,41.46666666666667,0.0,24.131666666666664,1012.7445833333333,7.357916666666667,0.1041666666666666,26.187083333333334,22.81,5.1779166666666665,148.90541666666667,1.6383333333333334,14.260416666666666,225.10625,1.5970833333333332,12.632083333333334,227.2008333333333,23.25,41.46666666666667,0.0,24.131666666666664,1012.7445833333333,7.357916666666667,0.1041666666666666,26.187083333333334,22.81,5.1779166666666665,148.90541666666667,1.6383333333333334,14.260416666666666,225.10625,1.5970833333333332,12.632083333333334,227.2008333333333,23.25,41.46666666666667,0.0,24.131666666666664,1012.7445833333333,7.357916666666667,0.1041666666666666,0.0,0.0
RNN,Rottnest North,March 8,"2020, 11 a.m.",8-Mar-20   11 a.m.,10,Windy,Mira Flores Wreck,2020,11 AM,March 8 2020 11 AM,2020-03-08 11:00:00,2020-03-08 11:00:00+08:00,2020-03-08 03:00:00+00:00,2020-03-08,03:00:00,946,2020-03-08,22.66708333333333,24.015833333333333,6.087083333333333,160.47458333333333,1.1766666666666663,15.147083333333333,221.87958333333333,1.0970833333333334,9.992083333333332,226.75708333333333,1.6666666666666667,75.8375,0.0,24.13583333333333,1014.9216666666666,7.975833333333333,0.2033333333333333,22.66708333333333,24.015833333333333,6.087083333333333,160.47458333333333,1.1766666666666663,15.147083333333333,221.87958333333333,1.0970833333333334,9.992083333333332,226.75708333333333,1.6666666666666667,75.8375,0.0,24.13583333333333,1014.9216666666666,7.975833333333333,0.2033333333333333,22.66708333333333,24.015833333333333,6.087083333333333,160.47458333333333,1.1766666666666663,15.147083333333333,221.87958333333333,1.0970833333333334,9.992083333333332,226.75708333333333,1.6666666666666667,75.8375,0.0,24.13583333333333,1014.9216666666666,7.975833333333333,0.2033333333333333,0.0,0.1
RNN,Rottnest North,March 8,"2020, 11 a.m.",8-Mar-20   11 a.m.,20,Fair,-,2020,11 AM,March 8 2020 11 AM,2020-03-08 11:00:00,2020-03-08 11:00:00+08:00,2020-03-08 03:00:00+00:00,2020-03-08,03:00:00,947,2020-03-08,22.66708333333333,24.015833333333333,6.087083333333333,160.47458333333333,1.1766666666666663,15.147083333333333,221.87958333333333,1.0970833333333334,9.992083333333332,226.75708333333333,1.6666666666666667,75.8375,0.0,24.13583333333333,1014.9216666666666,7.975833333333333,0.2033333333333333,22.66708333333333,24.015833333333333,6.087083333333333,160.47458333333333,1.1766666666666663,15.147083333333333,221.87958333333333,1.0970833333333334,9.992083333333332,226.75708333333333,1.6666666666666667,75.8375,0.0,24.13583333333333,1014.9216666666666,7.975833333333333,0.2033333333333333,22.66708333333333,24.015833333333333,6.087083333333333,160.47458333333333,1.1766666666666663,15.147083333333333,221.87958333333333,1.0970833333333334,9.992083333333332,226.75708333333333,1.6666666666666667,75.8375,0.0,24.13583333333333,1014.9216666666666,7.975833333333333,0.2033333333333333,0.0,0.1
RNE,Rottnest East,March 7,"2020, 3 p.m.",7-Mar-20   3 p.m.,15,Windy,Denton Holme,2020,3 PM,March 7 2020 3 PM,2020-03-07 15:00:00,2020-03-07 15:00:00+08:00,2020-03-07 07:00:00+00:00,2020-03-07,07:00:00,948,2020-03-07,21.26458333333333,23.929583333333337,7.0375000000000005,198.82916666666665,1.2266666666666668,11.518333333333333,222.26,0.9683333333333334,8.530833333333334,229.1858333333333,43.083333333333336,81.60416666666667,0.07,24.133333333333336,1016.8916666666668,6.990833333333334,0.2270833333333333,21.26458333333333,23.929583333333337,7.0375000000000005,198.82916666666665,1.2266666666666668,11.518333333333333,222.26,0.9683333333333334,8.530833333333334,229.1858333333333,43.083333333333336,81.60416666666667,0.07,24.133333333333336,1016.8916666666668,6.990833333333334,0.2270833333333333,21.26458333333333,23.929583333333337,7.0375000000000005,198.82916666666665,1.2266666666666668,11.518333333333333,222.26,0.9683333333333334,8.530833333333334,229.1858333333333,43.083333333333336,81.60416666666667,0.07,24.133333333333336,1016.8916666666668,6.990833333333334,0.2270833333333333,0.0999999999999999,0.0999999999999999
RNE,Rottnest East,March 7,"2020, 11 a.m.",7-Mar-20   11 a.m.,10,Windy,Raven wreck and Lady Elizabeth,2020,11 AM,March 7 2020 11 AM,2020-03-07 11:00:00,2020-03-07 11:00:00+08:00,2020-03-07 03:00:00+00:00,2020-03-07,03:00:00,949,2020-03-07,21.26458333333333,23.929583333333337,7.0375000000000005,198.82916666666665,1.2266666666666668,11.518333333333333,222.26,0.9683333333333334,8.530833333333334,229.1858333333333,43.083333333333336,81.60416666666667,0.07,24.133333333333336,1016.8916666666668,6.990833333333334,0.2270833333333333,21.26458333333333,23.929583333333337,7.0375000000000005,198.82916666666665,1.2266666666666668,11.518333333333333,222.26,0.9683333333333334,8.530833333333334,229.1858333333333,43.083333333333336,81.60416666666667,0.07,24.133333333333336,1016.8916666666668,6.990833333333334,0.2270833333333333,21.26458333333333,23.929583333333337,7.0375000000000005,198.82916666666665,1.2266666666666668,11.518333333333333,222.26,0.9683333333333334,8.530833333333334,229.1858333333333,43.083333333333336,81.60416666666667,0.07,24.133333333333336,1016.8916666666668,6.990833333333334,0.2270833333333333,0.0999999999999999,0.1
RTS,Rottnest South,March 7,"2020, 10 a.m.",7-Mar-20   10 a.m.,12,Fair,crystal caves,2020,10 AM,March 7 2020 10 AM,2020-03-07 10:00:00,2020-03-07 10:00:00+08:00,2020-03-07 02:00:00+00:00,2020-03-07,02:00:00,950,2020-03-07,21.26458333333333,23.929583333333337,7.0375000000000005,198.82916666666665,1.2266666666666668,11.518333333333333,222.26,0.9683333333333334,8.530833333333334,229.1858333333333,43.083333333333336,81.60416666666667,0.07,24.133333333333336,1016.8916666666668,6.990833333333334,0.2270833333333333,21.26458333333333,23.929583333333337,7.0375000000000005,198.82916666666665,1.2266666666666668,11.518333333333333,222.26,0.9683333333333334,8.530833333333334,229.1858333333333,43.083333333333336,81.60416666666667,0.07,24.133333333333336,1016.8916666666668,6.990833333333334,0.2270833333333333,21.26458333333333,23.929583333333337,7.0375000000000005,198.82916666666665,1.2266666666666668,11.518333333333333,222.26,0.9683333333333334,8.530833333333334,229.1858333333333,43.083333333333336,81.60416666666667,0.07,24.133333333333336,1016.8916666666668,6.990833333333334,0.2270833333333333,0.0999999999999999,0.1
RTS,Rottnest South,March 7,"2020, 10 a.m.",7-Mar-20   10 a.m.,15,Windy,27m Salmon Bay,2020,10 AM,March 7 2020 10 AM,2020-03-07 10:00:00,2020-03-07 10:00:00+08:00,2020-03-07 02:00:00+00:00,2020-03-07,02:00:00,951,2020-03-07,21.26458333333333,23.929583333333337,7.0375000000000005,198.82916666666665,1.2266666666666668,11.518333333333333,222.26,0.9683333333333334,8.530833333333334,229.1858333333333,43.083333333333336,81.60416666666667,0.07,24.133333333333336,1016.8916666666668,6.990833333333334,0.2270833333333333,21.26458333333333,23.929583333333337,7.0375000000000005,198.82916666666665,1.2266666666666668,11.518333333333333,222.26,0.9683333333333334,8.530833333333334,229.1858333333333,43.083333333333336,81.60416666666667,0.07,24.133333333333336,1016.8916666666668,6.990833333333334,0.2270833333333333,21.26458333333333,23.929583333333337,7.0375000000000005,198.82916666666665,1.2266666666666668,11.518333333333333,222.26,0.9683333333333334,8.530833333333334,229.1858333333333,43.083333333333336,81.60416666666667,0.07,24.133333333333336,1016.8916666666668,6.990833333333334,0.2270833333333333,0.0999999999999999,0.1
KGT,Kwinana Grain Terminal,March 7,"2020, 8 a.m.",7-Mar-20   8 a.m.,3,Glassy,Floating crud & overcast,2020,8 AM,March 7 2020 8 AM,2020-03-07 08:00:00,2020-03-07 08:00:00+08:00,2020-03-07 00:00:00+00:00,2020-03-07,00:00:00,952,2020-03-07,21.080416666666668,23.69375,6.298749999999999,200.4020833333333,1.05,9.435833333333331,227.6545833333333,0.8875000000000001,8.189166666666667,232.51375,50.833333333333336,81.72916666666667,0.0,24.133333333333336,1016.8825,6.669583333333333,0.2254166666666666,21.080416666666668,23.69375,6.298749999999999,200.4020833333333,1.05,9.435833333333331,227.6545833333333,0.8875000000000001,8.189166666666667,232.51375,50.833333333333336,81.72916666666667,0.0,24.133333333333336,1016.8825,6.669583333333333,0.2254166666666666,21.080416666666668,23.69375,6.298749999999999,200.4020833333333,1.05,9.435833333333331,227.6545833333333,0.8875000000000001,8.189166666666667,232.51375,50.833333333333336,81.72916666666667,0.0,24.133333333333336,1016.8825,6.669583333333333,0.2254166666666666,0.0,0.06
CMT,Coogee Maritime Trail,March 6,"2020, 9 a.m.",6-Mar-20   9 a.m.,3,Fair,-,2020,9 AM,March 6 2020 9 AM,2020-03-06 09:00:00,2020-03-06 09:00:00+08:00,2020-03-06 01:00:00+00:00,2020-03-06,01:00:00,953,2020-03-06,21.49416666666667,23.407083333333333,6.690833333333334,216.8883333333333,1.2458333333333331,12.162916666666668,222.17208333333332,1.0545833333333334,8.573333333333332,223.44791666666663,96.4375,69.85833333333333,0.0,24.135,1011.4066666666666,5.480416666666667,0.1133333333333333,21.49416666666667,23.407083333333333,6.690833333333334,216.8883333333333,1.2458333333333331,12.162916666666668,222.17208333333332,1.0545833333333334,8.573333333333332,223.44791666666663,96.4375,69.85833333333333,0.0,24.135,1011.4066666666666,5.480416666666667,0.1133333333333333,21.49416666666667,23.407083333333333,6.690833333333334,216.8883333333333,1.2458333333333331,12.162916666666668,222.17208333333332,1.0545833333333334,8.573333333333332,223.44791666666663,96.4375,69.85833333333333,0.0,24.135,1011.4066666666666,5.480416666666667,0.1133333333333333,0.0,0.0
AMJ,Ammo Jetty,March 5,"2020, 8 p.m.",5-Mar-20   8 p.m.,3,Fair,Nightdive,2020,8 PM,March 5 2020 8 PM,2020-03-05 20:00:00,2020-03-05 20:00:00+08:00,2020-03-05 12:00:00+00:00,2020-03-05,12:00:00,954,2020-03-05,25.76625,23.49,6.960416666666667,196.25333333333333,1.1641666666666668,13.3425,218.1883333333333,0.895,9.386666666666668,225.22916666666663,70.60416666666667,41.7,0.0,24.13583333333333,1005.8679166666668,3.83,0.11,25.76625,23.49,6.960416666666667,196.25333333333333,1.1641666666666668,13.3425,218.1883333333333,0.895,9.386666666666668,225.22916666666663,70.60416666666667,41.7,0.0,24.13583333333333,1005.8679166666668,3.83,0.11,25.76625,23.49,6.960416666666667,196.25333333333333,1.1641666666666668,13.3425,218.1883333333333,0.895,9.386666666666668,225.22916666666663,70.60416666666667,41.7,0.0,24.13583333333333,1005.8679166666668,3.83,0.11,0.0,0.0
KGT,Kwinana Grain Terminal,March 5,"2020, 10 a.m.",5-Mar-20   10 a.m.,4,Fair,Flocky,2020,10 AM,March 5 2020 10 AM,2020-03-05 10:00:00,2020-03-05 10:00:00+08:00,2020-03-05 02:00:00+00:00,2020-03-05,02:00:00,955,2020-03-05,21.547083333333333,23.12,5.900833333333334,196.65916666666664,0.9575,12.359166666666669,222.6070833333333,0.8175,9.07875,227.4625,65.75,76.625,0.06,24.13583333333333,1006.455,7.284166666666667,0.11,21.547083333333333,23.12,5.900833333333334,196.65916666666664,0.9575,12.359166666666669,222.6070833333333,0.8175,9.07875,227.4625,65.75,76.625,0.06,24.13583333333333,1006.455,7.284166666666667,0.11,21.547083333333333,23.12,5.900833333333334,196.65916666666664,0.9575,12.359166666666669,222.6070833333333,0.8175,9.07875,227.4625,65.75,76.625,0.06,24.13583333333333,1006.455,7.284166666666667,0.11,0.0,0.0
PPR,Point Peron,March 3,"2020, 2 p.m.",3-Mar-20   2 p.m.,12,Fair,-,2020,2 PM,March 3 2020 2 PM,2020-03-03 14:00:00,2020-03-03 14:00:00+08:00,2020-03-03 06:00:00+00:00,2020-03-03,06:00:00,956,2020-03-03,22.47375,23.12,4.011666666666667,128.84416666666667,0.7429166666666666,14.051666666666668,228.01375,0.6954166666666667,11.169583333333334,235.1745833333333,55.645833333333336,61.75833333333333,0.0,24.133750000000003,1014.3954166666668,5.735416666666667,0.1741666666666666,22.47375,23.12,4.011666666666667,128.84416666666667,0.7429166666666666,14.051666666666668,228.01375,0.6954166666666667,11.169583333333334,235.1745833333333,55.645833333333336,61.75833333333333,0.0,24.133750000000003,1014.3954166666668,5.735416666666667,0.1741666666666666,22.47375,23.12,4.011666666666667,128.84416666666667,0.7429166666666666,14.051666666666668,228.01375,0.6954166666666667,11.169583333333334,235.1745833333333,55.645833333333336,61.75833333333333,0.0,24.133750000000003,1014.3954166666668,5.735416666666667,0.1741666666666666,0.0,0.0
CAN,Canal Rocks,March 1,"2020, 11 a.m.",1-Mar-20   11 a.m.,12,Windy,-,2020,11 AM,March 1 2020 11 AM,2020-03-01 11:00:00,2020-03-01 11:00:00+08:00,2020-03-01 03:00:00+00:00,2020-03-01,03:00:00,957,2020-03-01,19.94458333333333,21.72,10.793333333333337,110.62833333333332,1.4941666666666666,4.578333333333333,158.5875,1.0391666666666668,7.614166666666667,201.1495833333333,17.583333333333332,67.45416666666667,0.0,24.136666666666667,1019.42375,12.290833333333332,0.2179166666666666,19.94458333333333,21.72,10.793333333333337,110.62833333333332,1.4941666666666666,4.578333333333333,158.5875,1.0391666666666668,7.614166666666667,201.1495833333333,17.583333333333332,67.45416666666667,0.0,24.136666666666667,1019.42375,12.290833333333332,0.2179166666666666,19.94458333333333,21.72,10.793333333333337,110.62833333333332,1.4941666666666666,4.578333333333333,158.5875,1.0391666666666668,7.614166666666667,201.1495833333333,17.583333333333332,67.45416666666667,0.0,24.136666666666667,1019.42375,12.290833333333332,0.2179166666666666,0.11,0.21
AMJ,Ammo Jetty,March 1,"2020, 9 a.m.",1-Mar-20   9 a.m.,6,Fair,-,2020,9 AM,March 1 2020 9 AM,2020-03-01 09:00:00,2020-03-01 09:00:00+08:00,2020-03-01 01:00:00+00:00,2020-03-01,01:00:00,958,2020-03-01,21.29833333333333,23.49,10.786666666666669,117.11875,1.5583333333333331,6.92125,145.4625,0.8137500000000001,10.194583333333332,214.35958333333332,20.70833333333333,51.46666666666667,0.0,24.13625,1016.7604166666666,12.298333333333334,0.22375,21.29833333333333,23.49,10.786666666666669,117.11875,1.5583333333333331,6.92125,145.4625,0.8137500000000001,10.194583333333332,214.35958333333332,20.70833333333333,51.46666666666667,0.0,24.13625,1016.7604166666666,12.298333333333334,0.22375,21.29833333333333,23.49,10.786666666666669,117.11875,1.5583333333333331,6.92125,145.4625,0.8137500000000001,10.194583333333332,214.35958333333332,20.70833333333333,51.46666666666667,0.0,24.13625,1016.7604166666666,12.298333333333334,0.22375,0.06,3.54
KGT,Kwinana Grain Terminal,March 1,"2020, 8 a.m.",1-Mar-20   8 a.m.,4,Fair,-,2020,8 AM,March 1 2020 8 AM,2020-03-01 08:00:00,2020-03-01 08:00:00+08:00,2020-03-01 00:00:00+00:00,2020-03-01,00:00:00,959,2020-03-01,20.61583333333333,23.12,10.009166666666667,115.56125,1.2795833333333333,6.855,139.35625000000002,0.67625,10.3075,218.9820833333333,22.52083333333333,67.65416666666667,0.0,24.136666666666667,1017.62125,12.094166666666666,0.2262499999999999,20.61583333333333,23.12,10.009166666666667,115.56125,1.2795833333333333,6.855,139.35625000000002,0.67625,10.3075,218.9820833333333,22.52083333333333,67.65416666666667,0.0,24.136666666666667,1017.62125,12.094166666666666,0.2262499999999999,20.61583333333333,23.12,10.009166666666667,115.56125,1.2795833333333333,6.855,139.35625000000002,0.67625,10.3075,218.9820833333333,22.52083333333333,67.65416666666667,0.0,24.136666666666667,1017.62125,12.094166666666666,0.2262499999999999,0.09,1.96
NMF,North Mole Fremantle,Feb. 29,"2020, 2 p.m.",29-Feb-20   2 p.m.,12,Windy,Stingers,2020,2 PM,Feb 29 2020 2 PM,2020-02-29 14:00:00,2020-02-29 14:00:00+08:00,2020-02-29 06:00:00+00:00,2020-02-29,06:00:00,960,2020-02-29,22.06958333333333,22.74416666666667,7.317916666666666,205.52291666666667,1.39625,10.879583333333334,226.41583333333327,1.231666666666667,9.4275,232.70625,16.166666666666668,82.35416666666667,0.17,24.132916666666663,1009.1279166666668,9.514583333333333,0.29,22.06958333333333,22.74416666666667,7.317916666666666,205.52291666666667,1.39625,10.879583333333334,226.41583333333327,1.231666666666667,9.4275,232.70625,16.166666666666668,82.35416666666667,0.17,24.132916666666663,1009.1279166666668,9.514583333333333,0.29,22.06958333333333,22.74416666666667,7.317916666666666,205.52291666666667,1.39625,10.879583333333334,226.41583333333327,1.231666666666667,9.4275,232.70625,16.166666666666668,82.35416666666667,0.17,24.132916666666663,1009.1279166666668,9.514583333333333,0.29,2.33,6.65
BUL,Bulk Jetty,Feb. 29,"2020, 8 a.m.",29-Feb-20   8 a.m.,2,Fair,"murky, lots of Jellyfish",2020,8 AM,Feb 29 2020 8 AM,2020-02-29 08:00:00,2020-02-29 08:00:00+08:00,2020-02-29 00:00:00+00:00,2020-02-29,00:00:00,961,2020-02-29,23.32166666666667,24.93958333333333,6.631666666666667,206.20625,1.231666666666667,10.879583333333334,233.32041666666663,1.1225,9.04,238.41791666666663,19.45833333333333,66.91250000000001,0.06,24.132916666666663,1008.8270833333332,6.7925,0.29,23.32166666666667,24.93958333333333,6.631666666666667,206.20625,1.231666666666667,10.879583333333334,233.32041666666663,1.1225,9.04,238.41791666666663,19.45833333333333,66.91250000000001,0.06,24.132916666666663,1008.8270833333332,6.7925,0.29,23.32166666666667,24.93958333333333,6.631666666666667,206.20625,1.231666666666667,10.879583333333334,233.32041666666663,1.1225,9.04,238.41791666666663,19.45833333333333,66.91250000000001,0.06,24.132916666666663,1008.8270833333332,6.7925,0.29,4.68,10.05
CMT,Coogee Maritime Trail,Feb. 29,"2020, 8 a.m.",29-Feb-20   8 a.m.,4,Fair,-,2020,8 AM,Feb 29 2020 8 AM,2020-02-29 08:00:00,2020-02-29 08:00:00+08:00,2020-02-29 00:00:00+00:00,2020-02-29,00:00:00,962,2020-02-29,23.32166666666667,24.93958333333333,7.317916666666666,205.52291666666667,1.39625,10.879583333333334,226.41583333333327,1.231666666666667,9.4275,232.70625,19.45833333333333,66.91250000000001,0.06,24.132916666666663,1008.8270833333332,6.7925,0.29,23.32166666666667,24.93958333333333,7.317916666666666,205.52291666666667,1.39625,10.879583333333334,226.41583333333327,1.231666666666667,9.4275,232.70625,19.45833333333333,66.91250000000001,0.06,24.132916666666663,1008.8270833333332,6.7925,0.29,23.32166666666667,24.93958333333333,7.317916666666666,205.52291666666667,1.39625,10.879583333333334,226.41583333333327,1.231666666666667,9.4275,232.70625,19.45833333333333,66.91250000000001,0.06,24.132916666666663,1008.8270833333332,6.7925,0.29,4.68,10.05
BUL,Bulk Jetty,Feb. 27,"2020, noon",27-Feb-20   12 p.m.,3,Windy,murky,2020,12 PM,Feb 27 2020 12 PM,2020-02-27 12:00:00,2020-02-27 12:00:00+08:00,2020-02-27 04:00:00+00:00,2020-02-27,04:00:00,963,2020-02-27,25.736666666666665,25.359583333333333,10.288333333333332,76.93791666666667,1.54875,10.202083333333333,102.04541666666668,0.8775,11.93625,232.44000000000003,41.72916666666666,54.76666666666667,4.25,22.959166666666665,1010.2891666666666,18.131666666666668,,25.736666666666665,25.359583333333333,10.288333333333332,76.93791666666667,1.54875,10.202083333333333,102.04541666666668,0.8775,11.93625,232.44000000000003,41.72916666666666,54.76666666666667,4.25,22.959166666666665,1010.2891666666666,18.131666666666668,,25.736666666666665,25.359583333333333,10.288333333333332,76.93791666666667,1.54875,10.202083333333333,102.04541666666668,0.8775,11.93625,232.44000000000003,41.72916666666666,54.76666666666667,4.25,22.959166666666665,1010.2891666666666,18.131666666666668,,10.73,16.22
RKM,Rockingham Dive Trail,Feb. 27,"2020, 9 a.m.",27-Feb-20   9 a.m.,4,Windy,jellyfish :(,2020,9 AM,Feb 27 2020 9 AM,2020-02-27 09:00:00,2020-02-27 09:00:00+08:00,2020-02-27 01:00:00+00:00,2020-02-27,01:00:00,964,2020-02-27,24.25791666666667,22.164583333333336,10.288333333333332,76.93791666666667,1.54875,9.4025,102.04541666666668,0.8775,11.93625,232.44000000000003,36.833333333333336,71.99166666666666,8.280000000000001,22.32958333333333,1009.9375,18.41625,,24.25791666666667,22.164583333333336,10.288333333333332,76.93791666666667,1.54875,9.4025,102.04541666666668,0.8775,11.93625,232.44000000000003,36.833333333333336,71.99166666666666,8.280000000000001,22.32958333333333,1009.9375,18.41625,,24.25791666666667,22.164583333333336,10.288333333333332,76.93791666666667,1.54875,9.4025,102.04541666666668,0.8775,11.93625,232.44000000000003,36.833333333333336,71.99166666666666,8.280000000000001,22.32958333333333,1009.9375,18.41625,,29.32,35.08
AMJ,Ammo Jetty,Feb. 26,"2020, 8 p.m.",26-Feb-20   8 p.m.,5,Glassy,-,2020,8 PM,Feb 26 2020 8 PM,2020-02-26 20:00:00,2020-02-26 20:00:00+08:00,2020-02-26 12:00:00+00:00,2020-02-26,12:00:00,965,2020-02-26,26.0725,27.225416666666664,5.679166666666667,92.00666666666666,1.2575,13.790416666666667,210.97583333333333,1.175,12.251666666666669,219.63166666666663,83.41666666666667,60.65416666666667,11.86,18.43583333333333,1013.3733333333332,10.06125,,26.0725,27.225416666666664,5.679166666666667,92.00666666666666,1.2575,13.790416666666667,210.97583333333333,1.175,12.251666666666669,219.63166666666663,83.41666666666667,60.65416666666667,11.86,18.43583333333333,1013.3733333333332,10.06125,,26.0725,27.225416666666664,5.679166666666667,92.00666666666666,1.2575,13.790416666666667,210.97583333333333,1.175,12.251666666666669,219.63166666666663,83.41666666666667,60.65416666666667,11.86,18.43583333333333,1013.3733333333332,10.06125,,9.329999999999998,10.5
WOO,Woodman Point,Feb. 26,"2020, 10 a.m.",26-Feb-20   10 a.m.,7,Fair,Windy,2020,10 AM,Feb 26 2020 10 AM,2020-02-26 10:00:00,2020-02-26 10:00:00+08:00,2020-02-26 02:00:00+00:00,2020-02-26,02:00:00,966,2020-02-26,24.30625,22.787916666666664,5.027083333333334,86.23625,1.0945833333333332,13.790416666666667,218.5375,1.034166666666667,12.255833333333332,224.91125,75.75,76.50833333333334,7.2,18.898333333333333,1012.7725,8.314583333333333,,24.30625,22.787916666666664,5.027083333333334,86.23625,1.0945833333333332,13.790416666666667,218.5375,1.034166666666667,12.255833333333332,224.91125,75.75,76.50833333333334,7.2,18.898333333333333,1012.7725,8.314583333333333,,24.30625,22.787916666666664,5.027083333333334,86.23625,1.0945833333333332,13.790416666666667,218.5375,1.034166666666667,12.255833333333332,224.91125,75.75,76.50833333333334,7.2,18.898333333333333,1012.7725,8.314583333333333,,6.12,14.88
AMJ,Ammo Jetty,Feb. 25,"2020, 9 p.m.",25-Feb-20   9 p.m.,2,Glassy,-,2020,9 PM,Feb 25 2020 9 PM,2020-02-25 21:00:00,2020-02-25 21:00:00+08:00,2020-02-25 13:00:00+00:00,2020-02-25,13:00:00,967,2020-02-25,26.94833333333333,28.168333333333333,6.18625,113.94916666666668,1.2454166666666666,12.243333333333332,203.4925,1.1208333333333331,11.22125,217.39125,12.75,54.17083333333333,2.63,22.749166666666667,1012.7995833333332,11.90125,,26.94833333333333,28.168333333333333,6.18625,113.94916666666668,1.2454166666666666,12.243333333333332,203.4925,1.1208333333333331,11.22125,217.39125,12.75,54.17083333333333,2.63,22.749166666666667,1012.7995833333332,11.90125,,26.94833333333333,28.168333333333333,6.18625,113.94916666666668,1.2454166666666666,12.243333333333332,203.4925,1.1208333333333331,11.22125,217.39125,12.75,54.17083333333333,2.63,22.749166666666667,1012.7995833333332,11.90125,,1.15,7.01
FRE,South Fremantle,Feb. 25,"2020, 9 p.m.",25-Feb-20   9 p.m.,13,Glassy,Just after a flash storm,2020,9 PM,Feb 25 2020 9 PM,2020-02-25 21:00:00,2020-02-25 21:00:00+08:00,2020-02-25 13:00:00+00:00,2020-02-25,13:00:00,968,2020-02-25,24.256666666666664,22.56833333333333,6.18625,113.94916666666668,1.2454166666666666,12.243333333333332,203.4925,1.1208333333333331,11.22125,217.39125,5.833333333333333,74.03750000000001,3.96,20.986666666666668,1012.4695833333334,9.57125,,24.256666666666664,22.56833333333333,6.18625,113.94916666666668,1.2454166666666666,12.243333333333332,203.4925,1.1208333333333331,11.22125,217.39125,5.833333333333333,74.03750000000001,3.96,20.986666666666668,1012.4695833333334,9.57125,,24.256666666666664,22.56833333333333,6.18625,113.94916666666668,1.2454166666666666,12.243333333333332,203.4925,1.1208333333333331,11.22125,217.39125,5.833333333333333,74.03750000000001,3.96,20.986666666666668,1012.4695833333334,9.57125,,2.16,12.8
KGT,Kwinana Grain Terminal,Feb. 25,"2020, 8 p.m.",25-Feb-20   8 p.m.,2,Windy,Nightdive,2020,8 PM,Feb 25 2020 8 PM,2020-02-25 20:00:00,2020-02-25 20:00:00+08:00,2020-02-25 12:00:00+00:00,2020-02-25,12:00:00,969,2020-02-25,23.705,22.25125,7.16375,121.58541666666667,1.1325,12.22125,199.84625000000003,0.9475,11.781666666666666,224.27375,14.541666666666666,73.39166666666667,4.14,24.0775,1013.5375,12.188333333333333,,23.705,22.25125,7.16375,121.58541666666667,1.1325,12.22125,199.84625000000003,0.9475,11.781666666666666,224.27375,14.541666666666666,73.39166666666667,4.14,24.0775,1013.5375,12.188333333333333,,23.705,22.25125,7.16375,121.58541666666667,1.1325,12.22125,199.84625000000003,0.9475,11.781666666666666,224.27375,14.541666666666666,73.39166666666667,4.14,24.0775,1013.5375,12.188333333333333,,1.08,6.17
KGT,Kwinana Grain Terminal,Feb. 25,"2020, 1 p.m.",25-Feb-20   1 p.m.,5,Fair,-,2020,1 PM,Feb 25 2020 1 PM,2020-02-25 13:00:00,2020-02-25 13:00:00+08:00,2020-02-25 05:00:00+00:00,2020-02-25,05:00:00,970,2020-02-25,23.705,22.25125,7.16375,121.58541666666667,1.1325,12.22125,199.84625000000003,0.9475,11.781666666666666,224.27375,14.541666666666666,73.39166666666667,4.14,24.0775,1013.5375,12.188333333333333,,23.705,22.25125,7.16375,121.58541666666667,1.1325,12.22125,199.84625000000003,0.9475,11.781666666666666,224.27375,14.541666666666666,73.39166666666667,4.14,24.0775,1013.5375,12.188333333333333,,23.705,22.25125,7.16375,121.58541666666667,1.1325,12.22125,199.84625000000003,0.9475,11.781666666666666,224.27375,14.541666666666666,73.39166666666667,4.14,24.0775,1013.5375,12.188333333333333,,4.18,6.17
AMJ,Ammo Jetty,Feb. 25,"2020, 10 a.m.",25-Feb-20   10 a.m.,4,Fair,-,2020,10 AM,Feb 25 2020 10 AM,2020-02-25 10:00:00,2020-02-25 10:00:00+08:00,2020-02-25 02:00:00+00:00,2020-02-25,02:00:00,971,2020-02-25,26.94833333333333,28.168333333333333,6.18625,113.94916666666668,1.2454166666666666,12.243333333333332,203.4925,1.1208333333333331,11.22125,217.39125,12.75,54.17083333333333,2.63,22.749166666666667,1012.7995833333332,11.90125,,26.94833333333333,28.168333333333333,6.18625,113.94916666666668,1.2454166666666666,12.243333333333332,203.4925,1.1208333333333331,11.22125,217.39125,12.75,54.17083333333333,2.63,22.749166666666667,1012.7995833333332,11.90125,,26.94833333333333,28.168333333333333,6.18625,113.94916666666668,1.2454166666666666,12.243333333333332,203.4925,1.1208333333333331,11.22125,217.39125,12.75,54.17083333333333,2.63,22.749166666666667,1012.7995833333332,11.90125,,5.529999999999999,7.58
PPR,Point Peron,Feb. 24,"2020, 9 a.m.",24-Feb-20   9 a.m.,8,Fair,-,2020,9 AM,Feb 24 2020 9 AM,2020-02-24 09:00:00,2020-02-24 09:00:00+08:00,2020-02-24 01:00:00+00:00,2020-02-24,01:00:00,972,2020-02-24,23.35125,22.33875,6.117916666666667,119.81791666666668,1.16,13.308750000000002,215.1470833333333,1.0579166666666666,12.15625,226.86125,42.60416666666666,74.5125,3.86,22.07708333333333,1012.5725,10.144583333333332,,23.35125,22.33875,6.117916666666667,119.81791666666668,1.16,13.308750000000002,215.1470833333333,1.0579166666666666,12.15625,226.86125,42.60416666666666,74.5125,3.86,22.07708333333333,1012.5725,10.144583333333332,,23.35125,22.33875,6.117916666666667,119.81791666666668,1.16,13.308750000000002,215.1470833333333,1.0579166666666666,12.15625,226.86125,42.60416666666666,74.5125,3.86,22.07708333333333,1012.5725,10.144583333333332,,1.4699999999999998,2.69
NMF,North Mole Fremantle,Feb. 23,"2020, 9 a.m.",23-Feb-20   9 a.m.,12,Fair,A bit more milky.,2020,9 AM,Feb 23 2020 9 AM,2020-02-23 09:00:00,2020-02-23 09:00:00+08:00,2020-02-23 01:00:00+00:00,2020-02-23,01:00:00,973,2020-02-23,23.30708333333333,22.665000000000003,6.35625,146.61,1.6208333333333331,14.600416666666668,221.61291666666668,1.5445833333333334,12.004583333333334,225.6120833333333,55.4375,77.24583333333334,2.31,21.7325,1010.8604166666668,9.000416666666666,,23.30708333333333,22.665000000000003,6.35625,146.61,1.6208333333333331,14.600416666666668,221.61291666666668,1.5445833333333334,12.004583333333334,225.6120833333333,55.4375,77.24583333333334,2.31,21.7325,1010.8604166666668,9.000416666666666,,23.30708333333333,22.665000000000003,6.35625,146.61,1.6208333333333331,14.600416666666668,221.61291666666668,1.5445833333333334,12.004583333333334,225.6120833333333,55.4375,77.24583333333334,2.31,21.7325,1010.8604166666668,9.000416666666666,,0.54,0.5700000000000001
KGT,Kwinana Grain Terminal,Feb. 23,"2020, 8 a.m.",23-Feb-20   8 a.m.,2,Fair,-,2020,8 AM,Feb 23 2020 8 AM,2020-02-23 08:00:00,2020-02-23 08:00:00+08:00,2020-02-23 00:00:00+00:00,2020-02-23,00:00:00,974,2020-02-23,22.986666666666665,22.44375,6.24375,147.95458333333332,1.4283333333333337,14.573333333333332,224.30625,1.3479166666666669,12.110416666666666,230.12166666666667,60.66666666666666,76.57916666666667,1.23,22.22375,1011.5645833333332,9.305416666666666,,22.986666666666665,22.44375,6.24375,147.95458333333332,1.4283333333333337,14.573333333333332,224.30625,1.3479166666666669,12.110416666666666,230.12166666666667,60.66666666666666,76.57916666666667,1.23,22.22375,1011.5645833333332,9.305416666666666,,22.986666666666665,22.44375,6.24375,147.95458333333332,1.4283333333333337,14.573333333333332,224.30625,1.3479166666666669,12.110416666666666,230.12166666666667,60.66666666666666,76.57916666666667,1.23,22.22375,1011.5645833333332,9.305416666666666,,1.7,3.26
CAM,Camilla Wreck,Feb. 22,"2020, 10 a.m.",22-Feb-20   10 a.m.,4,Glassy,Wreck well exposed,2020,10 AM,Feb 22 2020 10 AM,2020-02-22 10:00:00,2020-02-22 10:00:00+08:00,2020-02-22 02:00:00+00:00,2020-02-22,02:00:00,975,2020-02-22,25.970416666666665,27.202916666666667,3.8508333333333336,121.23833333333334,1.2891666666666666,18.047083333333333,238.60125,1.2745833333333334,13.577916666666669,238.06458333333333,74.83333333333333,51.81666666666666,0.21,24.135416666666668,1011.7,4.060833333333333,,25.970416666666665,27.202916666666667,3.8508333333333336,121.23833333333334,1.2891666666666666,18.047083333333333,238.60125,1.2745833333333334,13.577916666666669,238.06458333333333,74.83333333333333,51.81666666666666,0.21,24.135416666666668,1011.7,4.060833333333333,,25.970416666666665,27.202916666666667,3.8508333333333336,121.23833333333334,1.2891666666666666,18.047083333333333,238.60125,1.2745833333333334,13.577916666666669,238.06458333333333,74.83333333333333,51.81666666666666,0.21,24.135416666666668,1011.7,4.060833333333333,,0.12,0.12
AMJ,Ammo Jetty,Feb. 22,"2020, 10 a.m.",22-Feb-20   10 a.m.,3,Fair,-,2020,10 AM,Feb 22 2020 10 AM,2020-02-22 10:00:00,2020-02-22 10:00:00+08:00,2020-02-22 02:00:00+00:00,2020-02-22,02:00:00,976,2020-02-22,25.970416666666665,27.202916666666667,4.2370833333333335,124.14041666666668,1.419166666666667,18.047083333333333,230.7458333333333,1.4058333333333335,13.657916666666669,230.99,74.83333333333333,51.81666666666666,0.21,24.135416666666668,1011.7,4.060833333333333,,25.970416666666665,27.202916666666667,4.2370833333333335,124.14041666666668,1.419166666666667,18.047083333333333,230.7458333333333,1.4058333333333335,13.657916666666669,230.99,74.83333333333333,51.81666666666666,0.21,24.135416666666668,1011.7,4.060833333333333,,25.970416666666665,27.202916666666667,4.2370833333333335,124.14041666666668,1.419166666666667,18.047083333333333,230.7458333333333,1.4058333333333335,13.657916666666669,230.99,74.83333333333333,51.81666666666666,0.21,24.135416666666668,1011.7,4.060833333333333,,0.12,0.12
NMF,North Mole Fremantle,Feb. 22,"2020, 9 a.m.",22-Feb-20   9 a.m.,20,Fair,Best viz I've ever seen in PER,2020,9 AM,Feb 22 2020 9 AM,2020-02-22 09:00:00,2020-02-22 09:00:00+08:00,2020-02-22 01:00:00+00:00,2020-02-22,01:00:00,977,2020-02-22,23.33625,22.535833333333333,4.2370833333333335,124.14041666666668,1.419166666666667,18.047083333333333,230.7458333333333,1.4058333333333335,13.657916666666669,230.99,50.833333333333336,76.89999999999999,0.54,24.135416666666668,1011.42125,5.506666666666667,,23.33625,22.535833333333333,4.2370833333333335,124.14041666666668,1.419166666666667,18.047083333333333,230.7458333333333,1.4058333333333335,13.657916666666669,230.99,50.833333333333336,76.89999999999999,0.54,24.135416666666668,1011.42125,5.506666666666667,,23.33625,22.535833333333333,4.2370833333333335,124.14041666666668,1.419166666666667,18.047083333333333,230.7458333333333,1.4058333333333335,13.657916666666669,230.99,50.833333333333336,76.89999999999999,0.54,24.135416666666668,1011.42125,5.506666666666667,,0.03,0.03
MET,Mettam’s Pool,Feb. 20,"2020, 5 p.m.",20-Feb-20   5 p.m.,5,Fair,-,2020,5 PM,Feb 20 2020 5 PM,2020-02-20 17:00:00,2020-02-20 17:00:00+08:00,2020-02-20 09:00:00+00:00,2020-02-20,09:00:00,978,2020-02-20,29.504583333333333,30.52125,4.298333333333333,124.84125,1.2245833333333334,13.00875,220.83541666666667,1.1966666666666663,12.133333333333333,222.69833333333332,90.64583333333331,29.941666666666663,0.0,24.135,1013.9475,6.5225,,29.504583333333333,30.52125,4.298333333333333,124.84125,1.2245833333333334,13.00875,220.83541666666667,1.1966666666666663,12.133333333333333,222.69833333333332,90.64583333333331,29.941666666666663,0.0,24.135,1013.9475,6.5225,,29.504583333333333,30.52125,4.298333333333333,124.84125,1.2245833333333334,13.00875,220.83541666666667,1.1966666666666663,12.133333333333333,222.69833333333332,90.64583333333331,29.941666666666663,0.0,24.135,1013.9475,6.5225,,0.6900000000000001,2.79
BUL,Bulk Jetty,Feb. 20,"2020, 2 p.m.",20-Feb-20   2 p.m.,2,Fair,Very low vis. Down to 1m.,2020,2 PM,Feb 20 2020 2 PM,2020-02-20 14:00:00,2020-02-20 14:00:00+08:00,2020-02-20 06:00:00+00:00,2020-02-20,06:00:00,979,2020-02-20,29.504583333333333,30.52125,4.449166666666667,128.14624999999998,0.99,13.00875,224.9595833333333,0.9316666666666666,12.15125,230.10625,90.64583333333331,29.941666666666663,0.0,24.135,1013.9475,6.5225,,29.504583333333333,30.52125,4.449166666666667,128.14624999999998,0.99,13.00875,224.9595833333333,0.9316666666666666,12.15125,230.10625,90.64583333333331,29.941666666666663,0.0,24.135,1013.9475,6.5225,,29.504583333333333,30.52125,4.449166666666667,128.14624999999998,0.99,13.00875,224.9595833333333,0.9316666666666666,12.15125,230.10625,90.64583333333331,29.941666666666663,0.0,24.135,1013.9475,6.5225,,1.41,2.79
WOO,Woodman Point,Feb. 20,"2020, 10 a.m.",20-Feb-20   10 a.m.,5,Windy,Lots of stingers,2020,10 AM,Feb 20 2020 10 AM,2020-02-20 10:00:00,2020-02-20 10:00:00+08:00,2020-02-20 02:00:00+00:00,2020-02-20,02:00:00,980,2020-02-20,25.04041666666667,22.50375,4.449166666666667,128.14624999999998,0.99,13.00875,224.9595833333333,0.9316666666666666,12.15125,230.10625,86.04166666666667,64.80833333333334,0.0,24.135,1013.5966666666668,5.086250000000001,,25.04041666666667,22.50375,4.449166666666667,128.14624999999998,0.99,13.00875,224.9595833333333,0.9316666666666666,12.15125,230.10625,86.04166666666667,64.80833333333334,0.0,24.135,1013.5966666666668,5.086250000000001,,25.04041666666667,22.50375,4.449166666666667,128.14624999999998,0.99,13.00875,224.9595833333333,0.9316666666666666,12.15125,230.10625,86.04166666666667,64.80833333333334,0.0,24.135,1013.5966666666668,5.086250000000001,,3.57,3.85
NMF,North Mole Fremantle,Feb. 19,"2020, 8 p.m.",19-Feb-20   8 p.m.,12,Fair,-,2020,8 PM,Feb 19 2020 8 PM,2020-02-19 20:00:00,2020-02-19 20:00:00+08:00,2020-02-19 12:00:00+00:00,2020-02-19,12:00:00,981,2020-02-19,24.44,22.402916666666663,4.10375,132.91083333333333,1.346666666666667,13.762083333333337,224.97583333333333,1.3258333333333334,11.840000000000002,226.2145833333333,85.89583333333333,67.29583333333333,3.76,23.63208333333333,1011.1995833333334,7.042916666666667,,24.44,22.402916666666663,4.10375,132.91083333333333,1.346666666666667,13.762083333333337,224.97583333333333,1.3258333333333334,11.840000000000002,226.2145833333333,85.89583333333333,67.29583333333333,3.76,23.63208333333333,1011.1995833333334,7.042916666666667,,24.44,22.402916666666663,4.10375,132.91083333333333,1.346666666666667,13.762083333333337,224.97583333333333,1.3258333333333334,11.840000000000002,226.2145833333333,85.89583333333333,67.29583333333333,3.76,23.63208333333333,1011.1995833333334,7.042916666666667,,2.66,2.66
AMJ,Ammo Jetty,Feb. 19,"2020, 7 p.m.",19-Feb-20   7 p.m.,8,Fair,Night dive,2020,7 PM,Feb 19 2020 7 PM,2020-02-19 19:00:00,2020-02-19 19:00:00+08:00,2020-02-19 11:00:00+00:00,2020-02-19,11:00:00,982,2020-02-19,28.63125,30.19,4.10375,132.91083333333333,1.346666666666667,13.762083333333337,224.97583333333333,1.3258333333333334,11.840000000000002,226.2145833333333,87.45833333333333,39.770833333333336,1.61,23.25791666666667,1011.4704166666668,8.1725,,28.63125,30.19,4.10375,132.91083333333333,1.346666666666667,13.762083333333337,224.97583333333333,1.3258333333333334,11.840000000000002,226.2145833333333,87.45833333333333,39.770833333333336,1.61,23.25791666666667,1011.4704166666668,8.1725,,28.63125,30.19,4.10375,132.91083333333333,1.346666666666667,13.762083333333337,224.97583333333333,1.3258333333333334,11.840000000000002,226.2145833333333,87.45833333333333,39.770833333333336,1.61,23.25791666666667,1011.4704166666668,8.1725,,2.5700000000000003,2.5700000000000003
LEN,Lena Wreck,Feb. 16,"2020, 11 a.m.",16-Feb-20   11 a.m.,15,Fair,"Great dive 23 temp, plenty of",2020,11 AM,Feb 16 2020 11 AM,2020-02-16 11:00:00,2020-02-16 11:00:00+08:00,2020-02-16 03:00:00+00:00,2020-02-16,03:00:00,983,2020-02-16,18.5875,20.4825,7.717916666666666,186.105,1.6629166666666666,13.965416666666668,244.12125,1.5266666666666666,11.277500000000002,249.9808333333333,15.229166666666666,72.34583333333333,0.0,24.13416666666667,1017.5316666666666,8.02875,,18.5875,20.4825,7.717916666666666,186.105,1.6629166666666666,13.965416666666668,244.12125,1.5266666666666666,11.277500000000002,249.9808333333333,15.229166666666666,72.34583333333333,0.0,24.13416666666667,1017.5316666666666,8.02875,,18.5875,20.4825,7.717916666666666,186.105,1.6629166666666666,13.965416666666668,244.12125,1.5266666666666666,11.277500000000002,249.9808333333333,15.229166666666666,72.34583333333333,0.0,24.13416666666667,1017.5316666666666,8.02875,,0.0,0.0
PPR,Point Peron,Feb. 16,"2020, 9 a.m.",16-Feb-20   9 a.m.,5,Fair,-,2020,9 AM,Feb 16 2020 9 AM,2020-02-16 09:00:00,2020-02-16 09:00:00+08:00,2020-02-16 01:00:00+00:00,2020-02-16,01:00:00,984,2020-02-16,19.70625,21.849166666666665,8.035416666666666,183.48541666666665,1.56125,14.199583333333337,228.26625,1.3304166666666666,10.59125,237.35875,8.8125,75.29166666666667,0.0,24.13416666666667,1016.77,9.85875,,19.70625,21.849166666666665,8.035416666666666,183.48541666666665,1.56125,14.199583333333337,228.26625,1.3304166666666666,10.59125,237.35875,8.8125,75.29166666666667,0.0,24.13416666666667,1016.77,9.85875,,19.70625,21.849166666666665,8.035416666666666,183.48541666666665,1.56125,14.199583333333337,228.26625,1.3304166666666666,10.59125,237.35875,8.8125,75.29166666666667,0.0,24.13416666666667,1016.77,9.85875,,0.0,0.0
AMJ,Ammo Jetty,Feb. 16,"2020, 9 a.m.",16-Feb-20   9 a.m.,2,Fair,-,2020,9 AM,Feb 16 2020 9 AM,2020-02-16 09:00:00,2020-02-16 09:00:00+08:00,2020-02-16 01:00:00+00:00,2020-02-16,01:00:00,985,2020-02-16,21.541666666666668,23.4075,9.11375,182.33875,1.7945833333333334,13.913333333333334,221.86,1.4383333333333337,10.714583333333332,233.46166666666667,8.770833333333334,57.583333333333336,0.0,24.13416666666667,1015.8829166666666,8.174583333333333,,21.541666666666668,23.4075,9.11375,182.33875,1.7945833333333334,13.913333333333334,221.86,1.4383333333333337,10.714583333333332,233.46166666666667,8.770833333333334,57.583333333333336,0.0,24.13416666666667,1015.8829166666666,8.174583333333333,,21.541666666666668,23.4075,9.11375,182.33875,1.7945833333333334,13.913333333333334,221.86,1.4383333333333337,10.714583333333332,233.46166666666667,8.770833333333334,57.583333333333336,0.0,24.13416666666667,1015.8829166666666,8.174583333333333,,0.0,0.0
NMF,North Mole Fremantle,Feb. 16,"2020, 8 a.m.",16-Feb-20   8 a.m.,8,Fair,More thanenough,2020,8 AM,Feb 16 2020 8 AM,2020-02-16 08:00:00,2020-02-16 08:00:00+08:00,2020-02-16 00:00:00+00:00,2020-02-16,00:00:00,986,2020-02-16,20.1975,21.96583333333333,9.11375,182.33875,1.7945833333333334,13.913333333333334,221.86,1.4383333333333337,10.714583333333332,233.46166666666667,15.020833333333334,75.77083333333333,0.0,24.13416666666667,1016.3445833333334,9.649583333333334,,20.1975,21.96583333333333,9.11375,182.33875,1.7945833333333334,13.913333333333334,221.86,1.4383333333333337,10.714583333333332,233.46166666666667,15.020833333333334,75.77083333333333,0.0,24.13416666666667,1016.3445833333334,9.649583333333334,,20.1975,21.96583333333333,9.11375,182.33875,1.7945833333333334,13.913333333333334,221.86,1.4383333333333337,10.714583333333332,233.46166666666667,15.020833333333334,75.77083333333333,0.0,24.13416666666667,1016.3445833333334,9.649583333333334,,0.0,0.0
BUL,Bulk Jetty,Feb. 16,"2020, 8 a.m.",16-Feb-20   8 a.m.,4,Fair,Milky,2020,8 AM,Feb 16 2020 8 AM,2020-02-16 08:00:00,2020-02-16 08:00:00+08:00,2020-02-16 00:00:00+00:00,2020-02-16,00:00:00,987,2020-02-16,21.541666666666668,23.4075,8.035416666666666,183.48541666666665,1.56125,13.913333333333334,228.26625,1.3304166666666666,10.59125,237.35875,8.770833333333334,57.583333333333336,0.0,24.13416666666667,1015.8829166666666,8.174583333333333,,21.541666666666668,23.4075,8.035416666666666,183.48541666666665,1.56125,13.913333333333334,228.26625,1.3304166666666666,10.59125,237.35875,8.770833333333334,57.583333333333336,0.0,24.13416666666667,1015.8829166666666,8.174583333333333,,21.541666666666668,23.4075,8.035416666666666,183.48541666666665,1.56125,13.913333333333334,228.26625,1.3304166666666666,10.59125,237.35875,8.770833333333334,57.583333333333336,0.0,24.13416666666667,1015.8829166666666,8.174583333333333,,0.0,0.0
WAR,Warnbro Sound,Feb. 15,"2020, 2 p.m.",15-Feb-20   2 p.m.,4,Windy,-,2020,2 PM,Feb 15 2020 2 PM,2020-02-15 14:00:00,2020-02-15 14:00:00+08:00,2020-02-15 06:00:00+00:00,2020-02-15,06:00:00,988,2020-02-15,20.70083333333333,21.984166666666667,6.815833333333334,229.61125,1.330833333333333,11.687083333333334,234.93041666666667,1.153333333333333,9.224166666666669,238.06708333333333,42.208333333333336,82.2,0.0,24.133750000000003,1011.43375,7.647916666666667,,20.70083333333333,21.984166666666667,6.815833333333334,229.61125,1.330833333333333,11.687083333333334,234.93041666666667,1.153333333333333,9.224166666666669,238.06708333333333,42.208333333333336,82.2,0.0,24.133750000000003,1011.43375,7.647916666666667,,20.70083333333333,21.984166666666667,6.815833333333334,229.61125,1.330833333333333,11.687083333333334,234.93041666666667,1.153333333333333,9.224166666666669,238.06708333333333,42.208333333333336,82.2,0.0,24.133750000000003,1011.43375,7.647916666666667,,0.0,0.0
NMF,North Mole Fremantle,Feb. 15,"2020, 10 a.m.",15-Feb-20   10 a.m.,7,Fair,-,2020,10 AM,Feb 15 2020 10 AM,2020-02-15 10:00:00,2020-02-15 10:00:00+08:00,2020-02-15 02:00:00+00:00,2020-02-15,02:00:00,989,2020-02-15,20.79875,22.13,7.166250000000001,226.08916666666667,1.49375,13.47,229.85458333333332,1.27,9.4375,233.6208333333333,71.16666666666667,82.85833333333333,0.0,24.133750000000003,1011.5691666666668,7.310833333333334,,20.79875,22.13,7.166250000000001,226.08916666666667,1.49375,13.47,229.85458333333332,1.27,9.4375,233.6208333333333,71.16666666666667,82.85833333333333,0.0,24.133750000000003,1011.5691666666668,7.310833333333334,,20.79875,22.13,7.166250000000001,226.08916666666667,1.49375,13.47,229.85458333333332,1.27,9.4375,233.6208333333333,71.16666666666667,82.85833333333333,0.0,24.133750000000003,1011.5691666666668,7.310833333333334,,0.0,0.0
BUL,Bulk Jetty,Feb. 15,"2020, 9 a.m.",15-Feb-20   9 a.m.,4,Fair,Very popular today,2020,9 AM,Feb 15 2020 9 AM,2020-02-15 09:00:00,2020-02-15 09:00:00+08:00,2020-02-15 01:00:00+00:00,2020-02-15,01:00:00,990,2020-02-15,21.63625,23.409166666666668,6.815833333333334,229.61125,1.330833333333333,13.47,234.93041666666667,1.153333333333333,9.224166666666669,238.06708333333333,61.29166666666666,72.11666666666666,0.0,23.883333333333336,1011.01125,6.202916666666667,,21.63625,23.409166666666668,6.815833333333334,229.61125,1.330833333333333,13.47,234.93041666666667,1.153333333333333,9.224166666666669,238.06708333333333,61.29166666666666,72.11666666666666,0.0,23.883333333333336,1011.01125,6.202916666666667,,21.63625,23.409166666666668,6.815833333333334,229.61125,1.330833333333333,13.47,234.93041666666667,1.153333333333333,9.224166666666669,238.06708333333333,61.29166666666666,72.11666666666666,0.0,23.883333333333336,1011.01125,6.202916666666667,,0.0,0.0
PPR,Point Peron,Feb. 15,"2020, 9 a.m.",15-Feb-20   9 a.m.,4,Fair,-,2020,9 AM,Feb 15 2020 9 AM,2020-02-15 09:00:00,2020-02-15 09:00:00+08:00,2020-02-15 01:00:00+00:00,2020-02-15,01:00:00,991,2020-02-15,20.70083333333333,21.984166666666667,6.815833333333334,229.61125,1.330833333333333,11.687083333333334,234.93041666666667,1.153333333333333,9.224166666666669,238.06708333333333,42.208333333333336,82.2,0.0,24.133750000000003,1011.43375,7.647916666666667,,20.70083333333333,21.984166666666667,6.815833333333334,229.61125,1.330833333333333,11.687083333333334,234.93041666666667,1.153333333333333,9.224166666666669,238.06708333333333,42.208333333333336,82.2,0.0,24.133750000000003,1011.43375,7.647916666666667,,20.70083333333333,21.984166666666667,6.815833333333334,229.61125,1.330833333333333,11.687083333333334,234.93041666666667,1.153333333333333,9.224166666666669,238.06708333333333,42.208333333333336,82.2,0.0,24.133750000000003,1011.43375,7.647916666666667,,0.0,0.0
BSJ,Busselton Jetty,Feb. 14,"2020, 7 a.m.",14-Feb-20   7 a.m.,15,Fair,-,2020,7 AM,Feb 14 2020 7 AM,2020-02-14 07:00:00,2020-02-14 07:00:00+08:00,2020-02-13 23:00:00+00:00,2020-02-13,23:00:00,992,2020-02-13,22.567083333333333,21.36625,7.830833333333333,161.91958333333335,1.6695833333333334,5.590416666666667,218.15541666666664,1.2170833333333333,9.049583333333333,227.67041666666668,48.5,71.9875,0.0,24.13583333333333,1013.1620833333332,9.085,,22.567083333333333,21.36625,7.830833333333333,161.91958333333335,1.6695833333333334,5.590416666666667,218.15541666666664,1.2170833333333333,9.049583333333333,227.67041666666668,48.5,71.9875,0.0,24.13583333333333,1013.1620833333332,9.085,,22.567083333333333,21.36625,7.830833333333333,161.91958333333335,1.6695833333333334,5.590416666666667,218.15541666666664,1.2170833333333333,9.049583333333333,227.67041666666668,48.5,71.9875,0.0,24.13583333333333,1013.1620833333332,9.085,,0.0,2.7
D9W,D9 Wreck,Feb. 11,"2020, noon",11-Feb-20   12 p.m.,5,Fair,-,2020,12 PM,Feb 11 2020 12 PM,2020-02-11 12:00:00,2020-02-11 12:00:00+08:00,2020-02-11 04:00:00+00:00,2020-02-11,04:00:00,993,2020-02-11,22.954166666666666,21.73708333333333,4.256666666666667,109.2625,1.33375,15.174583333333333,235.30541666666667,1.3104166666666666,12.665416666666667,236.05125,14.645833333333334,70.54583333333333,0.0,24.135,1011.99625,8.5025,,22.954166666666666,21.73708333333333,4.256666666666667,109.2625,1.33375,15.174583333333333,235.30541666666667,1.3104166666666666,12.665416666666667,236.05125,14.645833333333334,70.54583333333333,0.0,24.135,1011.99625,8.5025,,22.954166666666666,21.73708333333333,4.256666666666667,109.2625,1.33375,15.174583333333333,235.30541666666667,1.3104166666666666,12.665416666666667,236.05125,14.645833333333334,70.54583333333333,0.0,24.135,1011.99625,8.5025,,0.0,0.0
BIC,Bicton Baths,Feb. 9,"2020, 10 a.m.",9-Feb-20   10 a.m.,3,Fair,-,2020,10 AM,Feb 9 2020 10 AM,2020-02-09 10:00:00,2020-02-09 10:00:00+08:00,2020-02-09 02:00:00+00:00,2020-02-09,02:00:00,994,2020-02-09,21.672916666666666,23.470416666666665,11.205833333333333,162.93791666666667,2.3979166666666667,14.925416666666663,218.91083333333333,1.9366666666666663,11.718333333333334,233.05208333333331,0.0,36.02916666666667,0.0,24.133750000000003,1012.5616666666666,10.099583333333332,,21.672916666666666,23.470416666666665,11.205833333333333,162.93791666666667,2.3979166666666667,14.925416666666663,218.91083333333333,1.9366666666666663,11.718333333333334,233.05208333333331,0.0,36.02916666666667,0.0,24.133750000000003,1012.5616666666666,10.099583333333332,,21.672916666666666,23.470416666666665,11.205833333333333,162.93791666666667,2.3979166666666667,14.925416666666663,218.91083333333333,1.9366666666666663,11.718333333333334,233.05208333333331,0.0,36.02916666666667,0.0,24.133750000000003,1012.5616666666666,10.099583333333332,,0.0,1.45
RTS,Rottnest South,Feb. 8,"2020, noon",8-Feb-20   12 p.m.,15,Fair,Jackson Rock,2020,12 PM,Feb 8 2020 12 PM,2020-02-08 12:00:00,2020-02-08 12:00:00+08:00,2020-02-08 04:00:00+00:00,2020-02-08,04:00:00,995,2020-02-08,19.710416666666667,21.723333333333333,9.502083333333331,195.26041666666663,1.6341666666666663,14.427916666666668,223.71625,1.1270833333333334,10.386666666666668,237.13375,14.25,80.29166666666667,0.03,24.135,1010.8654166666666,10.0925,,19.710416666666667,21.723333333333333,9.502083333333331,195.26041666666663,1.6341666666666663,14.427916666666668,223.71625,1.1270833333333334,10.386666666666668,237.13375,14.25,80.29166666666667,0.03,24.135,1010.8654166666666,10.0925,,19.710416666666667,21.723333333333333,9.502083333333331,195.26041666666663,1.6341666666666663,14.427916666666668,223.71625,1.1270833333333334,10.386666666666668,237.13375,14.25,80.29166666666667,0.03,24.135,1010.8654166666666,10.0925,,0.0,0.0
RTS,Rottnest South,Feb. 8,"2020, 9 a.m.",8-Feb-20   9 a.m.,20,Fair,Crystal caves,2020,9 AM,Feb 8 2020 9 AM,2020-02-08 09:00:00,2020-02-08 09:00:00+08:00,2020-02-08 01:00:00+00:00,2020-02-08,01:00:00,996,2020-02-08,19.710416666666667,21.723333333333333,9.502083333333331,195.26041666666663,1.6341666666666663,14.427916666666668,223.71625,1.1270833333333334,10.386666666666668,237.13375,14.25,80.29166666666667,0.03,24.135,1010.8654166666666,10.0925,,19.710416666666667,21.723333333333333,9.502083333333331,195.26041666666663,1.6341666666666663,14.427916666666668,223.71625,1.1270833333333334,10.386666666666668,237.13375,14.25,80.29166666666667,0.03,24.135,1010.8654166666666,10.0925,,19.710416666666667,21.723333333333333,9.502083333333331,195.26041666666663,1.6341666666666663,14.427916666666668,223.71625,1.1270833333333334,10.386666666666668,237.13375,14.25,80.29166666666667,0.03,24.135,1010.8654166666666,10.0925,,0.0,0.01
CRN,Carnac Island,Feb. 6,"2020, 10 a.m.",6-Feb-20   10 a.m.,15,Glassy,-,2020,10 AM,Feb 6 2020 10 AM,2020-02-06 10:00:00,2020-02-06 10:00:00+08:00,2020-02-06 02:00:00+00:00,2020-02-06,02:00:00,997,2020-02-06,21.326666666666668,21.79583333333333,2.776666666666667,272.03458333333333,0.8154166666666667,13.705833333333333,234.7045833333333,0.8154166666666667,11.3425,234.58541666666667,69.39583333333333,90.07916666666668,0.07,22.41708333333333,1008.8233333333332,3.575,,21.326666666666668,21.79583333333333,2.776666666666667,272.03458333333333,0.8154166666666667,13.705833333333333,234.7045833333333,0.8154166666666667,11.3425,234.58541666666667,69.39583333333333,90.07916666666668,0.07,22.41708333333333,1008.8233333333332,3.575,,21.326666666666668,21.79583333333333,2.776666666666667,272.03458333333333,0.8154166666666667,13.705833333333333,234.7045833333333,0.8154166666666667,11.3425,234.58541666666667,69.39583333333333,90.07916666666668,0.07,22.41708333333333,1008.8233333333332,3.575,,0.0999999999999999,0.1
RNN,Rottnest North,Feb. 4,"2020, 2:02 p.m.",4-Feb-20   2 p.m.,10,Glassy,-,2020,2:02 PM,Feb 4 2020 2:02 PM,2020-02-04 14:02:00,2020-02-04 14:02:00+08:00,2020-02-04 06:02:00+00:00,2020-02-04,06:02:00,998,2020-02-04,26.370416666666667,21.95458333333333,4.953333333333333,92.68666666666668,0.8008333333333333,15.44875,213.27125,0.7233333333333333,11.4125,224.35416666666663,4.541666666666667,57.24166666666667,0.06,23.57875,1009.1208333333334,5.385833333333333,,26.370416666666667,21.95458333333333,4.953333333333333,92.68666666666668,0.8008333333333333,15.44875,213.27125,0.7233333333333333,11.4125,224.35416666666663,4.541666666666667,57.24166666666667,0.06,23.57875,1009.1208333333334,5.385833333333333,,26.370416666666667,21.95458333333333,4.953333333333333,92.68666666666668,0.8008333333333333,15.44875,213.27125,0.7233333333333333,11.4125,224.35416666666663,4.541666666666667,57.24166666666667,0.06,23.57875,1009.1208333333334,5.385833333333333,,0.09,0.09
RNW,Rottnest West,Feb. 4,"2020, 12:04 p.m.",4-Feb-20   12 p.m.,15,Fair,-,2020,12:04 PM,Feb 4 2020 12:04 PM,2020-02-04 12:04:00,2020-02-04 12:04:00+08:00,2020-02-04 04:04:00+00:00,2020-02-04,04:04:00,999,2020-02-04,26.370416666666667,21.97791666666667,4.953333333333333,92.68666666666668,1.3,5.180833333333333,194.86041666666665,0.9133333333333332,8.149583333333334,205.045,4.541666666666667,57.24166666666667,0.06,23.57875,1009.1208333333334,5.385833333333333,,26.370416666666667,21.97791666666667,4.953333333333333,92.68666666666668,1.3,5.180833333333333,194.86041666666665,0.9133333333333332,8.149583333333334,205.045,4.541666666666667,57.24166666666667,0.06,23.57875,1009.1208333333334,5.385833333333333,,26.370416666666667,21.97791666666667,4.953333333333333,92.68666666666668,1.3,5.180833333333333,194.86041666666665,0.9133333333333332,8.149583333333334,205.045,4.541666666666667,57.24166666666667,0.06,23.57875,1009.1208333333334,5.385833333333333,,0.09,0.09
